:020000040800F2
:10000000D0410224AD04000869D40008A9CA000840
:1000100061D40008194E0008310E010800000000EC
:1000200000000000000000000000000031D70008C0
:10003000115400080000000081D4000869D70008AE
:10004000CB040008CB040008CB040008CB04000854
:10005000CB040008CB040008CB040008CB04000844
:1000600021540008CB040008CB040008014F00080D
:10007000114F0008214F0008314F0008414F000880
:10008000514F0008614F0008CB0400086954000874
:1000900079540008CB040008CB040008CB04000806
:1000A000CB040008CB040008CB040008CB040008F4
:1000B000CB040008CB04000861D80008CB0400087A
:1000C000CB040008CB040008CB040008CB040008D4
:1000D000CB040008D1E90008E1E90008F1E90008D3
:1000E00019540008CB04000800000000CB040008ED
:1000F00091D8000881D80008CB040008714F00088F
:10010000CB040008CB040008CB040008CB04000893
:1001100001DA0008CB04000871D80008CB040008FD
:10012000814F0008914F0008A14F0008B14F00080F
:10013000C14F0008CB040008CB040008CB04000822
:1001400000000000000000000000000000000000AF
:10015000D14F0008E14F0008F14F000801EA000804
:10016000CB040008CB040008CB040008CB04000833
:10017000CB04000871D40008CB0400080000000084
:10018000CB040008CB04000811DA000821DA0008CB
:10019000CB040008CB040008CB040008CB04000803
:1001A000CB040008CB040008CB04000800000000CA
:1001B000CB040008CB040008CB040008CB040008E3
:1001C000CB040008CB040008000000000000000081
:1001D0000000000000000000CB0400080000000048
:1001E000000000000000000000000000000000000F
:1001F0000000000000000000CB040008CB04000851
:10020000CB040008CB04000800000000CB04000869
:10021000CB040008CB040008CB040008CB04000882
:10022000CB04000800000000CB0400080000000020
:10023000CB040008CB04000800000000CB04000839
:10024000CB040008CB040008CB040008CB04000852
:10025000CB040008CB040008CB040008CB04000842
:10026000CB040008CB040008CB040008CB04000832
:10027000CB040008CB040008CB04000800000000F9
:10028000CB040008CB040008CB040008CB04000812
:1002900000000000CB040008CB04000800000000B0
:1002A00000000000CB040008CB040008CB040008C9
:1002B000C1E90008CB040008CB04000889540008F9
:1002C000CB040008CB040008CB04000800F002F8BF
:1002D00000F0DCF814A696E8000CB244B344DA450A
:1002E00001D100F0D3F8BAE80F000FA696E830006D
:1002F000A5EB040504EB0607AAEB0704A7F1010729
:100300004FEA15154FEA3414A4F10104AC4201D3AD
:1003100000F0BCF813F0010F18BFFB1A43F0010303
:1003200000F001F8DBE7184798F00300B8F003008D
:100330000A444FF0000C10F8013B13F0070408BF0B
:1003400010F8014B1D1108BF10F8015B641E05D0A9
:1003500010F8016B641E01F8016BF9D113F0080F5E
:100360001EBF10F8014BAD1C0C1B09D16D1E58BFF0
:1003700001F801CBFAD505E014F8016B01F8016B27
:100380006D1EF9D59142D6D370470000704700002A
:100390000023002400250026103A28BF78C1FBD88E
:1003A000520728BF30C148BF0B6070476E2901F06B
:1003B0008986702901F0CD8766293BF0728765290F
:1003C0003BF06F8767293BF06C8761293BF06B87B7
:1003D00003681B0A28BF41F08001692901F03686B5
:1003E000642901F03386752901F030866F2901F008
:1003F0005B87782901F09987E92901F0F586E429DE
:1004000001F0F286F52901F0EF86EF2901F0588717
:10041000F82901F098870368DB0928BF41F08001C3
:10042000632903F0C285732903F0C785E32903F02C
:10043000E585F32903F0EA85002070471FB53BF0FE
:10044000A5FE9DE8030000F0BFFB01F013FD0400D2
:10045000002000213BF0CCFD401C6060002000210A
:100460003BF0F2FDE060002000213BF0D7FD206171
:1004700001F0BEF900F0F0FE00F0BAF91FBD10B5B2
:10048000002001F083F900F050FF10BD01F0CCFC1A
:100490001146FFF7D3FF37F06BFB03F012F903B4FB
:1004A000FFF7EDFF03BC37F0BBF800000A488047B8
:1004B0000A4880470A480047FEE7FEE7FEE7FEE7F6
:1004C000FEE7FEE7FEE7FEE7FEE7FEE70548064932
:1004D000064A074B704700003954000889D70008C6
:1004E000CD020008D03B0224D0410224D03D02249A
:1004F000D03D0224704753EA020C00F069802DE9D8
:10050000F04B4FF00006002B1FBFB3FA83F503FA40
:1005100005F424FA05F65E4012BF1643B2FA82F5DE
:1005200002FA05F4C5F120051EBF22FA05FC44EAD3
:100530000C04203556EA044C4FEA144418BF641CDE
:100540004FF000084FF00009904271EB030C39D3D3
:10055000002919BFB1FA81F701FA07F6B0FA80F75E
:1005600000FA07F6C7F120071EBF20FA07FC46EA8B
:100570000C062037B6FBF4FCA7EB0507103F07F08D
:100580001F0BCBF120062CFA06F60CFA0BFB44BF2E
:10059000B3460026202FA4BF5E464FF0000B5BEA57
:1005A000060C08BF4FF0010B19EB0B0948EB0608CE
:1005B000ABFB027C06FB02CC0BFB03CCC01B71EB3C
:1005C0000C01C1E70B46024641464846BDE8F08BA8
:1005D00013B5084318BF4FF0FF300146AFF300805A
:1005E000BDE81C4070470B460146184600F028BA8B
:1005F00040EA010310B59B070FD1042A0DD310C8A0
:1006000008C9121F9C42F8D020BA19BA884201D9F1
:10061000012010BD4FF0FF3010BD1AB1D30703D039
:10062000521C07E0002010BD10F8013B11F8014BEF
:100630001B1B07D110F8013B11F8014B1B1B01D10B
:10064000921EF1D1184610BD032A40F2308010F0FE
:10065000030C00F0158011F8013BBCF1020F62445D
:1006600098BF11F801CB00F8013B38BF11F8013BEE
:10067000A2F1040298BF00F801CB38BF00F8013B9B
:1006800011F0030300F02580083AC0F0088051F80B
:10069000043B083A51F804CBA0E80810F5E7121D16
:1006A0005CBF51F8043B40F8043BAFF30080D20735
:1006B00024BF11F8013B11F801CB48BF11F8012B01
:1006C00024BF00F8013B00F801CB48BF00F8012B24
:1006D000704710B5203AC0F00B80B1E81850A0E880
:1006E0001850B1E81850A0E81850203ABFF4F5AF00
:1006F0005FEA027C24BFB1E81850A0E8185044BF5C
:1007000018C918C0BDE810405FEA827C24BF51F8C8
:10071000043B40F8043B08BF7047D20728BF31F8BC
:10072000023B48BF11F8012B28BF20F8023B48BF0D
:1007300000F8012B704702F0FF0343EA032242EA6C
:10074000024200F00AB802F0FF0343EA032242EA41
:10075000024200F024B84FF000020429C0F01280D9
:1007600010F0030C00F01B80CCF1040CBCF1020F64
:1007700018BF00F8012BA8BF20F8022BA1EB0C0139
:1007800000F00DB85FEAC17C24BF00F8012B00F82F
:10079000012B48BF00F8012B70474FF0000200B555
:1007A000134694469646203922BFA0E80C50A0E894
:1007B0000C50B1F12001BFF4F7AF090728BFA0E842
:1007C0000C5048BF0CC05DF804EB890028BF40F80E
:1007D000042B08BF704748BF20F8022B11F0804F50
:1007E00018BF00F8012B7047704770477047000032
:1007F00008487CB57844009007487844009C05463A
:10080000019004E02046016808448047241DAC4262
:10081000F8D17CBDA4EE0300C6EE0300704770B5AE
:10082000064600F0ADF9056806F10B0020F007045C
:10083000B4429CBF002070BD2B466A68BAB11068F4
:10084000A04210D304F1080188423CBF50685860B0
:1008500007D35168101941601168091B0160586085
:100860001460101D70BD13465268002AE7D121465E
:10087000284600F095F90028DED170BD70B5044619
:10088000051F00F07DF90068002C14BF446870BD9E
:10089000002C18BFAC423CBF20466468F8D3016806
:1008A0000A18AA4218BF456003D12A6805461144B8
:1008B000016028684119A1421CBF6C6070BD61686D
:1008C000696021680844286070BD2DE9F0479146B1
:1008D0000C46804600F054F90768604234EA000094
:1008E00001D1042C02D20520BDE8F087601E40F043
:1008F000070609F10B0020F007054D4539D93B46A5
:100900007A6882B31468101D404206EA000C644500
:1009100025D9A4EB0C00854221D8BCF1000F0BD0E7
:10092000104601686244A1EB0C01116041685160FE
:10093000C0F800C058600346116805F10800814204
:1009400005D35019491B016015605860034652F8E1
:10095000040F58600020C8F80020BDE8F087134657
:100960005268002ACED12946384600F019F90028ED
:10097000C5D10620BDE8F08710B500F009F9006880
:1009800010BD10B5044600F003F9046010BD00006E
:1009900070B50446C068810713D0800601D5A56AEA
:1009A00004E0A169606808442169451A204600F006
:1009B0000FFC002206462946204600F02BFB30465D
:1009C00070BD002070BD70B510B1BDE87040DFE7AC
:1009D0000025074C6E1E07E02046FFF7D9FF00B147
:1009E0003546206D20F00104002CF5D1284670BD5D
:1009F000A00300243BF056BACA68431C0FD00D4B2D
:100A00001A420CD1D3070AD081F825004B680B633A
:100A100000238B6012F0C06F0B6003D004E04FF036
:100A2000FF30704742F00072034B1A40034B1A43E9
:100A3000CA60704780200800BFFFDFFF0010480039
:100A40002DE9F041074615460E461020FFF7E7FE58
:100A5000040013D06760C4E902650948AFF3008061
:100A600000F092F8016821600649046000200860E7
:100A70000348AFF300800020BDE8F0810120FBE7D0
:100A8000100000240C00002470472DE9FC470E469E
:100A900081466F4601F138020146384600F039FEC2
:100AA00004004FF0FF3824D500F072F804210160F3
:100AB0000CE0B568002D0CDC31463878002200F0DF
:100AC000B7F9401C02D0641E7F1C12E04046BDE80E
:100AD000FC87A54200DD254639462A467068FFF7A7
:100AE000B3FD70682F4428447060B068401B641BDD
:100AF000B060002CDDDC4846E9E701F02CB90000CD
:100B0000421C0DD0CA6812F4025F09D1D20707D087
:100B100091F84820012A03D805D191F849303BB912
:100B20004FF0FF3070471AB94FF0000381F8493099
:100B300001EB420302F1010281F84820A3F84000D2
:100B4000CA6812F0C06F02D142F08062CA60064BE0
:100B500042EA030222F04002CA600A68002AE1DD8C
:100B600052420A60704700000010400000207047A9
:100B700010B501F07FF9001D10BD00BF75B4030072
:100B800000487047A404002400487047D40400249F
:100B9000004870479C0400247047704770477047B6
:100BA00038B504460A4600206946AFF300800028A5
:100BB00008BF38BD02460099204601F05FF90120C8
:100BC00038BD012002F094BDF8B5AFF300800546B2
:100BD00000200C460C2000BF0646A819A0420DD9E3
:100BE000324669460020AFF30080070008BF02F0DC
:100BF0007FFD0098A04218BF0546C419FFF7C0FF4B
:100C000005600746F01D20F007004619284600F051
:100C10000AF8B44208BFF8BDA21B31463868BDE8E7
:100C2000F84001F02BB900210160416070470C20B1
:100C3000704770B50D460646041FFFF7A1FF026816
:100C4000BDB1DEB105F10B0020F00701A9423CBFA8
:100C5000002070BD23688B4238BF506813D35A1AE6
:100C6000082A36D3601840F8042B2160FFF706FEEF
:100C70002FE03046FFF702FE002070BD2846BDE899
:100C80007040FFF7CCBD002818BFA0423CBF024611
:100C90004068F8D303EB040C84451CD1D0F800C0A5
:100CA0006344994217D8A3EB010CBCF1080F0DD394
:100CB000D0F804C06318C3F804C0D4F800C00068BA
:100CC0006044401A18602160536002E0236040686D
:100CD0005060201D70BD2846FFF7A1FD050008D01B
:100CE00031462068021F2846FFF7F3FC201DFFF75E
:100CF000C5FD284670BD10B501F0DAF800F0080017
:100D000010BD2DE9F0410F46134615460A4606462A
:100D10000021084601F01AF90446401CFFF77FFD48
:100D2000306030B1611C2B463A46BDE8F04101F01D
:100D30000DB94FF0FF30BDE8F08100000FB41CB5D5
:100D40000C0007AA009007D04142A14202D32044E0
:100D5000401E01E04FF0FF30074B7B446946019095
:100D6000069801F0C8F90021002C01D0009A1170FA
:100D70001CBC5DF814FB0000BF1300007CB51D46D1
:100D800016460C00009007D04142A14202D32044F5
:100D9000401E01E04FF0FF30064B7B442A46694677
:100DA0000190304601F0A7F9002C02D0009A0021F2
:100DB00011707CBD7F13000000B58DB009900092CA
:100DC0000B904FF0FF300A9000200C9005487844BB
:100DD0000690054878446A46079009A801F0CCFFC0
:100DE0000DB000BDC71F0000DF1F00000FB400B52D
:100DF0008DB010A9099000910B904FF0FF300A9030
:100E000000200C90064878440690064878446A46CC
:100E100007900F9909A801F0AFFF0DB05DF814FB22
:100E20008F1F0000A71F000002F032B802F078B850
:100E30002DE9F05F054617460C46C86820F42010DF
:100E400040F48000C860800602D5084600F0E3F94F
:100E5000E06841F282014FF0FF3A0140022903D0DD
:100E6000204600F075F9B9E000F42041B1F5004FDB
:100E70000FD1C00306D56168E06A884200D80846F1
:100E8000606006E02069E0626060606936F0D0FB77
:100E9000A061A0680022EEB200280DDAE1688B059F
:100EA0000AD4C043A06041F490302260E0606068E2
:100EB000411C61600670AAE0E0689146226040F43F
:100EC0000050E060206978BB606936F0B5FB04F142
:100ED00024054FF00108A8B1A08910F4407F08D084
:100EE000E069FFF79CFC206118B1E06840F4006005
:100EF00017E0C4F81C802561E06820F4407040F4DD
:100F000080600EE0E069FFF78AFC00282061F0D0E5
:100F1000E06840F4006010F4407FE06002D140F4EB
:100F20008070E06020696060E06825696FF0010B07
:100F3000C1051ED56168E06A884200D80846411B99
:100F400004D02246284600F00DF9E8BB1FB1E56247
:100F5000C4E9015959E0681CE0626060E069401E24
:100F6000A060E06840F48030E06030462E70BDE85C
:100F7000F09F17B100F480320AE06068411C6160A4
:100F80000670E0680A2E40F48030E06006D000224F
:100F9000E16A6068814203D90B4602E00122F7E76B
:100FA0000346B4F80CC05B1B5FEA4C5C04D4D4F875
:100FB0001CC09C4500DD02B3814200D80146002BD5
:100FC000A1EB0008E56200E008E0C4E9015907DD93
:100FD00022461946284600F0C5F808B15046C6E733
:100FE000B8F1000F09D0A169E5626560A1EB0800C6
:100FF000A061E06840F01000E06047B16168A0695E
:10100000E562491B08446560A0615846AFE7304679
:10101000ADE700002DE9F041044616460D4647694C
:10102000007B80072ED0384636F006FB50BB3EB31F
:10103000012E02D0022E25D104E0204600F066F8F1
:1010400005441DE0384636F0F3FAE168002841F027
:101050001001E16005DA204600F07AF80120BDE8D1
:10106000F081C9030BD56268E16A914200D811464C
:10107000A26911442269891A814200DD08460544AB
:10108000002D01DA0220EAE7E16A6068E268814245
:1010900006D29103E06203D522F4003141F0100240
:1010A000A6690027AE4213DCE16A814201D90B46F2
:1010B00000E0034603EB060C2369ACEB030CAC45E4
:1010C00006DD814201D98C4600E084469C4505D16D
:1010D000A760276042F02000A5620DE0AD1BE66925
:1010E000AE1B8142A66000D90846C01A281A2060AB
:1010F0005819606022F0200003490840E060002099
:1011000084F84870ABE70000BFCFD7FF10B50146A9
:10111000C268900703D0900607D5886A0AE0FFF7F7
:1011200037FD01210160881E10BD8B694868184495
:101130000B69C01A91F848301BB191F84910401A58
:1011400010BD1103FCD50028FADD401E10BD0000C3
:10115000C16821F4001141F08001C160002181606B
:10116000016070472DE9F74F15460C464FF0FF3BE5
:101170003848D768D2F814A0074209D05046A96968
:1011800036F07AFA002819DB3248C0430740EF6096
:101190004FF000496FF000484C4501D3464600E04F
:1011A000264600993B465046324636F069FAA96910
:1011B00020F00042B21A1144A96128B12846FFF775
:1011C000C7FF5846BDE8FE8FA41BE5D10020F9E714
:1011D00070B504460569C06A6168884200D808464F
:1011E000E16821F42011E160C90312D5A84208D0BA
:1011F0002246411B2846FFF7B5FF10B14FF0FF30E4
:1012000070BD0020E562C4E90150E06820F4803040
:10121000E060002070BD10B50446C06820F02000DA
:10122000E060A16AA06988420DD02046FFF7D0FF98
:10123000E06820F4405040F01000E060A06AA06137
:101240002069E062606044F24001E0688843E06049
:1012500010BD00001000020010B542485421FFF7F5
:101260009CFA41485421FFF798FA40485421FFF76F
:1012700094FA3F493B483C4A3F4B08603D490A606D
:101280003A491960531C0365481C10650120086524
:101290003B48344A39A1784400F07AF820B93848FC
:1012A00078440A3802F01DFA37482F4A35A17844AD
:1012B00000F06EF820B9344878440A3802F011FA88
:1012C00032482A4A2FA1784400F062F820B92F480A
:1012D00078440A3802F005FA40232248DC00002155
:1012E000224602F0E6F820B125487844543802F04E
:1012F000F8F91D4822464023002102F0DAF820B117
:1013000021487844543802F0ECF91848224610235A
:10131000002102F0CEF8002806D01C487844BDE831
:101320001040563802F0DDB910BD104870B5006DA0
:1013300020F001040B4800F0A3F80B4800F0A0F8DF
:101340000A4800F09DF809E0206D20F001052046D4
:1013500000F096F82046FFF791FA2C46002CF3D1C6
:1013600070BD0000A0030024F403002448040024FE
:101370000000002404000024080000247200000083
:101380006EB20300770000005AB2030046B20300B9
:101390002DE9F0410C461646070047D0104600F0F4
:1013A0006FF82078611C61280AD0722802D0772853
:1013B0003CD102E00125002405E00225042402E0DE
:1013C000082448F2020511F8010B2B2806D06228E8
:1013D00009D011F8010C74280AD00BE045F0030580
:1013E00044F00204EFE745F0040544F00104EAE7A5
:1013F00044F010043846214636F026F9411C15D039
:101400000021316171604FF40071F560F16170612C
:10141000200704D5304602220021FFF7FBFD306D86
:1014200040F0010030653046BDE8F0810020FBE768
:101430002DE9F0410D460646104C206DC10704D041
:10144000410804D020F00104F7E722460EE05420C2
:10145000FFF7E5F907000ED0206D47F001010843C2
:10146000542120653846FFF798F93A462946304618
:10147000BDE8F0418CE70020D6E70000A00300247F
:101480002DE9F04704464FF0FF380026C568D4E93F
:101490000497A80718D02046FFF79AFE384636F082
:1014A000BBF8002800DA4646280502D54846FFF773
:1014B000E5F94C212046FFF770F9206D20F001007E
:1014C00020653046BDE8F0874046FBE72DE9FE4346
:1014D0000E461746804600210846AFF300800546B9
:1014E0000020009001905EB130784FF0FF3900B1DC
:1014F000AFB11DB1D5E90001CDE9000100240CE038
:101500000020BDE8FE83315D6A46641C02A802F03B
:10151000B8F8411C03D0012803D0BC42F3D348469D
:10152000EFE71DB1DDE90001C5E90001B8F1000FE9
:1015300003D0BDF80810A8F80010BDF80800002876
:10154000DFD02046DDE770B50C4605460AB11046EF
:1015500003E004210020AFF3008022462946BDE8C5
:1015600070400346002000F03DB82DE9F84F914649
:10157000884605464FF000045FEA030A0E682BD147
:1015800007210020AFF30080824625E016F8011BFA
:101590005246684602F075F80746401C0FD0BF1C43
:1015A0001AD01DB1BDF8000025F81400BDF80000E8
:1015B000641C58B1002DE9D0C8F800600EE0FFF7B8
:1015C000E7FA042101603846BDE8F88F15B1002123
:1015D000C8F80010601EF7E7002DD7D04C45D5D3D2
:1015E0002046F1E701F0F4BF02F02EB82DE9F84FE4
:1015F0009B469046894605460024DDF828A00E68E3
:101600005FEA0A0033D10921AFF3008082462EE061
:10161000B8F1000F1AD05246684616F8011BA8F11F
:10162000010802F02EF80746401C13D0BF1C1ED044
:101630001DB1BDF8000025F81400BDF80000641CC1
:1016400078B1002DE4D0C9F8006012E09DB1C9F86E
:10165000006010E0FFF79CFA042101603846BDE805
:10166000F88F15B10021C9F80010601EF7E7002DB2
:10167000CED05C45CCD32046F1E72DE9FF4F914613
:101680008A46804683B00024109F0D68A7BB0A21BC
:101690000020AFF3008007462EE017B1D7E900B174
:1016A00002913A466846298800F033F80646401C05
:1016B0000BD0B8F1000F16D00698311981420CD921
:1016C000EFB10299C7E900B119E0FFF761FA04210F
:1016D0000160304607B0BDE8F08F08EB04003246E9
:1016E0006946FEF7B1FF2888344450B1AD1CB8F10B
:1016F000000F01D0CAF80050B9F10109CDD220463F
:10170000E8E7641EB8F1000FF9D00021CAF8001014
:10171000F5E72DE9F04116460C460546FFF728FA95
:10172000036893F80101012807D0FF2C12D8185D37
:1017300080B101202C70BDE8F081D3F8070132465A
:10174000214603F20713C7182846BC46BDE8F041FE
:10175000002360474FF0FF30EDE710B5FFF708FAC0
:10176000006890F80111012901D0012010BDD0F8C6
:101770000B0110BD10B5002001F0ACFFFEF77FFE9D
:10178000BDE81040012035F04BBF00002DE9F843C3
:1017900006461548AFF30080FFF7F6F9134F814670
:1017A000E8464D4616E026B1E068B04201D0254635
:1017B00010E0206828600C48C7F80080AFF3008074
:1017C000D4E9010188470848AFF3008039684145F2
:1017D00000D04D462C68002CE5D10020386002482E
:1017E000AFF30080BDE8F883100000240C00002453
:1017F0000148FFF7BBB900001000002410B5431CDE
:1018000002E010F8011B71B18107FAD14FF00132EB
:1018100002C88C1A8C4314EAC211F9D0C01A0A0605
:1018200003D0C01E10BDC01A10BD0A0401D0801E16
:1018300010BD0902FCD0401E10BD01E0801C521EEC
:101840001AB103888B42F9D17047002070470021FC
:1018500001E0801C491C0288002AFAD10846704722
:10186000CBB22AB101788B4203D0401C521EF9D171
:1018700000207047431A28BF9A427EF6E5AE104416
:101880001144032A40F2268010F0030F1EBF11F806
:10189000013D521E00F8013D10F0030F7FF4F6AF3A
:1018A00011F0030300F03B80083AC0F00B8051F8C0
:1018B000043D083A51F804CD40F8043D40F804CD09
:1018C000FFF7F3BF121D5CBF51F8043D40F8043D23
:1018D000AFF30080D20724BF11F8013D11F801CD0C
:1018E00048BF11F8012C24BF00F8013D00F801CDDC
:1018F00048BF00F8012C7047431A28BF9A427EF671
:10190000E8AE1044114410F0030F1EBF11F8013D62
:10191000521E00F8013D10F0030F7FF4F6AF103AAD
:10192000C0F00A8010B531E9185020E91850103A7B
:10193000BFF4F9AFBDE81040530724BF31E90810E8
:1019400020E9081044BF51F8043D40F8043D12F06E
:10195000030F08BF7047D20728BF31F8023D48BFC8
:1019600011F8012C28BF20F8023D48BF00F8012CD7
:10197000704700000000000030B44FF0013C50F808
:10198000042BCCFA52F451F8043BD51A20D1FCB9FF
:1019900050F8042BCCFA52F451F8043BD51A17D165
:1019A000B4B950F8042BCCFA52F451F8043BD51AD0
:1019B0000ED16CB950F8042BCCFA52F451F8043B18
:1019C000D51A05D1002CDAD030BC4FF0000070479A
:1019D00029BAB1FA81F111F01801D1F12000844047
:1019E000F2D1CA40CB4012F0FF0213F0FF0330BC2B
:1019F000D01A704770B5054601B90721541A241D45
:101A0000B4F5B67F09DD286800F05DF9A04204DC7A
:101A10002868401C2860012070BD002C05DA286869
:101A2000401E286000F04FF90444072094FBF0F0BA
:101A3000401C70BD2DE9F04F1F4615468B4682466F
:101A4000002689B000F016FAD0F810800024BBF10F
:101A5000000F70D015F8010B10B125280DD10FE043
:101A600024B1641E06A850F82450F3E70021304644
:101A70000AF8061009B0BDE8F08F0AF80600C7E0C2
:101A8000E94615F8010B592870D023DC49286ED09F
:101A900014DC44286DD008DC2528EED041283ED047
:101AA000422849D043282CD156E04528E9D0462881
:101AB00069D0472876D0482823D17AE04D380C28C1
:101AC0001FD2DFE800F0881E061E1E9BA0A9B3B53A
:101AD000C1CFD6E75A38212813D2DFE800F011121F
:101AE00012121212121A2637455012592612741267
:101AF00012797E128012891296A212B3BDCB110008
:101B0000A8E725200AF80600761C5E4513D26D1E54
:101B1000A0E7D8F80010BA69D8F8240011E0D8F886
:101B20000410BA69D8F828000BE0D8F808103A6910
:101B3000D8F82C0005E0B2E0D8F80C103A69D8F8D3
:101B4000300002FB001101EB0809AAE006A840F8EA
:101B50002450D8F818108AE07969642091FBF0F2DB
:101B60001332484668A192E0FA6889E08AE022E0F0
:101B7000FFE706A840F8245065A5641C6AE7FA68E8
:101B800066A1484683E006A840F8245064A5F4E71F
:101B9000384600F0ADF8642190FBF1F201FB12022F
:101BA00058E0FFE7384600F0A3F802465FA1684618
:101BB0006DE0BA6864E0B8680C210B3090FBF1F27C
:101BC00001FB120205E0FA6959A14846521C5EE089
:101BD0003A694DA1F9E77A6852E00A2116E0B8683F
:101BE0000C2802DAD8F81010ADE7D8F81410AAE7DC
:101BF00006A840F82450D8F8341038E006A840F879
:101C000024504DA5B9E73A683AE009210AF80610D0
:101C1000761C5E45B2D342E006A840F8245048A5A1
:101C2000ABE7BA6902B9072248A1AAE700210CE094
:101C3000786900F26C700890D7E9061208A8FFF7DF
:101C4000D9FE06E0BA69EFE70121D7E9062000F0E6
:101C50002EF802462CA1AAE706A840F82450D8F88E
:101C60001C1004E006A840F82450D8F8201001EB1E
:101C7000080582E77969642091FBF0F200FB1212FB
:101C800021A17EE77A69484628A102F26C7200F031
:101C900047F906E00AF80600761C5E4501D30020ED
:101CA000E8E619F8010B00283FF4DFAEF2E7511A1D
:101CB00000D5C91D401A01D500207047072190FBAF
:101CC000F1F0401C704781070CD1642190FBF1F2C8
:101CD00001FB120151B94FF4C87190FBF1F201FB05
:101CE000120018B1002000F26D1070470120FAE7D1
:101CF00008B5416901F26C710091D0E9061268469D
:101D0000FFF778FE009808BD252E32640000000021
:101D1000256D2F25642F25790000000025326400F1
:101D200025592D256D2D2564000000002564000037
:101D3000252E33640000000025483A254D000000A0
:101D400025483A254D3A255300000000252E3164E0
:101D50000000000070472DE9FC4704464FF0FF39B2
:101D6000007B400629D4D4E90E01CDE90001FFF73C
:101D7000F4FC012507464FF0040804F1400A2EE068
:101D8000216800291BDC94F8480050B1C0B2401E05
:101D9000C0B284F8480004EB4000B0F84000BDE851
:101DA000FC870021204601F08EFA0646E068010615
:101DB00003D4400609D5012D24DC4846EFE76068CE
:101DC000421C62600678491E21606A465046F1B2A4
:101DD00001F057FC01281AD0401C02D06D1CBD42F6
:101DE000CEDD6A46D4E90E01CDE900015046F1B2DC
:101DF00001F047FC401C05D02068401C2060606852
:101E0000401E6060FEF7C4FEC0F80080D5E784F88D
:101E10004950DDE90001E4E90E012089BFE7000037
:101E2000004870479C0400247546FFF7F9FFAE4652
:101E300005006946534620F00700854618B020B5D6
:101E4000FEF744FBBDE820404FF000064FF00007CE
:101E50004FF000084FF0000BAC46ACE8C009ACE80E
:101E6000C009ACE8C009ACE8C00921F007018D4603
:101E70007047000000487047BC04002403464068D7
:101E80008C46002818BF88423CBF03464068F8D300
:101E900018681844884207D00CF1030020F00700AE
:101EA000001D411A521A0146081D0A60FEF7E6BCE1
:101EB00010B50446FF2801D9002010BDFEF758FEDA
:101EC0000068005D10F0980F03D0C10701D140F405
:101ED000806010F4846F01D040F4006010F0BA0FFD
:101EE00001D040F4807010F0BE0F01D040F40070BB
:101EF000810604D5010602D440F0800001E020F004
:101F00002000C10701D0410601D5092CD5D140F4EC
:101F1000805010BD0B460146184602F053B8000031
:101F20000FB41CB5084B06AA7B446946009005987F
:101F300000F0E1F804460020694602F027F8204648
:101F40001CBC5DF814FB0000612000007CB51D4640
:101F500016460C00009007D04142A14202D3204413
:101F6000401E01E04FF0FF30064B7B442A46694695
:101F70000190304600F0BFF8002C02D0009A0021FA
:101F800011707CBDAF01000070B504468569006822
:101F9000C10601D5302600E02026C00707D070BD5D
:101FA000D4E9012130469047206A401C20626D1E12
:101FB000F6D570BD70B5044685690078C00707D1B5
:101FC00070BDD4E9012120209047206A401C206286
:101FD0006D1EF6D570BD09684A0501D540B270473F
:101FE000C905FCD500B2704709684A0501D5C0B2E1
:101FF0007047C905FCD580B2704770B50C460546E0
:10200000012A05D02878800600D5EA69002302E07D
:10201000012305E05B1C934202D2E05C0028F9D169
:10202000A869E618C01AA861286A184428622846D8
:10203000FFF7AAFF04E0D5E9012114F8010B90474E
:10204000B442F8D32846FFF7B5FF70BD2DE9F04143
:102050000646002410687529314616A510D0FFF7F2
:10206000BAFF002802DA404213A507E031688A0768
:1020700001D512A502E0490704D511A5012401E00C
:10208000FFF7B2FF00210A2206F1240709E0B0FBA6
:10209000F2FCB0FBF2F302FB1C003030785418461F
:1020A000491C0028F3D123462A463046BDE8F041BA
:1020B00001F086BB000000002D0000002B00000096
:1020C0002000000011680268006A530501D50870FD
:1020D0000AE0D30501D5088006E0130603D5C21730
:1020E000C1E9000200E008600120704701694A1C54
:1020F00002610878704700B58FB0CDE90131002149
:10210000059105497944CDE903101146684600F070
:102110002BF90FB000BD0000E5FFFFFFD1E9002360
:102120009A4202D2531C0B60107070472DE9FF5F7A
:1021300015468A460446DFF8AC80F8440027D8E903
:1021400000103E46CDE9001010E03AF816106A463D
:1021500002A8FFF7DEFA411C07D02178890603D5D3
:10216000E269391891420DD80744761C2078800620
:1021700002D5E069B84205DDAE42E6DB3AF816006A
:102180000028E2D1A069C01BA0612046FFF7FCFE39
:10219000D8E90010CDE90010002017E03AF8181037
:1021A0006A4602A8FFF7B5FAB0F1FF3F81460BD0AF
:1021B00000250DF1080B05E0D4E901211BF805000D
:1021C00090476D1C4D45F7D308F10100B0428046A1
:1021D000E4DB206A384420622046FFF7EBFEBDE8CE
:1021E000FF9F0000D6A303002DE9F0418046D21DD9
:1021F00022F007020025D2E90002F52915A614D025
:10220000011E72F1000106DA0023D0EB030063EB3C
:10221000020211A608E0D8F800108B0701D50FA61E
:1022200002E0490701D50EA601251146002408F158
:10223000240704E001F076FA30323A55641C50EA83
:102240000102F7D12B46324621464046BDE8F04117
:1022500001F0B6BA000000002D0000002B000000C5
:102260002000000030B4002100F1240408E002F056
:102270000705D208303542EA4372DB086554491C31
:1022800052EA0305F3D10468002310A2250708D5FC
:1022900004F020040C4304D0C46901230CA2641E82
:1022A000C46130BC01F08CBA10B5044621461068F8
:1022B000FFF79AFE02462046BDE810400023D1E712
:1022C000D21D22F00701D1E90023CBE70000000076
:1022D00030000000F0B40D460188090502D5214CFC
:1022E0007C4402E01F4C7C440E34002100F12406A3
:1022F00008E002F00F071209E75D42EA03721B09CA
:102300007754491C52EA0307F3D1027800231207DD
:1023100004D5702D06D009B1022311342246F0BC39
:1023200001F04EBA01231034F8E770B504460D46AB
:1023300021461068FFF758FE024629462046BDE8B0
:1023400070400023C6E7D21D22F00703D3E9002323
:10235000C0E70368126843F0200303600823C361E9
:102360000023B7E738A203002DE9F05F8946044651
:102370004FF0000ADFF874B1FB44C0F820A02046FB
:10238000E1688847002874D0252806D0D4E90121C7
:102390009047206A401C2062F1E700265F462046F5
:1023A000E16888472028054607DB312D05D27819DA
:1023B00010F8200C08B10643F1E7B00701D526F06C
:1023C0000406C4F81CA00027C4F818A02A2D09D0C0
:1023D000284639F060FD38B304EB8708303DC8F873
:1023E000185019E059F8041B204604EB870291614C
:1023F000E1688847012F054618D1E069002820DAF6
:1024000026F020061DE0D8F8180000EB800005EB50
:1024100040003038C8F818002046E1688847054673
:1024200039F039FD0028EED1012F0AD02E2D08D128
:102430002046E16888477F1C0546022F46F02006AB
:10244000C4DBA069002803DA404246F00106A0611F
:10245000F00701D026F010066C2D0BD0682D09D0A6
:102460004C2D39D06A2D35D0742D35D07A2D33D0FE
:1024700016E038E0E1682F4620468847B842054616
:1024800009D16C2F26D04FF48060E16806432046C6
:102490008847054604E06C2F1AD04FF4807006433D
:1024A0000DB3A5F14100192802D8203546F4006685
:1024B0004A462946204626604E46FDF777FF80B102
:1024C00001280BD0F61D26F0070000F1080956E799
:1024D0004020E4E78020D8E70020D6E706F1040991
:1024E0004DE7284652E7206ABDE8F09FC8A10300E7
:1024F0002DE9FF4F1C4691464FF0FF3581B000217A
:102500008A468846D4E90167A16902986D1C88470C
:10251000216A834688470028F6D1BBF1FF3F0CD0E3
:10252000002F26F4C0661ADD700615D5BBF12B0FFF
:102530000AD0BBF12D0F0FD104E04FF0FF3005B0F2
:10254000BDE8F08F46F48066A16902986D1C88474B
:102550007F1E8346002F02DDBBF1300F03D0B9F19F
:10256000000F2AD025E0A1696D1C02987F1E46F459
:1025700000768847002F834605DDBBF1780F06D033
:10258000BBF1580F03D0B9F1000F10D011E0B9F131
:10259000000F02D0B9F1100F0BD1A1696D1C029888
:1025A0007F1E26F4007688478346102000E008202E
:1025B00081464FEAE970009017E00A20F8E74346A9
:1025C000AAFB0928DDF800C07F1E03FB098046F442
:1025D000007605F101050AFB0C0112EB0B0A0298CB
:1025E00041EBEB78A16988478346002F06DD494619
:1025F000584601F00FFD5FEA000BE0D5E169029853
:102600008847B00502D46FF0010098E7F00718D1B1
:10261000700610D55146700505D50023D1EB030196
:1026200063EB080200E042462068031D2360006857
:10263000C0E9001205E02068011D21600068C0E9C2
:1026400000A828467BE72DE9FF5F1D464FF0FF3BC2
:1026500091464FF000085F46D5E90146A969019807
:102660007F1C8847296A824688470028F6D1BAF13C
:10267000FF3F0CD0002E24F4C06419DD600614D591
:10268000BAF12B0F09D0BAF12D0F0ED103E0584645
:1026900004B0BDE8F09F44F48064A96901987F1CF0
:1026A0008847761E8246002E02DDBAF1300F03D035
:1026B000B9F1000F26D032E0A969761E01987F1C7F
:1026C00044F400748847002E824605DDBAF1780F85
:1026D00006D0BAF1580F03D0B9F1000F10D01EE0A8
:1026E000B9F1000F02D0B9F1100F18D1A969761E07
:1026F00001987F1C24F4007488478246102002E071
:10270000082000E00A20814609E0A96908FB0908C1
:10271000761E01987F1C44F4007488478246002E80
:1027200005DD4946504601F075FC0028EDDAE969FF
:1027300001988847A00502D46FF00100A8E7E007E0
:1027400025D1600613D5600502D5C8F1000000E070
:10275000404629680A1D2A600968220501D50870CB
:1027600015E0220701D5088011E008600FE0286815
:10277000011D29600068210502D580F8008006E06F
:10278000210702D5A0F8008001E0C0F8008038469B
:102790007EE72DE9FF5F4FF0000899461446464654
:1027A0009169D2E901A7DDF838B00198884705465C
:1027B00059EA0B0005D009E0A1690198761C884709
:1027C0000546216A284688470028F5D1681C03D0B1
:1027D0005FEACA7005D015E04FF0FF3004B0BDE8E5
:1027E000F09F2068011D2160D0F800800AE05FEAB8
:1027F000CA7001D108F8015BA169761C01987F1E9F
:1028000088470546002F1ADD681C18D0B9F1000F63
:102810000DD0E81705EBD060421120F01F0059F8E9
:1028200022102A1A012090400142E0D107E0BBF1BA
:10283000000FDCD12846216A88470028D7D0E169FB
:1028400001988847BBF1000F07D1002E05DD5FEA34
:10285000CA7002D1002188F80010A068B84203DDD8
:10286000BBF1000F03D017B16FF00100B6E730469F
:10287000B4E700002DE9FF4F06468BB00878FF282B
:1028800006D0491C2D2805D000244FF0000908E08F
:1028900000200CE00124F8E709EB8903491C00EB58
:1028A00043090878FF28F7D114B1C9F10000814627
:1028B000107800252C46AA4629462D2801D02B2821
:1028C00004D1521C2D2813D0002082468B4610784C
:1028D000FF280FD04FF0000C0A21521CA5FB0178F5
:1028E00004FB018105FB0C11C5194BEB0104EEE75C
:1028F0000120EAE7002108464FF00000BAF1000F7E
:1029000002D000EB80004008C0F38157012F01DDA9
:102910004FF0FF370E9955EA040009EB01080BD080
:102920004FF0020918F5FA7F16DA4FEACA70002F45
:10293000706008DD012007E04FEACA70C6E900B008
:102940000FB0BDE8F08F00203060FEF721F9C0F82D
:1029500000901821084616E0B8F5FA7F18DD002F20
:1029600002DAF748784401E0F6487844D0E90010EC
:10297000C6E9001040EACA707060FEF709F9C0F8B5
:102980000090142108460FB0BDE8F04F39F086BC26
:10299000002108464FF00000B8F10001099002DA6A
:1029A000C7F1000200E03A4601DAC8F1000106A8CA
:1029B00001F068FD06AB93E8070003AB83E807006E
:1029C00044F23E005BEA04010090584604D144F210
:1029D0001E012C465D460091210C0904014306D1DD
:1029E0000099240444EA15442D041039009104F0A0
:1029F0007F41014306D10099240244EA15642D0267
:102A00000839009104F07041014306D10099240176
:102A100044EA15742D01091F009104F0404101435F
:102A200006D10099A40044EA9574AD00891E009176
:102A300004F00041084304D100986D196441401E20
:102A400000904FF001033A466846B8F1000FCDE917
:102A5000014503A902DD38F0AEF801E038F081F855
:102A6000BAF1000F04460D4601D084F00044002165
:102A700008464FF00000099940F2FF77484010F0F7
:102A80000C0F07D124F00040284303D0C4F30A50B0
:102A9000B84212D1FEF77CF8C0F80090C4F30A5097
:102AA000B8420AD1A8487844D0E90010C6E900101D
:102AB00004F000410843706042E7C6E900543FE774
:102AC0002DE9FF4F1F464FF0000A4FF0FF384546F3
:102AD00091B0D7E90146CDF83CA0FFF7CBF9C0682B
:102AE0000168405C1090B96912986D1C8847396A7A
:102AF000814688470028F6D1B9F1FF3F0AD0002E61
:102B000024F4D06411DDB9F12B0F08D0B9F12D0FE9
:102B10000BD102E0404615B013E744F48064B96974
:102B200012986D1C8847761E8146600504A901D560
:102B30002D2000E02B20002E01F1010B0DF13008BB
:102B40008DF810003FDDB9F1690F08D0B9F1490FD8
:102B500005D0B9F16E0F02D0B9F14E0F1CD13B4632
:102B600001A8009580E85002DDE912126FF0020022
:102B700039F0FFFBC11CCED10EE0B96912986D1C73
:102B8000884781461398761E44F4007405600F98B8
:102B9000401C002E0F9016DDB9F1300FEDD0B9F1C9
:102BA000780F02D0B9F1580F0DD10F9801280AD132
:102BB0003B46CDE90054DDE91212001F029639F0C0
:102BC000D6FBC11CA7D1109989453ED144F08004A1
:102BD00006E01399681CAAF1010A44F40074086025
:102BE000B9696D1C1298761E884730288146F0D04E
:102BF0002BE01099894505D1200603D4761E44F0B8
:102C0000800418E0484639F046F908B3761E0DF105
:102C100023029345A9F1300044F4007406D20BF866
:102C2000010B200607D5AAF1010003E0200602D41B
:102C30000AF101008246A00502D51399681C0860BC
:102C4000B96912986D1C88478146002ED1DC53E08B
:102C5000002E51DDB9F1650F02D0B9F1450F4BD10E
:102C6000A00549D5B9696D1C1298761E24F44074EC
:102C70008847002E81460CDD2B2804D0B9F12D0F9A
:102C800007D144F48074B96912986D1C8847761E88
:102C90008146E00501D52D2100E02B2108F8011B1C
:102CA000CDF8008021E0761E0DF13901884544F40D
:102CB00000740CD2A9F1300010F0FF0088F8000079
:102CC00002D10099884509D908F1010806E0E0051C
:102CD00001D51E4801E042F20F708246B969129890
:102CE0006D1C8847814613980560002E04DD484618
:102CF00039F0D1F80028D6D1F96912988847FF2019
:102D000053468BF8000088F8000000200A900B90D2
:102D100004AA0CA90AA8FFF7ADFDA00502D46FF024
:102D20000100F8E614F0240F12D0E0071CD1386837
:102D3000DDE90A12031D3B600068C0E9001213E0E0
:102D400080CA030072CA030036C90300F1D8FFFF2E
:102D50000AA9684638F098FFE00705D13868009A5C
:102D6000011D3960006802602846D4E602681144FB
:102D70001378016018467047D16005497944516164
:102D800004497944116200211161114601F050B9E2
:102D9000EDFFFFFF290A0000426842B1016811F807
:102DA000013B23B1521EC0E90012184670470121B1
:102DB000C160881E704742685AB1C368016843B950
:102DC00083688B4205D0491E521CC0E900120020C6
:102DD00070474FF0FF3070470FB40B0010B54FF045
:102DE00000048AB00FA900910E99CC60234C7C445A
:102DF000234A7A44CDE9064200D004236FF0004212
:102E0000CDE901321F4A7A446B46089202460020FF
:102E100039F0ABFA0AB010BC5DF814FBF0B5074608
:102E20004FF0FF301E4615460C463B4685B06A46BD
:102E30000091CDE9010131460020049004A8FFF77C
:102E4000CBFF04990346601825B109B1024600E0A2
:102E500022462A6000290ED0002B02DD0099814213
:102E600009D03B466A463146001B0094CDE9010477
:102E700004A8FFF7B1FF05B0F0BD0000A7FFFFFFFA
:102E8000C1FFFFFFA509000000230360FFF7C6BFD5
:102E90002DE9F04791460E4680460446002514F879
:102EA000017B2FB1FDF764FE0068C05DC007F6D15D
:102EB0002B2F02D02D2F1ED0641E4A4631462046AD
:102EC00001F070FA26B13268A24201D1C6F8008042
:102ED0004FF002046A0518D50023D0EB030563EB1D
:102EE00001025D1B934109DB0023D0EB030063EB80
:102EF0000101BDE8F08745F48065DEE7FDF748FE97
:102F0000046000204FF00041F3E7021E71F100025F
:102F1000EFDAFDF73DFE04604FF0FF304108E8E7CF
:102F20002DE9F05F93460F46804604460026FDF7E4
:102F30002FFED0F80090824614F8015B2DB1FDF70A
:102F400017FE0068405DC007F6D12B2D02D02D2D55
:102F50001FD0641E0021CAF800105A463946204688
:102F600001F020FA024627B13868A04201D1C7F823
:102F70000080DAF8000002280ED0CAF80090700530
:102F80000AD500200346D2EB000063EB0101BDE847
:102F9000F09F46F48066DDE71046F8E72DE9FF4F25
:102FA0004FF000089A461446C146464683B0D2E91F
:102FB00001B7CDF80080CDF8048091690498884766
:102FC000109905465AEA010005D009E0A169049864
:102FD000761C88470546216A284688470028F5D18F
:102FE000681C03D05FEACB7005D02AE04FF0FF30B9
:102FF00007B0BDE8F08F2068011D2160D0F8008087
:103000001FE002A86A46E9B200F03BFB411C07D072
:10301000801C09D04FF000095FEACB7007D00AE0AE
:10302000E169049888473EE04FF0010904E0BDF8EB
:10303000081028F8021B7F1EA1690498761C884797
:103040000546002F1ADD681C18D0BAF1000F0DD00C
:10305000E81705EBD060421120F01F005AF822104B
:103060002A1A012090400142CBD107E01098002895
:10307000C7D12846216A88470028C2D0E169049850
:103080008847B9F1000F0ED1109830B9002E04DD39
:103090005FEACB7001D1A8F80000A068B84202DD59
:1030A000109818B117B16FF00100A1E730469FE703
:1030B0002DE9FF4F4FF000089B461446454683B06C
:1030C000D2E90196CDF80080CDF804809169DDF851
:1030D00048A00498884707465BEA0A0005D009E043
:1030E000A16904986D1C88470746216A38468847BD
:1030F0000028F5D1781C03D05FEAC97005D01BE029
:103100004FF0FF3007B0BDE8F08F2068011D21604F
:10311000D0F8008010E05FEAC97007D16A464046E7
:10312000B9B2FEF7F6FA411C31D08044A1696D1C9A
:103130000498761E88470746002E14DD781C12D0AE
:10314000BBF1000007D03B46DDE9101201F08BF91E
:103150000028E0D107E0BAF1000FDCD13846216A3F
:1031600088470028D7D0E16904988847BAF1000F52
:1031700006D1002D04DD5FEAC97001D188F8000096
:10318000A068B04203DDBAF1000F03D016B16FF0B2
:103190000100B7E72846B5E72DE9FF5F9B461446D7
:1031A00000273D469169D2E90196DDF840A00198DB
:1031B000884780465BEA0A0005D009E0A1690198CA
:1031C0006D1C88478046216A404688470028F5D113
:1031D000B8F1FF3F03D05FEAC97005D014E04FF0AB
:1031E000FF3004B0BDE8F09F2068011D2160076832
:1031F0000AE05FEAC97001D127F8028BA1696D1C52
:103200000198761E88478046002E15DDB8F1FF3FF5
:1032100012D0BBF1000007D04346DDE90E1201F0E9
:1032200022F90028E5D107E0BAF1000FE1D14046CC
:10323000216A88470028DCD0E16901988847BAF103
:10324000000F05D1002D03DD5FEAC97000D1388081
:10325000A068B04203DDBAF1000F03D016B16FF0E1
:103260000100BEE72846BCE770B50D46014614468E
:10327000D36850692A4634F0EBF9002807DA411C7C
:1032800007D0E16820F0004041F48041E160281A55
:1032900070BD2046FDF75CFF4FF0FF3070BDC16888
:1032A0000022026021F4805141F0400111F4C06F0E
:1032B000C16001D08260704702694168891AC269A1
:1032C000891A816070472DE9F05F04468946C0681D
:1032D00040F4800010F4C06FE06008D0204601F098
:1032E00043F92068002802DD401E206033E0E068DA
:1032F000010312D520F40020E060810606D4E26AC2
:1033000061688A4200D80A46511A216040F40010D0
:10331000E06094F82500BDE8F09F20F40010E06024
:10332000800602D52046FDF776FFE06842F2810173
:103330004FF0FF3A0140012903D02046FDF708FF76
:10334000B0E02168002600290ADAC94340F4805021
:103350002160C4E902606068411C61600078DAE7BE
:1033600044F2400108420CD020F4A04040F040005C
:103370002660E06021696068401AE169401AA06037
:1033800090E0216991B9C00310D4E069FDF747FAD4
:103390002061B0B1E06840F4006010F4407FE0606C
:1033A00002D140F48070E06020696060E068D4F889
:1033B00014B0C1061AD5C0030ED52046FDF708FF8C
:1033C00014E004F1240020610120E061E06820F4B1
:1033D000407040F48060E6E721696068401AA169A6
:1033E0000144584634F048F90028A6DBE068C003E1
:1033F0002BD56168E06A884200D808462169451AE1
:10340000E069471B1CD02046D4F81880FDF7E0FE89
:1034100008EB05015846C4F8188034F02DF900284F
:103420008BDBE068B9F1000F40F40030E06002D0BF
:10343000A0692844A061E1692069C91B45180DE015
:103440002046FDF7C5FEE769F5E725696168D4E91F
:103450000607491BE56208446560A061E068B9F1B0
:10346000000F20F0100040F48050C4E9026005D045
:103470002069E06260606FF001004CE72246394647
:103480002846FFF7F1FE411C0CD02918E16258B123
:10349000401E2060681C6060E06840F40030E0601E
:1034A000287838E7504636E765602046FFF7F7FE94
:1034B000F8E770B5C468A50713D0650211D4B2F55A
:1034C000807F09D0B2F5007F06D0B2F5806F08D1B9
:1034D000012300F1240106E05D1E6FF07F46B54236
:1034E00001D3012070BD0161C361416024F47061AA
:1034F0001143C160002070BD2DE9FF5F8B461C4663
:103500008246029D05FB0BF5E5B1D4F808805746CD
:103510004FF00009B8F1000044DCE069A84227D26E
:10352000B9F1000F24D0224629463846A669FDF796
:1035300019FE58B1C4F80880A069801B3844A0EB7C
:103540000A0129E0002004B0BDE8F09FE16811F411
:10355000C06F01D0002008E022696068801AE2692B
:10356000101AC903A06001D44042A0600298EAE7A3
:10357000A84201D2012200E0002221463878FDF75E
:1035800057FC411C06D0D4F80880002807DB6D1ECC
:103590007F1C17E0A7EB0A01B1FBFBF0D3E74FF06C
:1035A00001090FE0A842064600D92E4639463246A8
:1035B0006068FDF749F86068AD1BA8EB0608304469
:1035C00037446060002DA5D1C4F80880CEE7000024
:1035D0002DE9F8439946174680464FF000060C0047
:1035E00002D18846012717A4B9F1000F25D1052182
:1035F0000020AFF3008081461FE014F8011B4A460B
:10360000684600F03EF8761C0546401C0FD0AD1C05
:1036100013D0B8F1000F03D0BDF80010A8F80010C7
:10362000BDF80000002800D03046BDE8F883FDF763
:10363000AFFA042101602846F7E77F1EDDD26FF064
:103640000100F2E7000000007CB50C46054622B9F7
:1036500006210020AFF30080024621466846FEF7AF
:1036600058F80446401C07D025B122466946284632
:10367000FCF7EAFF20467CBDFDF78AFA04210160D1
:10368000F8E7F8B516460C460546FDF771FA0368EB
:1036900093F80101012804D0185D78B101202C8035
:1036A000F8BDD3F803013246214603F20313C718CD
:1036B00068460023B84700992980F8BD4FF0FF30D5
:1036C000F8BD10B50446AFF300802046BDE81040B9
:1036D000FCF7E5BE10B500F069FFBDE8104000F052
:1036E0005FBF10B500F07AFFBDE8104000F058BF92
:1036F00010B500F08DFFBDE8104000F051BFB2F1F1
:1037000020030AD5C2F1200301FA02F120FA03F3E3
:1037100041EA030100FA02F0704700FA03F14FF0AA
:103720000000704730B5B0F10A0271F100034FEAB2
:10373000900E4EEA817EB0EB0E0061EB91014FEAF4
:10374000101E4EEA017E10EB0E0041EB11114FEA04
:10375000102E4EEA016E10EB0E0041EB11214FEAE4
:10376000104E4EEA014E10EB0E0041EB1141401895
:1037700041F100014FEAD00040EA41704FEAD10127
:103780004FEA810444EA907410EB800544EB010495
:103790006D1944EB0404521BA3414FF0000348BFD2
:1037A0000A3200D530BD401C41F1000130BD10B5DA
:1037B0000446FDF7DDF90068005D00F0010010BD72
:1037C0002DE9F0470D4699469246044600F124083B
:1037D0000168880604D5E06921F01001216000E04D
:1037E0000120A84201DD471B00E00027A1697A19EA
:1037F00002EB0900081AA0612078C00602D4204616
:10380000FEF7C2FB002608E0D4E901211AF8060001
:103810009047206A401C761C20624E45F4DB2078DD
:10382000C0060AD52046FEF7AFFB06E0D4E9012129
:1038300030209047206A401C2062381EA7F1010703
:10384000F4DC07E0D4E9012118F805009047206A6C
:10385000401C2062281EA5F10105F3DC2046FEF77E
:10386000A9FB2078000602D50220BDE8F0870120E0
:10387000FBE72DE9FF4F0C461E464FF0FF378BB09C
:10388000D2E90001DDF860800A908A46C1F30A554A
:1038900005B93D46002108464FF00000BAF1000F7F
:1038A00000F4400005DA00EB80004FF4400101EA2B
:1038B00050004FEA9059B9F1010F00DDB9460A985E
:1038C00050EA4A000ED044F61050A5F2FF354543A9
:1038D0002F14B8F1000F1ED07542291E1EDDC9F14C
:1038E00000021CE0B8F1010F4FF0000001D03021C0
:1038F00003E0F24305E02154401CB042FBDB3046BC
:103900000022002121540B99C1F80880C1E9002050
:103910000FB0BDE8F08FBD1B6D1CDEE74A4600DA34
:10392000694206A800F0AEFD06AB93E8070003ABC2
:1039300083E8070050460A9936F040FE8DE80700FC
:10394000A0F500501F3800900398002D0ADD42F2C8
:103950001F014A460844002303A90390684637F034
:10396000EBF809E0A0F500504A461F38002303A9F0
:103970000390684637F00AF98DE807000004000C50
:1039800003D04FF0FF30410800E01046B8F1000FBF
:1039900003D00022009215461EE0751E05D4FFF7E5
:1039A000C1FE303262556D1EF9D5B346012208437F
:1039B00002D000227F1C04E02078302801D10022B0
:1039C0007F1E002A099784D01DE0112D07DAFFF72A
:1039D000A9FE303262556D1C50EA0102F5D1084350
:1039E00002D00098C8B10EE00021681E05E0235CFB
:1039F000625C63542254401E491C8142F7DBAB4693
:103A0000A81B401E0990002004F80B000B98099A8F
:103A1000C0F80880C0E9002B7AE711264FF00008B3
:103A200057E72DE9F04F88460446D21D22F00701E2
:103A300091B0D1E90001CDE90A0137F005FA02465B
:103A40000B98C00F01D02D2007E02068810701D519
:103A50002B2002E0202101EAC000032A099001D0B6
:103A6000072A05DB03464146204600F0F9FD0BE13D
:103A70002078800601D5E06900E00620B8F1650FE6
:103A8000814606D0B8F1660F18D0B8F1670F70D133
:103A900031E00020B9F1110F009001DB112301E0AA
:103AA00009F101030AAA01A90CA8FFF7E2FEDDE96A
:103AB0000C70002609F10105834647E001204B46C2
:103AC00000904FF000470AAA01A90CA8FFF7D1FE09
:103AD000DDE90DB00C995D46002610B909F1010031
:103AE0000D18B9EB050003D4C0F1FF3609F101054B
:103AF000A5EB09002BE0B9F1010F01DA4FF0010944
:103B00000020B9F1110F0090484601DD112300E0BB
:103B100003460AAA01A90CA8FFF7ABFEDDE90C7069
:103B20004D4600268346207800070AD4AB4500DACC
:103B30005D4601A8012D04DD411911F8011C302951
:103B400007D04F4502DA17F1040F04DA012082464C
:103B50000FE06D1EEEE7002F02DCED1B3E4403E09C
:103B6000781CA84200DD7D1CB81B00F1010A4FF053
:103B700000472078000703D4AA4501DB4FF0FF3A45
:103B80000021B7F1004F0DF143088DF8431024D008
:103B900002202B23002F01DA7F422D230A21021E4F
:103BA000A0F1010000DC5FB197FBF1FC97FBF1F2A3
:103BB00001FB1C7C17460CF1300C08F801CDEEE738
:103BC000A8F1010003702188090501D5452100E015
:103BD0006521A0F1010800F8011C09980FA9A1EBCB
:103BE0000807FF1D00B10120411901EBEA70A1692E
:103BF0003844081A401EA0612078C00602D420462E
:103C0000FEF7C2F9099828B1D4E901219047206A4A
:103C1000401C20622078C00622D52046FEF7B4F969
:103C20001EE0002E04DBB34502DD01A8805D00E04C
:103C30003020D4E901219047206A401C2062761C84
:103C4000AAF101005FEA000A0AD1FEF713F9C06881
:103C50000168405CD4E901219047206A401C206241
:103C6000281EA5F10105DCDC07E0D4E9012118F8E4
:103C7000010B9047206A401C2062381EA7F1010703
:103C8000F3DC2046FEF796F9032011B041E6000070
:103C90002DE9F04F04460D46D21D22F0070089B0F1
:103CA000D0E900974846394637F0CEF80246F80F7B
:103CB00001D02D2307E02068810701D52B2302E0E6
:103CC000202101EAC0038DF820300BB1012000E073
:103CD0000020032A824601D0072A04DB2946204619
:103CE00000F0BEFC3FE12078800601D40D2500E005
:103CF000E569C7F30A560D2D49DA00214FEA175B33
:103D000008464FF00000002F00F4400007DA00EBF7
:103D100080004FF4400100EBD07001EA6000811593
:103D2000012901DD4FF0FF3100224FEA850CBCF183
:103D3000180F06D31346ACF118004FF08052C24062
:103D400003E04FF4801323FA0CF30CF10C0CBCF1DC
:103D5000200F04D3ACF1200C09FA0CF001E007FAB3
:103D60000CF000294FF0004801DD18B90FE00ED12A
:103D700040450CD319EB02095F4121B9404502D1FE
:103D80009F4329EA0209BBEB175F00D0761C20880D
:103D9000000502D57B48784402E07A487844193817
:103DA00008AA302302F80A30037C0AF10101002E30
:103DB0000AF1020A53546A4602DC4FF0300101E076
:103DC0004FF031014FF001088DF8001002D0A6F23B
:103DD000FF3603E059EA470100D06B4E002D02DCAC
:103DE0002178090704D54FF002082E218DF8011023
:103DF000C44600210BE0C7F303433F01C35C491CE9
:103E00006D1E02F80830052908F1010801DA002DBD
:103E1000F1DC00210CE000EB1973491C1B786D1ECE
:103E2000082902F808304FEA091908F1010801DAF7
:103E3000002DF0DC21688B0602D516E0A8F1010800
:103E4000E04505DD02EB080313F8013C302BF5D00B
:103E5000B8F1000F09DD02EB080313F8013C2E2B2B
:103E600003D1090701D4A8F10108002D05DD3E2189
:103E700002F808106D1E08F10108407C002E02F8BF
:103E8000080008F1010804DA2D20764202F8080043
:103E900002E02B2002F808000A214FF47A708642D3
:103EA00008F101080BDB96FBF0F3303302F8083021
:103EB00096FBF0F308F1010800FB136601E0642EA5
:103EC0000CDB642096FBF0F3303302F8083096FBED
:103ED000F0F308F1010800FB136601E00A2E06DB8F
:103EE00096FBF1F0303002F8080008F1010896FB6B
:103EF000F1F001FB1060303002F80800A16908F110
:103F0000010808EB050202EB0A00081AA0612078FC
:103F1000C00602D42046FEF737F8216A08AE01EB4E
:103F20000A00206204E0D4E9012116F8010B904751
:103F3000BAF1010AF7D22078C00602D52046FEF772
:103F400023F86E4609E016F8010B3E280FD0D4E99D
:103F500001219047206A401C2062B8F10108F2D28A
:103F60002046FEF727F809B00320BDE8F08F206A4D
:103F70002844206203E0D4E90121302090476D1EDF
:103F8000EBD3F8E7CE87030002FCFFFF0A6802F8D4
:103F9000010B0A60704710B5436913B1AFF300809D
:103FA00001E0FEF72AF8012010BD127800F124018B
:103FB0000A7000224A700122EDE711684FF0FF32CB
:103FC000E9E70000074B70B50D467B44FEF793F818
:103FD0000446284600F0AEFD10B14FF0FF3070BD32
:103FE000204670BDF17E030010B5436913B1AFF3F5
:103FF000008001E0FEF79AF8012010BD128800F160
:10400000240182840022C2840122EDE711684FF06E
:10401000FF32E9E73A2800D2303820F02002412A66
:1040200001D3A2F13700884201D34FF0FF3070472F
:104030002DE9F34F4FF0000A0C4656468DB0012093
:104040000C9001F10C000B9062690B9801219047D4
:10405000051E2DD0252D2CD0216A8847C0B162695C
:104060000B9801219047216A88470028F7D162699F
:10407000411E0B98904700E0761CA1690D98884777
:10408000216A88470028F7D1E1690D988847DBE766
:10409000A1690D988847A842074601D1761CD3E74D
:1040A000E1690D9888477F1C02D1BAF1000F6FD0EB
:1040B0006BE162690B9800273D46394690472A28F4
:1040C00004D162690B98012190470125DFF8D08265
:1040D00062690B9801219047A0F130010A290AD2A8
:1040E0004745E5DC07EB870100EB4107303FDFD4B4
:1040F00045F01005ECE7E90601D46FF000476C28A5
:104100000AD04C2814D0682815D06A280DD07428FD
:104110001CD07A281AD01DE062690B9801219047C3
:104120006C2802D045F0040514E045F002050DE0CE
:1041300045F020050AE062690B9801219047682844
:1041400002D045F0080505E045F4006562690B986A
:1041500001219047C4E9015765283DD019DC582852
:104160007AD00CDC452837D004DC252826D041281D
:104170009ED131E046282FD0472899D12CE05B28EA
:1041800077D0612828D063287CD0642823D15AE0D6
:10419000F6E06F2848D008DC66281DD067281BD0C1
:1041A000692821D06E2816D127E0702845D07328C1
:1041B00068D0752847D078280DD14DE0A1690D98B9
:1041C0008847252805463FF469AFE1690D9888477F
:1041D0006D1C3FF46AAFD8E00D9923466A466FF034
:1041E000010038F0C2F8C5E045F0400023464FF02A
:1041F00000026060A80736D43EE0E8077FF447AFCE
:104200002068011D21600068290501D506701BE7A3
:10421000290701D5068017E7A90703D5F117C0E9DB
:10422000006111E706600FE745F0400023464FF0BC
:1042300008026060A80716D41EE040F60E0125EAC9
:104240000100606016E045F0400023464FF00A028E
:104250006060A80707D40FE045F040006060A80741
:1042600008D5234610220D996FF00100FEF740F9A2
:1042700080E007E0102223460D996FF00100FEF761
:10428000E2F977E04FF0000963284F46C8464B46F5
:10429000CB4602D05B2806D038E0E80601D40120E6
:1042A000A060012732E06269D4F80CB00B980121BC
:1042B00090475E2807D14FF0010949466269D4F85A
:1042C0000CB00B989047216939B900210A4603AB1D
:1042D00043F82120491C0829FADBD8B3216949B3E6
:1042E00008F1010862690B98012190475D28F4D11B
:1042F000B9F1000F09D0002003A951F82020D243C2
:1043000041F82020401C0828F7DB03AB2069002877
:1043100020794FEA40701ED05B462246CDF80080DF
:10432000CDE901970D9900286FF0010020DAFEF722
:1043300033FF1FE0C11703AA00EBD1614B1121F03D
:104340001F0102EB8302411A1368012088400343D6
:104350001360C7E719E00D99224600286FF00100AD
:10436000009702DAFEF71AFE04E0FEF712FA01E007
:10437000FEF79EFE00280ADA401C06D10C9820B1F8
:104380004FF0FF300FB0BDE8F08F5046FAE7E90775
:1043900001D10AF1010A064400200C9054E6000005
:1043A000CCCCCC0C2DE9F74F4FF000091546CA468E
:1043B000009C14F8010B302801D0ADB115E014F8C1
:1043C000010B4FF00109782803D0582801D04DB1D6
:1043D0000BE00DB1102D08D14FF0000914F8010BBE
:1043E000102502E0082500E00A2500274FEAE57BBA
:1043F0003E46B84616E0A5FB07234FF0010905FB32
:1044000008000BFB0731030C05FB0616D7181FFA33
:1044100080F846F10006381E76F5803000D3CA4693
:1044200014F8010B2946FFF7F5FD0028E3DA01989F
:1044300038B1B9F1000F01D0641E00E0009C019872
:104440000460BAF1000F08D0FCF7A2FB0221016062
:10445000C81E014603B0BDE8F08F310441EA1741A0
:1044600048EA0740F6E710B508E030F8024B9C42F6
:1044700004D10AB1002010BD012010BD491EF4D2A4
:10448000104610BD2DE9F047814616468AB03548E2
:1044900078440DC88DE80D0032487844801C03AC88
:1044A0000DC884E80D0041F69B300844372190FB8D
:1044B000F1F290FBF1F5A5F1800501FB12041B3C24
:1044C00002D56442012000E00020DFF898A0804679
:1044D0000027FA44AAF1BE0A0EE0E0070AD03246ED
:1044E000684607EB470101230AEB810136F04EFBDA
:1044F0008DE8070064107F1C002CEED1194F7F441B
:10450000AE3F19E0E80715D007EB04100DF1180ACB
:1045100090E80E008AE80E00C068F04201D19819B8
:1045200008903246012306A903A836F02FFB03ABFF
:1045300083E807006D10641C002DE3D14FF00103E8
:1045400032466946B8F1000F03A802D036F0F4FAFB
:1045500001E036F01BFBC9E90001C9F808200AB0E8
:10456000BDE8F0876481030070B5054640F202267D
:104570000A4C0FE094F85000C00708D0AC4206D0B7
:10458000E06836EA000002D12046FCF701FA206D0F
:1045900020F00104002CEDD170BD0000A003002428
:1045A000002801D033F03CB87047000010B500215E
:1045B00002A000F0C3FA012010BD0000534947419A
:1045C0004252543A2041626E6F726D616C20746584
:1045D000726D696E6174696F6E00000010B50146FE
:1045E00002A000F0ABFA012010BD00005349475271
:1045F000545245443A2052656469726563743A20A6
:1046000063616E2774206F70656E3A2000000000B1
:1046100010B5012805D0002103A000F08FFA012079
:1046200010BD09A1F8E7000053494752544D454DCC
:104630003A204F7574206F662068656170206D6543
:104640006D6F7279000000003A2048656170206D3E
:10465000656D6F727920636F727275707465640036
:104660002DE9F0411F46044603260168072A01F49C
:10467000006004DB08B116A505E016A503E008B14B
:1046800015A500E015A521F010002060A069C01E4E
:10469000A0610FB1401EA0612046FDF775FC4FB12F
:1046A000D4E9012138469047206A401C2062C01C92
:1046B000206206E0206AFAE7D4E9012115F8010B2F
:1046C0009047761EF8D22046FDF774FCBDE8F081D5
:1046D0004E414E006E616E00494E4600696E6600A6
:1046E0002DE9FF4F1F464FF03C0987B04FF00042C5
:1046F000DDE9141001F10108DDF858A002EA40508C
:104700000390002005908346054604460490B9694D
:10471000461E08988847AAF1010A0290BAF1000FD4
:104720003BDD02982E2815D01021FFF773FC0028DE
:104730002EDB4FF0010B0599014317D0B9F1000FA3
:104740000BDB4A46C117FEF7DAFF05430C43A9F11C
:10475000040905E0012004900BE008B145F00105D3
:1047600001200590049820B9361D02E0049800B19C
:10477000361FB969089808F101088847BBF1000F96
:10478000AAF1010A0290C9D00999C1F80080C5E7D1
:104790000298702808D0502806D0F96908988847F0
:1047A000BBF1000F14D04FE0002002900120BBF1BC
:1047B000000F049009D0B969089808F101088847EA
:1047C000AAF10109B9F1000F07DCF96908988847D7
:1047D0006FF001000BB0BDE8F08F2B2804D02D281E
:1047E0000CD14FF0FF300490B969089808F1010826
:1047F0008847A9F10109B9F1000FE6DD411CE4D0B9
:104800000A21FFF707FC0028DFDB029908F1010805
:1048100001EB810100EB41000290B96908988847DB
:104820000A21FFF7F7FB099AA9F10109B9F1000F75
:10483000C2F8008001DD0028E7DAF96908988847A6
:104840000499029800FB016655EA040004D004F0C4
:104850004041090002D006E0039898E0A40044EA31
:104860009574AD00B61E04F00041080002D16D1928
:104870006441761E159810F0240F03D04FF00B09F9
:104880005C4803E04FF028096FF07D0082465645F2
:1048900007DAAAEB06018944B9F1410F01DD4FF0B7
:1048A000410901200021A9F10102FEF728FF02467B
:1048B00028400B462140084301D0012100E000219F
:1048C000501E029143F1FF3128402140084301D09E
:1048D000012000E000200299834651EA0B014FD0ED
:1048E000002108464FF00000039900F4400039B160
:1048F00000EB80004FF4400100EBD07001EA600053
:104900008015012802DD4FF0FF3000E013D0401C7D
:1049100036D0029860B3BBF1000F0CD14A4601209B
:104920000021FEF7ECFE28402140084301D0012081
:1049300000E00020E0B101204A460021FEF7DFFE42
:10494000034640190A4661412D1A8C4111D3B9F131
:10495000400F09DD159810F0240F02D0AAF134069B
:1049600003E0AAF1170600E0761C00254FF0004492
:1049700006E05B1E42F1FF3220EA030521EA020451
:10498000CAF10100B04206DA1B49039808430190BE
:10499000002000900EE0039AC4F3D321E80A0A43F2
:1049A000164940EA44500A433146CDE900026846C0
:1049B00037F01EFA159810F0240F0BD01598C00789
:1049C00015D13868DDE90012031D3B600068C0E9BD
:1049D00000120CE002A8694637F056F91598C00796
:1049E00005D13868029A011D3960006802604046AE
:1049F000F0E6000002FCFFFF0000F07F0000F03F47
:104A00002DE9FF4F92461D4685B04FF00041DDE98C
:104A1000124BDDE914727F1E01EA4B50414940F010
:104A2000FF4940EA0108002122F0200049280491B2
:104A300002D04E2828D04CE03BA0012607C88DE8C4
:104A40000700A9690698641C88477F1E014606D4A2
:104A50001DF8060018B121F0200181420BD0E96950
:104A600006988847032E34D0082E32D06FF001000C
:104A700009B0BDE8F08F761C032E01D0082EE0D1DE
:104A8000601CCAF80000DCE7A9690698641C884726
:104A90007F1E2AD420F02000412826D1A96906983B
:104AA000641C88477F1E20D420F020004E281CD193
:104AB000A9690698641C88477F1E48F4002849F4B9
:104AC0008009CAF8004001D4282806D0E969069870
:104AD00088475FEACB7012D022E0A9690698641C6F
:104AE00088477F1E01D4002803DAE96906988847C1
:104AF000BCE72928F1D1641CCAF80040E9E71BF0A3
:104B0000240F07D028680499031D2B600068C0E9B2
:104B1000001805E02868021D2A600068C0F80090AF
:104B20002046A5E70000F07F494E46494E495459BA
:104B300000000000007B00F08000704770B5054663
:104B40000C460A2000E06D1C32F0AAFD35B1287831
:104B50000028F8D102E0641C32F0A2FD14B12078E4
:104B60000028F8D1BDE870400A2032F099BD00005D
:104B70002DE9F04F8BB04CF270504CF2E411C2F2C0
:104B80000040C2F20041006812F0A2FB4CF2BC00EF
:104B9000C2F2004020F038FB20F03EFC22F014FC72
:104BA0004BF6D871C2F2004122F04AFC0CF0F8FC3E
:104BB00040F2FC4449F6C850C2F200444AF2941153
:104BC000C2F20040C2F20041C4F8CC004AF26000D8
:104BD000C4F8D01049F6FC6145F26148C2F20040C9
:104BE000C2F20041C0F60208C4E935010020616844
:104BF000CBF680702723C4E950004FF07E504FF46D
:104C00000072C4E9520004F10800CDE900304046CA
:104C1000234635F0DDF947F2947647F6DC30C2F2F0
:104C2000004647F2F831C2F20040C2F2004130655E
:104C300047F22C50716547F26061C2F20040C2F247
:104C40000041B06547F61050F16547F67821C2F291
:104C50000040C2F20041C6E91801716806F108007F
:104C600018234FF48062CDE90030404633464FF0C0
:104C7000010984F8A492082584F8C45235F0A8F9F3
:104C800040F6880B4CF28457C2F2004BC2F2004748
:104C90005846C6F8DC7286F83C914FF0000A86F858
:104CA000815286F886A214F0B7FE45F23E100A2122
:104CB0000BF800104CF69830C2F2004003904CF60E
:104CC000CC4003A9C2F2004004904CF60060C2F24E
:104CD000004005904CF63470C2F20040069045F654
:104CE000B440C2F20040079045F67C50C2F200404A
:104CF000089045F64460C2F20040099045F60C70F9
:104D0000C2F200400A904AF2C820C2F200401CF0F1
:104D100013FD45F6F0352923C2F200454FF4007229
:104D200005F10800C4F8F0A269686C64CDE90030B0
:104D300040462B4685F84890C5F888B085F88C9099
:104D4000EE6385F84090C4E9BAAA84F8F8A235F079
:104D50003FF9B7F91400396985F88D90484387F811
:104D600000904008B861052087F8440042F24E00E8
:104D7000B8834CF23440C2F200400EF071FA1DF0DC
:104D8000BBFD10F059FD11F0A7F84CF690344CF231
:104D90006050C2F20044C2F20040236890ED000A65
:104DA00090ED011A90ED022A40F2B81093F890119C
:104DB000C2F20040002943F20C0190ED003A90ED60
:104DC000014A90ED025AC2F2024199670DD183ED7A
:104DD000200A83ED211A83ED222A83ED233A83ED05
:104DE000244A83ED255A83F8909145F26140596831
:104DF000C0F602004FF4807203F108071826CDE9CF
:104E0000006735F0E5F8206880F87D900BB0BDE8CC
:104E1000F08F000000000000FEE70000000000002E
:104E200000207047000000000020704700000000D4
:104E300010B54AF66C6446F6F831C2F20044C2F28C
:104E400000410022204609F0B3FF46F2F831204627
:104E5000C2F2004109F09CFF002010BD00000000DC
:104E6000B0B5B9B10446A8B147F6E860C2F2004057
:104E700005687DB10A882846214620F089FBD5F8CF
:104E8000D403214609F084FFD5F8D403BDE8B0402F
:104E900009F05ABFB0BD000070B54AF66C66054611
:104EA000C2F200460C463046294609F071FF3046F2
:104EB00009F04AFF28462146FFF7D2FF002070BDC7
:104EC00000207047000000004AF66C62C2F2004207
:104ED000D2F8BC22D2F81422002A1CBF012070474D
:104EE00010B54AF66C640A46C2F2004401462046F8
:104EF00009F05EFF2046BDE8104009F0D1BF000078
:104F00004BF28050C2F2004000F0C2BE0000000030
:104F10004BF20850C2F2004000F0BABE00000000A0
:104F20004BF2E860C2F2004000F0B2BE00000000A8
:104F30004BF26070C2F2004000F0AABE0000000018
:104F40004BF2D870C2F2004000F0A2BE0000000098
:104F50004BF65000C2F2004000F09ABE0000000084
:104F60004BF23820C2F2004000F092BE0000000078
:104F70004BF22830C2F2004000F08ABE0000000070
:104F80004BF21840C2F2004000F082BE0000000068
:104F90004BF29040C2F2004000F07ABE00000000E8
:104FA0004BF2A030C2F2004000F072BE00000000E0
:104FB0004BF2B020C2F2004000F06ABE00000000D8
:104FC0004BF2F850C2F2004000F062BE0000000058
:104FD0004BF27060C2F2004000F05ABE00000000C8
:104FE0004BF24810C2F2004000F052BE0000000038
:104FF0004BF2C010C2F2004000F04ABE00000000B8
:1050000040F20F42D0F800C0C4F20202944510DC16
:105010006F22C4F20202944520DC3F22C4F2020255
:10502000944536DC1022C4F20202944554D0282262
:105030004EE040F26F42C4F2020294451ADC40F2A4
:105040003F42C4F2020294452ADC40F21042C4F20C
:105050000202944540D040F2284239E09F22C4F237
:105060000202944525DC7022C4F20202944533D03A
:1050700088222DE040F29F42C4F2020294451FDCD8
:1050800040F27042C4F20202944525D040F28842B8
:105090001EE04022C4F2020294451DD0582217E0BF
:1050A00040F24042C4F20202944515D040F2584208
:1050B0000EE0A022C4F2020294450DD0B82207E00F
:1050C00040F2B842C4F20202944505D040F2A04238
:1050D000C4F20202944517D10CF0F8024AF6AB2351
:1050E000103ACAF6AA23A2FB033109A35F2AC1F32F
:1050F00002115B5C40F2FF312CEA0101C36588BFFD
:1051000004318165084670472CF0FF01F9E700BFC4
:10511000000610160006101670B540F26F44D0F865
:1051200000C0C4F20204D0F858E0A44519DC9F2561
:10513000C4F20205AC4531DC5725C4F20205AC458A
:1051400056DC1025C4F20205AC4500F092802825FB
:10515000C4F20205AC4500F08C804025C4F2020583
:1051600084E045F22F45C5F60205AC452BDC40F244
:10517000B745C4F20205AC4548DC40F27045C4F2C4
:105180000205AC4575D040F28845C4F20205AC4535
:105190006FD040F2A045C4F2020567E040F2274517
:1051A000C4F20205AC4540DCA025C4F20205AC45C2
:1051B0005FD0B825C4F20205AC455AD040F2104584
:1051C000C4F2020552E045F26B45C5F60205AC4556
:1051D0003CDC45F23045C5F60205AC4549D045F208
:1051E0004445C5F60205AC4543D045F258453BE081
:1051F0005825C4F20205AC453BD07025C4F2020527
:10520000AC4536D08825C4F202052FE040F2B845FF
:10521000C4F20205AC452CD045F20845C5F602059E
:10522000AC4526D045F21C451EE040F22845C4F2AC
:105230000205AC451DD040F24045C4F20205AC4524
:1052400017D040F25845C4F202050FE045F26C4514
:10525000C5F60205AC450CD045F29445C5F60205ED
:10526000AC4506D045F28045C5F60205AC4540F098
:10527000CC80456EC66E002E866E6E601CBFD0E977
:105280001C566E60A44515DC9F24C4F20204A4459C
:105290002BDC5724C4F20204A4454EDC1024C4F2D3
:1052A0000204A44576D02824C4F20204A44571D097
:1052B00040246BE045F22F44C5F60204A44527DCE8
:1052C00040F2B744C4F20204A44542DC40F2704408
:1052D000C4F20204A4455DD040F28844C4F2020442
:1052E000A44557D040F2A04450E040F22744C4F215
:1052F0000204A4453CDCA024C4F20204A44549D025
:10530000B824C4F20204A44544D040F210443DE065
:1053100045F26B44C5F60204A44553DC45F2304423
:10532000C5F60204A4455FD045F24444C5F6020424
:10533000A44559D045F2584452E05824C4F202041E
:10534000A44527D07024C4F20204A44522D08824A6
:105350001CE040F2B844C4F20204A4451AD045F25D
:105360000844C5F60204A4453ED045F21C4437E08B
:1053700040F22844C4F20204A4450BD040F2404459
:10538000C4F20204A44505D040F25844C4F2020419
:10539000A4453AD18468C06D00F01F003F2505FA8E
:1053A00000F0CEF80800DCF80000402C20F480204B
:1053B000CCF80000CCF8043023D1CCF80820CCF88D
:1053C0000C1070BD45F26C44C5F60204A4450BD028
:1053D00045F28044C5F60204A44505D045F2944444
:1053E000C5F60204A44510D1C46D012504F01F04C4
:1053F000806805FA04F4CEF804404028CCF8043064
:10540000DBD0CCF80810CCF80C2070BD00000000F8
:1054100070470000000000004FF4805002F000BD13
:10542000042002F0FDBC0000EFF3108072B600BF54
:10543000FEE700000000000044F60400C5F602008C
:10544000816841F0020181600168890409D4016822
:1054500089045CBF01685FEA814102D40168890464
:10546000F2D57047000000004BF6C800C2F20040C1
:1054700001F006BF000000004BF66810C2F20040C9
:1054800001F0FEBE000000004BF60820C2F2004012
:1054900001F0F6BE00000000F0B5D1E900C4D1F87B
:1054A00008E00D692CB14EEA0C04254345F0804C10
:1054B00003E045EA8C4444EA0E0C856ED0F8847013
:1054C000D1E907466B438D6944EA0660D1F814E0E0
:1054D000CC68054307EB830045EA0E0647F823C076
:1054E00046EA04434360CB68002B08BFF0BD4EF68C
:1054F0006C0C083001320023C0F6030CD71857F8A3
:10550000017CC750CF6804331CF80770BB42F5D349
:10551000F0BD0000000000002DE9F041044602F05B
:105520006FFD14B3054694F83500022820D140F2EF
:105530000F472668C4F2020740F26F48BE426FF080
:105540000E00C4F2020817DC6F21C4F202018E4281
:1055500023DC3F21C4F202018E4239DC1021C4F267
:1055600002018E4258D0282151E00120BDE8F0818F
:1055700080206065012037E246451ADC40F23F4159
:10558000C4F202018E422ADC40F21041C4F2020150
:105590008E4241D040F2284139E09F21C4F20201FD
:1055A0008E4225DC7021C4F202018E4234D0882163
:1055B0002DE040F29F41C4F202018E421FDC40F216
:1055C0007041C4F202018E4226D040F288411EE0B2
:1055D0004021C4F202018E421ED0582117E040F251
:1055E0004041C4F202018E4216D040F258410EE012
:1055F000A021C4F202018E420ED0B82107E040F291
:10560000B841C4F202018E4206D040F2A041C4F279
:1056100002018E42314607D13146306820F01E002B
:1056200041F8140B6FF080000A68464500EA02005A
:10563000086019DC9F20C4F20200864231DC57204A
:10564000C4F20200864256DC1020C4F202008642F8
:1056500000F091802820C4F20200864200F08B8086
:105660004020C4F2020084E045F22F40C5F602005B
:1056700086422BDC40F2B740C4F20200864248DC8E
:1056800040F27040C4F20200864274D040F288407A
:10569000C4F2020086426ED040F2A040C4F2020082
:1056A00067E040F22740C4F20200864240DCA020BE
:1056B000C4F2020086425ED0B820C4F202008642E4
:1056C00059D040F21040C4F2020052E045F26B4063
:1056D000C5F6020086423CDC45F23040C5F60200C9
:1056E000864248D045F24440C5F60200864242D088
:1056F00045F258403BE05820C4F2020086423AD0BE
:105700007020C4F20200864235D08820C4F2020024
:105710002FE040F2B840C4F2020086422BD045F29E
:105720000840C5F60200864225D045F21C401EE026
:1057300040F22840C4F2020086421CD040F24040B1
:10574000C4F20200864216D040F25840C4F2020071
:105750000FE045F26C40C5F6020086420BD045F2E0
:105760009440C5F60200864205D045F28040C5F659
:105770000200864204D1206E016821F4807101602C
:10578000306820F0010030603068C0070BD002F0B4
:1057900037FC401B0628F7D320206065032084F8DF
:1057A0003500012020E120680821B8424FF03F0277
:1057B00010DC6F23C4F2020398421CDC3F23C4F2C6
:1057C0000203984232DC1023C4F20203984251D003
:1057D00028234AE040451ADC40F23F43C4F202036A
:1057E00098422ADC40F21043C4F20203984241D0AE
:1057F00040F2284339E09F23C4F20203984225DC9B
:105800007023C4F20203984234D088232DE040F282
:105810009F43C4F2020398421FDC40F27043C4F27B
:105820000203984226D040F288431EE04023C4F28F
:10583000020398421ED0582317E040F24043C4F2BE
:105840000203984216D040F258430EE0A023C4F25F
:10585000020398420ED0B82307E040F2A043C4F2FE
:105860000203984206D040F2B843C4F202039842C1
:1058700040F0BF80D4E9163707F01F07404502FA11
:1058800007F25A5019DC9F21C4F20201884231DC30
:105890005721C4F20201884256DC1021C4F20201F1
:1058A000884200F091802821C4F20201884200F071
:1058B0008B804021C4F2020184E045F22F41C5F6FD
:1058C000020188422BDC40F2B741C4F20201884257
:1058D00048DC40F27041C4F20201884274D040F2C8
:1058E0008841C4F2020188426ED040F2A041C4F265
:1058F000020167E040F22741C4F20201884240DC25
:10590000A021C4F2020188425ED0B821C4F2020193
:10591000884259D040F21041C4F2020152E045F2EF
:105920006B41C5F6020188423CDC45F23041C5F6C8
:105930000201884248D045F24441C5F6020188423E
:1059400042D045F258413BE05821C4F2020188425E
:105950003AD07021C4F20201884235D08821C4F2C5
:1059600002012FE040F2B841C4F2020188422BD07C
:1059700045F20841C5F60201884225D045F21C4196
:105980001EE040F22841C4F2020188421CD040F2DD
:105990004041C4F20201884216D040F25841C4F29C
:1059A00002010FE045F26C41C5F6020188420BD0BE
:1059B00045F29441C5F60201884205D045F2804186
:1059C000C5F6020188420BD1616EA26EE06E4A609C
:1059D00030B1016821F480710160D4E91C0141609B
:1059E000012084F835000020002184F83410BDE83F
:1059F000F081042101223DE7F0B190F83510022931
:105A000018D180B540F20F420168C4F202029142FF
:105A100014DC6F23C4F20203994224DC3F23C4F256
:105A2000020399423ADC1023C4F20203994258D08F
:105A3000282352E0802141650120704740F26F43E6
:105A4000C4F2020399421ADC40F23F43C4F202035B
:105A500099422ADC40F21043C4F20203994240D03A
:105A600040F2284339E09F23C4F20203994225DC27
:105A70007023C4F20203994233D088232DE040F210
:105A80009F43C4F2020399421FDC40F27043C4F208
:105A90000203994225D040F288431EE04023C4F21D
:105AA000020399421DD0582317E040F24043C4F24C
:105AB0000203994215D040F258430EE0A023C4F2ED
:105AC000020399420DD0B82307E040F2B843C4F274
:105AD0000203994205D040F2A043C4F20203994266
:105AE0006ED191424FF0040280F8352010DC6F2017
:105AF000C4F20200814220DC3F20C4F20200814255
:105B000036DC1020C4F20200814253D028204EE03F
:105B100040F26F40C4F2020081421ADC40F23F4082
:105B2000C4F2020081422ADC40F21040C4F20200BA
:105B300081423FD040F2284039E09F20C4F2020069
:105B4000814225DC7020C4F20200814232D08820DC
:105B50002DE040F29F40C4F2020081421FDC40F27F
:105B60007040C4F20200814224D040F288401EE01E
:105B70004020C4F2020081421CD0582017E040F2BD
:105B80004040C4F20200814214D040F258400EE07E
:105B9000A020C4F2020081420CD0B82007E040F2FD
:105BA000B840C4F20200814204D040F2A040C4F2E6
:105BB00002008142086820F001000860002080BDDA
:105BC0000A6822F00E020A6045F25742C5F6020248
:105BD00091420A6822F001020A600EDC45F22F426F
:105BE000C5F60202914217DC45F20842C5F60202F0
:105BF000914226D045F21C421FE045F27F42C5F695
:105C00000202914211DC45F25842C5F6020291426D
:105C100017D045F26C4210E045F23042C5F6020260
:105C200091420ED045F2444207E045F29442C5F657
:105C30000202914205D045F28042C5F6020291422D
:105C40001AD1D0E9181CD0E916E30A6822F4807250
:105C50000A6003F01F01012202FA01F1CEF80410DC
:105C6000816ECCF80410C16E31B10A6822F48072E2
:105C70000A60D0E91C124A60012180F83510016DDC
:105C80000022002980F8342098D08847002080BD69
:105C90002DE9F04782B00021019140F2340148F231
:105CA000B513C2F20041C1F64E33856D40F26F4923
:105CB0000A680168C4F202092E68A2FB032849455C
:105CC0002A6815DC9F22C4F2020291422BDC572283
:105CD000C4F2020291424FDC1022C4F2020291424D
:105CE00078D02822C4F20202914273D040226CE0A4
:105CF00045F22F43C5F60203994227DC40F2B74331
:105D0000C4F20203994243DC40F27042C4F2020240
:105D100091425FD040F28842C4F20202914259D0CF
:105D200040F2A04251E040F22742C4F20202914206
:105D30003DDCA022C4F2020291424BD0B822C4F250
:105D40000202914246D040F210423EE045F26B43DF
:105D5000C5F60203994273DC45F23043C5F60203EF
:105D6000994200F0808045F24443C5F6020399420F
:105D700079D045F2584371E05822C4F202029142B0
:105D800028D07022C4F20202914223D088221CE063
:105D900040F2B843C4F2020399421BD045F20843D3
:105DA000C5F6020399425ED045F21C4356E040F22C
:105DB0002842C4F2020291420CD040F24042C4F2A6
:105DC0000202914206D040F25842C4F202029142CD
:105DD00040F02D83C26D082302F01F0240F20F4AEB
:105DE0009340C4F2020A334200F0D18051454FF093
:105DF000040412DC6F27C4F20207B94264DC3F27B7
:105E0000C4F20207B94200F392801027C4F20207DD
:105E1000B94200F0B0802827A8E0494560DC40F294
:105E20003F47C4F20207B94200F3888040F21047AE
:105E3000C4F20207B94200F09E8040F2284795E084
:105E400045F26C43C5F6020399420CD045F28043FB
:105E5000C5F60203994206D045F29443C5F6020303
:105E6000994240F0E4820B68C76D07F01F070426D3
:105E7000BE40164218BF13F004041BD10226BE40D8
:105E8000164218BF13F0020439D1FA40120740F14C
:105E9000CE8213F0080200F0CA820A6822F00E02D5
:105EA0000A60012101FA07F26A60416580F8351045
:105EB000C16C5BE21A046E6033D49A0635D40A686A
:105EC00022F004020A6030E09F27C4F20207B942C0
:105ED0003DDC7027C4F20207B9424CD0882745E068
:105EE00040F29F47C4F20207B94237DC40F27047E4
:105EF000C4F20207B9423ED040F2884736E01A04A5
:105F00006E6000F197829A0600F198820A6822F08A
:105F10000A020A60012180F83510002180F834104F
:105F20008CE2D90301D4816C7CE2016C7AE24027D7
:105F3000C4F20207B9421ED0582717E040F240478A
:105F4000C4F20207B94216D040F258470EE0A0272B
:105F5000C4F20207B9420ED0B82707E040F2A047CA
:105F6000C4F20207B94206D040F2B847C4F20207B1
:105F7000B94218BF08240F68274208D00F6827F0DD
:105F800004070F60AB60436D43F0010343650123D9
:105F9000934033426AD0514510DC6F27C4F20207A8
:105FA000B9421CDC3F27C4F20207B94232DC102799
:105FB000C4F20207B94251D028274AE049451ADC09
:105FC00040F23F47C4F20207B9422ADC40F21047D0
:105FD000C4F20207B94241D040F2284739E09F2776
:105FE000C4F20207B94225DC7027C4F20207B942A5
:105FF00034D088272DE040F29F47C4F20207B9420F
:106000001FDC40F27047C4F20207B94226D040F2CA
:1060100088471EE04027C4F20207B9421ED0582725
:1060200017E040F24047C4F20207B94216D040F2EE
:1060300058470EE0A027C4F20207B9420ED0B82795
:1060400007E040F2A047C4F20207B94206D040F28E
:10605000B847C4F20207B94240F0F2814F693F06E7
:1060600004D5AB60436D43F00203436504239340C2
:1060700033426AD0514510DC6F27C4F20207B9429F
:106080001CDC3F27C4F20207B94232DC1027C4F2FD
:106090000207B94251D028274AE049451ADC40F2AC
:1060A0003F47C4F20207B9422ADC40F21047C4F26B
:1060B0000207B94241D040F2284739E09F27C4F295
:1060C0000207B94225DC7027C4F20207B94234D076
:1060D00088272DE040F29F47C4F20207B9421FDC37
:1060E00040F27047C4F20207B94226D040F2884716
:1060F0001EE04027C4F20207B9421ED0582717E01D
:1061000040F24047C4F20207B94216D040F2584765
:106110000EE0A027C4F20207B9420ED0B82707E06C
:1061200040F2A047C4F20207B94206D040F2B84795
:10613000C4F20207B94240F085810F68BF0704D559
:10614000AB60436D43F004034365102303FA02F28E
:1061500032427AD051454FF0080310DC6F27C4F269
:106160000207B9421CDC3F27C4F20207B94232DC05
:106170001027C4F20207B94251D028274AE0494506
:106180001ADC40F23F47C4F20207B9422ADC40F26F
:106190001047C4F20207B94241D040F2284739E023
:1061A0009F27C4F20207B94225DC7027C4F2020718
:1061B000B94234D088272DE040F29F47C4F202074D
:1061C000B9421FDC40F27047C4F20207B94226D040
:1061D00040F288471EE04027C4F20207B9421ED0B1
:1061E000582717E040F24047C4F20207B94216D0E0
:1061F00040F258470EE0A027C4F20207B9420ED081
:10620000B82707E040F2A047C4F20207B94206D01F
:1062100040F2B847C4F20207B94218BF04230F681E
:106220001F4212D0AA600A6852030A6806D4D20537
:1062300006D40A6822F008020A6001E011034ED475
:10624000016C11B1044688472046C16D01F01F0260
:10625000202101FA02F3334200F0A88001681027E0
:10626000514510DC6F26C4F20206B1421CDC3F2609
:10627000C4F20206B14236DC1026C4F20206B14274
:1062800055D028264EE049451ADC40F23F46C4F27C
:106290000206B1422EDC40F21046C4F20206B142C0
:1062A00045D040F228463DE09F26C4F20206B142A6
:1062B00029DC7026C4F20206B14238D0882631E0CB
:1062C00040F29F46C4F20206B14223DC40F270461F
:1062D000C4F20206B1422AD040F2884622E0816C24
:1062E0000029AFD1B1E74026C4F20206B1421ED068
:1062F000582617E040F24046C4F20206B14216D0DA
:1063000040F258460EE0A026C4F20206B1420ED07A
:10631000B82607E040F2A046C4F20206B14206D019
:1063200040F2B846C4F20206B14218BF02270E6816
:106330003E423BD0AB6090F83530042B0B681CD14B
:1063400023F016030B604B6923F080034B61036C51
:106350000BB9836C1BB10B6823F008030B603F2162
:106360009140A960012180F83510016D00294FF09E
:10637000000280F8342056D159E05A030A680CD440
:10638000D2050ED40A6822F010020A60012180F8BA
:106390003510002180F8341003E0110301D4416C62
:1063A00000E0C16B11B1044688472046416D0029C9
:1063B0003DD0416DC90734D0042180F83510016803
:1063C0004FEA98220B6823F001030B60019B013315
:1063D000019393421AD80B68DB0717D0019B013356
:1063E0000193934212D80B68DB070FD0019B013356
:1063F000019393420AD80B68DB0707D0019B013356
:106400000193934202D80B68DB07DFD10968C90703
:106410004FF0030108BF012180F83510002180F8FA
:106420003410C16C19B102B0BDE8F047084702B0A2
:10643000BDE8F087D90301D4416CF3E7C16BF1E704
:106440000B6813E60B6880E62DE9F041044601F085
:10645000D7FDECB140F26F4805462068C4F202084F
:10646000404518DC9F21C4F2020188422EDC5721EE
:10647000C4F20201884254DC1021C4F202018842B5
:106480007ED02821C4F20201884279D0402172E0F6
:106490000120BDE8F08145F22F41C5F60201884296
:1064A00027DC40F2B741C4F20201884245DC40F2E9
:1064B0007041C4F20201884262D040F28841C4F2C5
:1064C000020188425CD040F2A04154E040F22741F2
:1064D000C4F20201884240DCA021C4F202018842D9
:1064E0004ED0B821C4F20201884249D040F2104196
:1064F00041E045F26B41C5F60201884200F3C780D6
:1065000045F23041C5F60201884200F0D28045F2E2
:106510004441C5F60201884200F0CB8045F2584163
:10652000C3E05821C4F20201884229D07021C4F28C
:106530000201884224D088211DE040F2B841C4F213
:10654000020188421CD045F20841C5F6020188428A
:1065500000F0AF8045F21C41A7E040F22841C4F2B0
:10656000020188420CD040F24041C4F2020188424C
:1065700006D040F25841C4F20201884240F0D58072
:10658000022184F83510002184F83410016821F0CC
:106590000101016020680168C9070CD001F030FDDD
:1065A000401B0628F6D320206065032084F83500C0
:1065B0000120BDE8F08148F23F0204F108060168BD
:1065C000CFF61062114065694CCE1143A2691943A0
:1065D000E3693143266A0D43616A2B43042943EA88
:1065E000060343EA020303D1D4E90B652E43334388
:1065F0006568A5F12906292E00F21382DFE816F05E
:106600002A002A002A002A002A002A001102110268
:1066100011021102110211021102110211021102E2
:106620001102110211021102110211022A002A00A4
:106630002A002A0011021102110211022A002A0066
:106640001102110211021102110211022A002A0084
:106650002A002A0043F4801303600429436923F0CD
:10666000070341EA030140F07B80D4E90A53002B81
:1066700041EA050174D0B2F5005F58D0002A62D11A
:10668000022D63D0012D58D0002D5FD068E045F277
:106690006C41C5F6020188420BD045F28041C5F637
:1066A0000201884205D045F29441C5F602018842B4
:1066B0003BD104F1080E022184F83510002184F842
:1066C00034100168A3699EE80450A2F18005E769CF
:1066D000B5FA85F566696D09402A4FEA853543EAC2
:1066E00007026FF3101142EA060208BF102541EAC3
:1066F000DC0142EA0E02236A294341EAD20141EA5F
:10670000131140F80819C0B2CD2148433C2101EAD9
:106710009020E0652046FEF773FCE16D012201F058
:106720001F0102FA01F1416025E040203CE7032D02
:1067300016D8DFE805F00E0B0E02A3F1C072B2FA14
:1067400082F2520904E0032D03D309D1C3F300629E
:1067500032B140206065012084F83500BDE8F08149
:1067600041612046FEF74CFCE16D3F2201F01F0124
:1067700002FA01F181602068404519DC9F21C4F2D2
:106780000201884231DC5721C4F20201884256DC02
:106790001021C4F20201884200F092802821C4F244
:1067A0000201884200F08C804021C4F2020184E0A2
:1067B00045F22F41C5F6020188422BDC40F2B74179
:1067C000C4F20201884248DC40F27041C4F2020186
:1067D000884275D040F28841C4F2020188426FD0ED
:1067E00040F2A041C4F2020167E040F22741C4F246
:1067F0000201884240DCA021C4F2020188425FD03D
:10680000B821C4F2020188425AD040F21041C4F2C9
:10681000020152E045F26B41C5F6020188423CDCC0
:1068200045F23041C5F60201884249D045F2444163
:10683000C5F60201884243D045F258413BE0582159
:10684000C4F2020188423BD07021C4F202018842A6
:1068500036D08821C4F202012FE040F2B841C4F2E0
:10686000020188422CD045F20841C5F60201884257
:1068700026D045F21C411EE040F22841C4F202013C
:1068800088421DD040F24041C4F20201884217D034
:1068900040F25841C4F202010FE045F26C41C5F6E6
:1068A000020188420CD045F29441C5F602018842AB
:1068B00006D045F28041C5F60201884240F0D980F9
:1068C00045F2574C45F6FC0EC5F6020CC5F6020E15
:1068D00060450EDC45F22F41C5F60201884217DC07
:1068E00045F20841C5F60201884226D045F21C4116
:1068F0001FE045F27F41C5F60201884211DC45F2F6
:106900005841C5F60201884217D045F26C4110E0AB
:1069100045F23041C5F6020188420ED045F24441AD
:1069200007E045F29441C5F60201884205D045F2E0
:106930008041C5F60201884244D100F0FC014CF6CA
:10694000CD420839CCF6CC42A1FB0212AEF1FC05D7
:10695000AEF17C061309A26803F01F01802A4FF0F4
:10696000010205EB8305256602FA01F26666A2665E
:1069700004D100206060286072601CE06368D9B2B6
:106980005F1E072F2960726015D84E1E082E17D281
:1069900060450EF1440235DC45F22F41C5F6020197
:1069A000884245DC45F20841C5F60201884254D0D0
:1069B00045F21C414DE000206067C4E91B0058E02F
:1069C000E06E51E000F0F8014AF6AB221039CAF649
:1069D000AA22A1FB021240F20F43C4F202030825CF
:1069E0001109984203F1AA060B4688BF05EB121362
:1069F00040F60005B042C4F2020505F1800628BF4A
:106A00000B46A8E745F27F41C5F60201884218DC33
:106A100045F25841C5F6020188421ED045F26C414C
:106A200017E025F00307742F08BF43F4801313E623
:106A300045F23041C5F6020188420ED045F244418C
:106A400007E045F28041C5F60201884205D045F2D3
:106A50009441C5F60201884212D10EEB8300012158
:106A6000E066B1402267616700210160D4E91C0142
:106A7000416000206065012184F83510BDE8F08197
:106A800040F60000C4F2020000F1FC0E00F5A07216
:106A9000E3E700000000000030B110B590F834408A
:106AA000012C03D1022010BD01207047012480F881
:106AB000344090F83540012C2BD1022480F8354029
:106AC00000244465D0F800C0DCF8004024F0010444
:106AD000CCF800400446FEF71FFB40F20F4C206844
:106AE000C4F2020C40F26F416045C4F2020118DCAE
:106AF0006F23C4F20203984224DC3F23C4F2020352
:106B000098423ADC1023C4F20203984259D0282359
:106B100052E04FF400614165002180F834100120FB
:106B200010BD88421ADC40F23F43C4F2020398428F
:106B30002ADC40F21043C4F20203984241D040F2F2
:106B4000284339E09F23C4F20203984225DC7023D6
:106B5000C4F20203984234D088232DE040F29F43D0
:106B6000C4F2020398421FDC40F27043C4F20203F5
:106B7000984226D040F288431EE04023C4F202032C
:106B800098421ED0582317E040F24043C4F202035B
:106B9000984216D040F258430EE0A023C4F20203FC
:106BA00098420ED0B82307E040F2B843C4F2020383
:106BB000984206D040F2A043C4F20203984240F04B
:106BC000238103680B2262F344030360226C1AB131
:106BD000082302681A430260884219DC9F22C4F22B
:106BE0000202904231DC5722C4F20202904256DC8B
:106BF0001022C4F20202904200F091802822C4F2D6
:106C00000202904200F08B804022C4F2020284E033
:106C100045F22F42C5F6020290422BDC40F2B74209
:106C2000C4F20202904248DC40F27042C4F2020216
:106C3000904274D040F28842C4F2020290426ED078
:106C400040F2A042C4F2020267E040F22742C4F2DE
:106C50000202904240DCA022C4F2020290425ED0C6
:106C6000B822C4F20202904259D040F21042C4F25B
:106C7000020252E045F26B42C5F6020290423CDC51
:106C800045F23042C5F60202904248D045F24442F5
:106C9000C5F60202904242D045F258423BE05822EB
:106CA000C4F2020290423AD07022C4F20202904230
:106CB00035D08822C4F202022FE040F2B842C4F27A
:106CC000020290422BD045F20842C5F602029042E1
:106CD00025D045F21C421EE040F22842C4F20202D6
:106CE00090421CD040F24042C4F20202904216D0C0
:106CF00040F25842C4F202020FE045F26C42C5F67F
:106D0000020290420BD045F29442C5F60202904234
:106D100005D045F28042C5F6020290426ED1236E44
:106D20001A68D20303D51A6842F480721A60E36EBF
:106D30001BB11A6842F480721A60604510DC6F2142
:106D4000C4F2020188421CDC3F21C4F202018842E5
:106D500032DC1021C4F2020188424FD028214AE0DF
:106D600088421ADC40F23F41C4F2020188422ADC28
:106D700040F21041C4F2020188423FD040F2284163
:106D800039E09F21C4F20201884225DC7021C4F25F
:106D90000201884232D088212DE040F29F41C4F2A6
:106DA000020188421FDC40F27041C4F202018842B5
:106DB00024D040F288411EE04021C4F20201884202
:106DC0001CD0582117E040F24041C4F20201884231
:106DD00014D040F258410EE0A021C4F202018842D2
:106DE0000CD0B82107E040F2B841C4F20201884259
:106DF00004D040F2A041C4F202018842016841F08F
:106E000001010160002010BD0268052363F3430205
:106E10000260226C002A3FF4DFAE0423D9E60000B2
:106E2000B0B5044601F0ECF840F260310546C2F21C
:106E30000041621C097818BF0C4400BF01F0E0F863
:106E4000401BA042FAD3B0BD90F89830013B012B13
:106E50000BD80068836D0B420CD0836D0B408B42C6
:106E60000CD1C36D43F0020309E000F19C01012045
:106E7000022221E0C36D43F0010300E00323C36558
:106E80008B0504D5D0F8E0301343C0F8E0304B0553
:106E900004D5D0F8E4301A43C0F8E4204FF6FF726E
:106EA000436DC3F6CF720A401A4342658A0F4AF611
:106EB00014010020C4F200010B681A430A607047F5
:106EC00090F89830022B1BD1B0B50368D3F8C050AE
:106ED00015F07C5F1CD0D3F8C450AD021DD4D3F89C
:106EE000C4300546C3F304442346FEF7D5FA2868A8
:106EF0000121A140C0F8D0100020C5F89410B0BD09
:106F0000D0F89C1041F00801C0F89C100120704797
:106F1000D0F89C1041F0200103E0D0F89C1041F41F
:106F20000071C0F89C100120B0BD000000000000FE
:106F3000704700000000000090F89820013A012AF4
:106F40000BD880B50A68002ACA680ED00B69072AD8
:106F500043EA427E16D18B6919E0D0F89C1041F0CB
:106F60000201C0F89C1001207047072A18D10A6955
:106F7000D1E906C3120442EA032242EA0C0242F0BB
:106F8000605217E0D1F808C04B6943EA8C73006F78
:106F9000496800EBC10240F831E05360002080BD39
:106FA0008B68D1E904CE9B0743EAC26242EA0C42F5
:106FB00042EA0E024968C06E40F82120002080BDE0
:106FC000704700000000000070B582B04BF6C802A8
:106FD0000446C2F200420D4690420FD04BF66810B4
:106FE000C2F2004084420BD04BF60820C2F20040AF
:106FF000844207D0A80119D402B070BD002002E07D
:10700000012000E002204AF670515422C2F20041F1
:1070100010FB0216294670680130706020460AF0A5
:107020009BFEA801E8D5F0680130F06047F6C86122
:10703000C2F20041086810B1C268A2420AD0486892
:1070400010B1C268A24205D088680028D4D0C168B7
:10705000A142D1D1012180F8C110002101918068A5
:1070600001A932F0C9FC01980028C5D04EF60450A1
:107070004FF08051CEF200000160BFF34F8FBFF39D
:107080006F8F02B070BD0000D0F89C007047000008
:10709000B422402908BFA4220068805800F07F0075
:1070A00070470000000000002DE9F04390F8987050
:1070B000022F11D1402914D10668D6F8A07017F418
:1070C000FE0F2AD0D6F8A4707F062BD0D6F8A47075
:1070D000FF0130D4002731E0D0F89C1041F00801C6
:1070E00024E041290FD10668D6F8B07017F4FE0FDE
:1070F00013D0D6F8B4707F0614D0D6F8B470FF0160
:1071000025D4002726E0076DB94206D200F17C05A0
:10711000466D4FF0000C0F4625E0D0F89C1041F072
:10712000200103E0D0F89C1041F48071C0F89C105D
:107130000120BDE8F083D6F8A070FF0FD6F8A46058
:1071400000F17405C6F305263E44476C0AE0D6F804
:10715000B070FF0FD6F8B46000F17805C6F30526CD
:107160003E44C76CB44607FB06F42D6805EB840E5D
:1071700055F8247017F08047576055F8247027F0B1
:10718000604608BFC7F38A46166055F8247007F0BA
:107190000057976055F8244004F000441461BEF88D
:1071A0000440D461BEF8064014F00F04D460DEF849
:1071B000044004F480145461DEF8044004F4001424
:1071C00094619EF8074004F07F041462DEF80440E6
:1071D0004FEAD474546228D04EF66C080024C0F6EE
:1071E00003080EEB0406651C377A1F55D76818F89C
:1071F0000770BD4219D21F19757A7D70D56818F8CD
:107200000590A51C4D453FBFB57ABD70D56818F8EF
:1072100005903CBFE51C4D4507D2F57A0434FD705E
:10722000D56818F80550AC42DBD3402905D1006879
:10723000C0F8A8C00020BDE8F083412905D100684E
:10724000C0F8B8C00020BDE8F0831F2908D8006846
:10725000012202FA01F1C0F898100020BDE8F08385
:10726000006801F01F01012202FA01F1C0F89C1030
:107270000020BDE8F083000070470000000000001F
:107280002DE9F04F87B004464AF61000C4F2000022
:1072900001684AF61400C4F20000026820680A403F
:1072A000D0F850B0D0F85490056D466D036D029340
:1072B000436D0193036D0693436D0593036D049332
:1072C000436D0393D0F854A0D0F850805FEACA53BE
:1072D00011D518F480710ED04FF4807101654AF613
:1072E00010010020C4F20001174608602046FFF795
:1072F000C3FF3A4620685FEA4A510BEA090B4FEA9E
:10730000827718D54AF6100918F48061C4F2000992
:1073100015D0D0F8DC100092D0F8E42011404FF4E2
:10732000806202650020C9F80000204600F054FD8C
:10733000009A206803E04AF61009C4F2000905EA41
:1073400006050BF4704657B10021016502F00300F9
:10735000C9F8000020463946FFF7EAFD2068DDE95C
:10736000012101EA020705F00F0546B1066500207C
:10737000C9F800002046314600F036FD206807F0CD
:10738000F00645B105650020C9F8000020462946F1
:1073900000F0CAFB206846B106650020C9F800006D
:1073A0002046314600F0F0FB20685FEA0A510CD518
:1073B00018F4006109D04FF4006101650020C9F89C
:1073C0000000204600F014FD20685FEA8A5111D5C4
:1073D00018F400710ED0D0F8D810D0F8E020114089
:1073E0004FF4007202650020C9F80000204600F04A
:1073F000F7FC20685FEA0A310CD518F4002109D0A7
:107400004FF4002101650020C9F80000204600F07B
:1074100087FB20685FEACA310CD518F4803109D0A7
:107420004FF4803101650020C9F80000204600F0CB
:10743000CFFC20685FEA4A31DDE9032101EA020559
:107440000CD518F4802109D04FF48021016500206B
:10745000C9F80000204600F0B7FC20685FEA8A31D6
:10746000DDE9052102EA010205F060710ED518F48C
:1074700000330BD04FF4003303650023C9F800300C
:10748000D4F89C3043F08003C4F89C3002F071556E
:1074900039B101650020C9F800002046FFF794FDCE
:1074A000206845B105650021C9F80010D4F89C108A
:1074B0002943C4F89C10A9F50161884209D0D4F889
:1074C0009C00002868D0204607B0BDE8F04FFFF7C9
:1074D00077BD606881688907F1D0016A426A036AF2
:1074E000476A114003EA070202F03005D0F8208015
:1074F000D0F82490D0F820B0466A026A069211F0C3
:107500000F01426A0592D0F824A0026A049203D0C7
:107510000162204600F04CFC08EA09072DB16068C2
:1075200029460562204600F04BFC5FEA4A6006EA05
:107530000B0607F4C0750ED5049810F040000AD071
:1075400060684023C16BC26B090C02F03F0203620A
:10755000204600F031FCDDE9051000EA010706F4E1
:10756000FC462DB1606829460562204600F01CFCEF
:1075700007F4F02036B161680E62D4F89C103143F4
:10758000C4F89C1000289AD061680862D4F89C1056
:107590000843C4F89C0092E707B0BDE8F08F0000F4
:1075A00040B32DE9F04F83B04AF200080446C4F21C
:1075B00000080068404502D108F58071616094F8C8
:1075C000981031B9002084F89900204600F0E0F9C5
:1075D0002068816921F01001816100F011FD0546EC
:1075E00020688169090707D500F00AFD401B0B28B8
:1075F000F6D312E001207047816941F001018161F9
:1076000000F0FEFC054600BF20688169C90711D162
:1076100000F0F6FC401B0B28F6D30120D4F89C1098
:107620000843C4F89C00032084F89800012003B0AC
:10763000BDE8F08F816941F002018161217C82699E
:1076400022F04002012918BF40328261617C8269C8
:1076500022F48042012908BF02F580428261A17CA8
:10766000826922F48052012918BF02F5805282619A
:10767000816921F44073D4E902120B438361836969
:1076800023F0A4038361036923F0100303619AB11B
:10769000012A0DD0022A09D08369032A43F080030E
:1076A0008361036943F01002026105D1202200E0EA
:1076B000042283691A438261D4E90572E369561E84
:1076C0006FF0FF02256A02EB0323B1F5407F43EA26
:1076D0004663A5F1010646EA030640F20003CFF631
:1076E000FF7303EB074746EA0701C16110D1D4E9F4
:1076F0000B65D4E90917013F02EB06226FF00F0674
:107700003A4306EB05173A4303EB01411143C160CD
:10771000236E2BB1616ED0F8C0201143C0F8C010A9
:10772000E16DCDE90113D9424CF21061C0F60301BD
:1077300009D0D0F8C820A36E22F0070251F82330F8
:107740001A43C0F8C820D4F840C0BCF1000F09D0DB
:10775000D0F8BC20636C22F0070251F823301A43A2
:10776000C0F8BC20D4F848B0BBF1000F0AD0D0F864
:10777000BC20E36C22F0700251F8233042EA03127D
:10778000C0F8BC20D4F850A0BAF1000F0AD0D0F84D
:10779000BC20636D22F4E06251F8231042EA01211B
:1077A000C0F8BC10404504D161688A6822F0030229
:1077B0008A600021C4F89410C4F89C10012184F858
:1077C000981004F13409D0F884104FF6FC729143FC
:1077D000656C99E80C02009541EA8201C0F88410BA
:1077E000D0F8841021F47F0141EA0341C0F88410ED
:1077F0009918D0F888306FF38F0343EA8103C0F8FB
:107800008830D0F8883023F4FE0343EA0943C0F8F7
:10781000883001EB4903D0F8A0606FF38F0646EA89
:107820008306C0F8A060D0F8A06026F4FE0646EA01
:107830000C46C0F8A06005FB0C36D0F8B0306FF3F2
:107840008F0343EA8603C0F8B030D0F8B03023F499
:10785000FE0343EA0B43C0F8B030E36CD0F8AC5001
:107860006FF38F0503FB0B6645EA8605C0F8AC5045
:10787000D4F8548008FB0A65D0F8F0606FF38F06E7
:1078800046EA8506C0F8F060D0F8F0E0A66D2EF468
:107890007C1747EA0647C0F8F070F70007EB85074A
:1078A000D0F8C0506FF38F052F43C0F8C070D0F8E8
:1078B000C070009DDDF804E027F47C1705FB0CFC8C
:1078C0004AF2000547EA0E47C0F8C070C4F200054E
:1078D00003FB0BC305F54067D0F8C05007EB8202ED
:1078E00007EB810125F07C57029D47EA0567C0F848
:1078F000C07001EBC90008FB0A372167A16E00EBDD
:107900008C0C606700EB8303E266C4E91EC30EFBC8
:1079100001F300EB87006943C4F8800000EBC60068
:10792000C4F8840000EB8300C4F8880000EB8100F9
:107930004DF2FC31C4F20001C4F89000884201D934
:1079400020206BE682421ED21146002041F8040B33
:10795000D4F890309942BFF46AAE506002F1080149
:10796000D4F8903099423FBF906002F10C01D4F8F6
:1079700090309942BFF45BAED0601032D4F89010D2
:107980008A42E1D353E6002003B0BDE8F08F000047
:1079900010B586B04DF200420068C4F2000200212A
:1079A00090420591CDE90311CDE9011179D04AF258
:1079B0000041C4F2000188423DD04AF20001C4F205
:1079C0000001884240F0A78045F6AC4144F2E04017
:1079D000C2F20041C5F602000A68002A02F1010263
:1079E0000A6008D1C16841F48071C160C16801F4C6
:1079F000807100910099016841F008010160006800
:107A000040F2004100F008000090C5F60201009825
:107A100003200190022002900020CDE903000920FC
:107A2000059001F5006001A900F006FA1320062177
:107A3000002213246AE045F6AC4144F2E040C2F271
:107A40000041C5F602000A68002A02F101020A603C
:107A500008D1C16841F48071C160C16801F48071CE
:107A600000910099016841F002010160006801A9DC
:107A700000F00200009000984FF440500190022066
:107A800002900020CDE903000920059040F200405B
:107A9000C5F6020000F0D0F91420072100221424BA
:107AA00034E045F6AC4144F2E040C2F20041C5F694
:107AB00002000A68002A02F101020A6008D1C168C6
:107AC00041F48071C160C16801F480710091009936
:107AD000016841F0200101600068002100F02000F1
:107AE00000900098C020CDE9031140F200410190C0
:107AF000C5F6020102200290059001F5805001A90F
:107B000000F09AF99F20082100229F2400F090FBAA
:107B1000204600F079FB06B010BD00000000000018
:107B20007047000000000000B0B54BF6C8020446E4
:107B3000C2F200420D4690420DD04BF66810C2F2E0
:107B40000040844209D04BF60820C2F20040844233
:107B500012D1022002E0002000E001204AF670511C
:107B60005422C2F2004110FB021081680131816091
:107B7000002120460AF0F0F8E80708BFB0BD204613
:107B8000BDE8B0402FF060BF70470000000000006B
:107B900090F8981001290CD1022180F89810016802
:107BA0008A6922F001028A610021C0F89C1000203D
:107BB0007047D0F89C1041F00401C0F89C100120DF
:107BC000704700000000000090F89810022977D15B
:107BD00001688A6942F001028A618A69D2075CD130
:107BE00034228B69DB0758D18B69DB0704BF8B69B3
:107BF0005FEAC37351D18B69DB0704BF8B695FEA0E
:107C0000C3734AD18B69DB0704BF8B695FEAC37317
:107C100043D18B69DB0704BF8B695FEAC3733CD137
:107C20008B69DB0704BF8B695FEAC37335D18B694E
:107C3000DB0704BF8B695FEAC3732ED18B69DB0757
:107C400004BF8B695FEAC37327D18B69DB0704BF6D
:107C50008B695FEAC37320D18B69DB0704BF8B6933
:107C60005FEAC37319D18B69DB0704BF8B695FEAD5
:107C7000C37312D18B69DB0704BF8B695FEAC373DF
:107C80000BD18B69DB0704BF8B695FEAC37304D137
:107C90001A3A7BD08B69DB07A3D08A6922F01002E5
:107CA0008A618A69120713D48A6942F002028A61E2
:107CB0000021C0F89410012280F8982008467047EF
:107CC000D0F89C1041F00801C0F89C1001207047CA
:107CD00034228B691B07E7D58B691B0744BF8B696F
:107CE0005FEA0373E0D58B691B0744BF8B695FEACA
:107CF0000373D9D58B691B0744BF8B695FEA037394
:107D0000D2D58B691B0744BF8B695FEA0373CBD560
:107D10008B691B0744BF8B695FEA0373C4D58B690A
:107D20001B0744BF8B695FEA0373BDD58B691B07D3
:107D300044BF8B695FEA0373B6D58B691B0744BFE9
:107D40008B695FEA0373AFD58B691B0744BF8B69EF
:107D50005FEA0373A8D58B691B0744BF8B695FEA91
:107D60000373A1D58B691B0744BF8B695FEA03735B
:107D70009AD58B691B0744BF8B695FEA037393D560
:107D80001A3A03D08B691B07A3D48DE7D0F89C1057
:107D900041F00101C0F89C10032180F898100120E7
:107DA0007047000000000000704700000000000065
:107DB0007047000000000000704700000000000055
:107DC0007047000000000000704700000000000045
:107DD0007047000000000000704700000000000035
:107DE0007047000000000000704700000000000025
:107DF000704700000000000090FAA0F0B0FA80F098
:107E00000F2888BF704747F61871C2F2004151F839
:107E1000200010B1016809680847704700000000A1
:107E20008821C5F600010A68024208BF7047086051
:107E3000FFF7E2BF000000002DE9F04F83B00F68AC
:107E4000002F00F0C88000F1264642F2004506F1FE
:107E5000FF76C5F602050A22A8424FEAB62540F28F
:107E6000040C08BF092200F120030093082DC5F679
:107E7000000C38BF4FEAB622002400264FF000085D
:107E800001920AE008F101080F6837FA08F206F1DA
:107E9000020604F1040400F09E80012202FA08FEAA
:107EA00017EA0E09EED0D1F804B003220BF0030755
:107EB000B2407D1E6FEA020A012D11D88268CD689A
:107EC00002EA0A02B5402A438260CBF300154268F9
:107ED00022EA0E0205FA08F52A43426004E000BFD8
:107EE000032F01D103271FE0C2688D6802EA0A024E
:107EF000B540022F42EA0502C26015D16FF00302BD
:107F000004F01C0502EA580B009A0F2352F80BE00C
:107F1000AB400F692EEA0303AF403B4342F80B30FE
:107F2000D1F804B00BF00307026807FA06F302EA7F
:107F30000A021BF4403F42EA03020260A2D044F26C
:107F4000F44340F2084EC5F60203C5F6000E0F25B5
:107F50001A6842F002021A601A6802F002020292E3
:107F600028F00302029B04F00C0352F80E709D40AF
:107F7000AF43019D05FA03F33B4342F80E304FF047
:107F8000B04EDEF800204B6842EA0907DD0258BF18
:107F900022EA09079D02CEF80070DCF8002042EAD0
:107FA000090758BF22EA09079D03CCF80070DCF8E6
:107FB000802042EA090758BF22EA0907DB03CCF810
:107FC0008070DCF87C2042EA090758BF22EA0907E2
:107FD000CCF87C7056E703B0BDE8F08F00000000DD
:107FE0000069084018BF0120704700000000000031
:107FF000002A08BF090481617047000000000000EA
:1080000043F2E430C2F20240006870470000000012
:1080100040F2603043F2E431C2F20040C2F2024169
:1080200000780A68104408607047000000000000F3
:1080300080B5032000F02CF902F076FC44F21841E0
:108040004CF28A63C5F60201C0F603030A68C2F364
:1080500003229A5C096801F00F0102F01F02595CCB
:10806000D04040F23802C2F2004201F01F0120FA73
:1080700001F1116040F23401C2F2004108600F20AA
:1080800000F00AF800281CBF012080BD00F0A4F811
:10809000002080BD000000000F2843D8B0B58AB092
:1080A00004462C2000222146002500F0C1F82C2097
:1080B00000F0AAF840F26430C2F20040046044F2DA
:1080C000F040C5F60200016841F00201016000685D
:1080D00001A900F002000290029802A802F070FBD1
:1080E00002F0F2FB4DF683614000C4F21B3140F216
:1080F0000042A0FB01014CF27000C2F200404FF0C0
:10810000FF33C4F20102026003EB9141C0E90115A3
:1081100040F2E731C0E9031502F09AFF20B10120D7
:108120000AB0B0BD012070474CF27000C2F20040AE
:1081300003F012F80AB0B0BD10B54EF6A05E437859
:10814000CEF2000E90F800C04EF8083CDEF8003089
:1081500023F00103CEF8003043684EF8043C037B63
:10816000C27A817A447B120642EA0372837B42EA36
:10817000C141C27B41EA8441447A41EA4341007AE9
:1081800041EA024141EA042141EA400040EA0C0090
:10819000CEF8000010BD00004EF62450CEF20000D4
:1081A000BFF35F8F016821F4803101600021016716
:1081B00070470000000000004EF6245140F001001E
:1081C000CEF200010867086840F480300860BFF311
:1081D0004F8FBFF36F8F704781B044F2F44000229D
:1081E000C5F60200016841F00201016000680F213C
:1081F00000F0020000906FF00100009B01B000F061
:1082000017B8000000000000002848BF704700F0C9
:108210001F01012202FA01F14EF20012C0F34A10CE
:10822000CEF2000242F8201070470000000000006B
:1082300070B54EF60C5C4FF0FF36CEF2000C00F13C
:10824000604505F56445DCF80030C3F3022E8EF07E
:108250000703042B28BF0423BEF1030406FA03F32B
:1082600021EA030100F00F0338BF0024043B00287B
:10827000634406FA04F048BF03F10C05A14022EA6A
:10828000000008430001287070BD000000000000DD
:108290004EF60C514FF6FF03CEF200010A681A4069
:1082A00060F30A2242F0806040F0FD700860704781
:1082B00001680122C0F8D824002280F8CC24886903
:1082C00040F000608861486D40F08052002042F02C
:1082D00003024A657047000070470000000000007C
:1082E00002680020516270472DE9F043D0F8008009
:1082F000D8F82430A9B1D8F82870B1F1010C03EBFB
:10830000174351D05FFA8CF10C46012998BF012424
:10831000042908F5827104F0030E09D20027002415
:1083200029E0002043EA0241C8F82810BDE8F083A4
:1083300004F0FC0908F1F406002400BF56F8107F91
:1083400044F00100C0B244F00305EDB203EB174363
:1083500044F0020751F82000FFB2043403EB104050
:1083600051F8273051F82550E7B200EB13404F4544
:1083700000EB1543E2D1BEF1000F15D051F82700F4
:10838000BEF1010F03EB10430ED0601CBEF1020FD3
:10839000C0B251F8200003EB104305D0A01CC0B2BE
:1083A00051F8200003EB104308EB8C0043EA024134
:1083B000C0F804110020BDE8F083000000000000B8
:1083C000D0F8E00407F094B801EBC10200EB8202A0
:1083D000D0F8E004126A06F0FBBF000000000000C5
:1083E00001EBC10200EB8202D0F8E004D2F8602277
:1083F00007F046B800000000D0F8E00407F07CB8B1
:1084000010B54FFA81FC0A4601F00F0E4FF41571BA
:10841000BCF1000F4FEAD21248BF14210EEBCE0C74
:1084200090F89444431803EB8C01012C03F82CE0E2
:108430004A7001D1022010BD012280F89424026804
:108440000446104607F014FE002084F8940410BD82
:10845000B0B5027901F00F03934201D90120B0BDFC
:108460004AB24FF41574002A03EBC30E48BF14241C
:10847000C909021990F8944402EB8E0C012C4FF0BC
:1084800000048CF801108CF8024002F82E3001D163
:108490000220B0BD012180F8941401680546084609
:1084A000614608F0D1F8204685F89444B0BD00003C
:1084B00001F00F0101EBC10100EB8100D0F868026F
:1084C000704700000000000010B54FFA81FE01F077
:1084D0000F0C6FF3DF22BEF1000F0CEBCC0122D4A6
:1084E00000EB810E00218EF855120EF515718EF8F5
:1084F00054C2CEF85C228EF85832022B01D10022F1
:108500004A7190F89424012A01D1022010BD012261
:1085100080F8942402680446104607F051FC0020BD
:1085200084F8940410BD00EB81014FF0010E01F8B6
:1085300014CF81F801E08A600B71A1F81AC0022BF8
:10854000DDD0DEE70000000080B501F00F0C0CEB81
:10855000CC0100EB810E0021CEE998238379CEF87F
:1085600068128EF855120EF51571012B8EF854C253
:1085700008BFCA6100681A4608F0AEF8002080BD46
:10858000B0B5027901F00F0494424FF001022AD8ED
:108590004BB24FEAD11C002B4FF4157548BF214652
:1085A00048BF142590F894E401EBC1030544BEF1E3
:1085B000010F05EB830105F8234081F801C08A70A3
:1085C00001D10220B0BD80F894240546006808F06F
:1085D00063F82CB9A979286805F29C4208F004F8E0
:1085E000002285F894241046B0BD00000000000071
:1085F00080B501F00F0C90F806E00CEBCC01BEF159
:10860000010F00EB810101F814CF4FF0000C0B615A
:108610004FF00103CA60C1F814C04B7008BFCA61B3
:108620000068724608F058F8002080BD0000000085
:108630002DE9F04F87B005688246284608F060FAB9
:1086400010B107B0BDE8F08FDAF8000008F088FA42
:108650000028F6D0D5F80808C0F30D20CAF8D404D5
:10866000DAF8000008F07CFA8007DAF8000003D599
:10867000416901F00201416105F50061059108F0D1
:108680006FFAC006DAF80000069534D5816921F04A
:10869000100181612C6A04F00F0000EBC001C4F3EB
:1086A00043400AEB8101062801F5157511D0022817
:1086B0001AD147F6F07014EA000615D03409E968BB
:1086C0000698224608F050FAE86800EB1610E860B9
:1086D00007E00AF29C410822069808F045FAC4F324
:1086E0000A14686920446861DAF80000816941F081
:1086F00010018161069D08F033FA000340F1F88013
:10870000DAF8000008F008FA002800F0F1800646C8
:108710004FF4306800244FF0000B0AF29C400490A4
:1087200009E000BF0BF1010B760808F1200804F105
:10873000240400F0DD80F007F4D05FFA8BF9DAF85A
:108740000000494608F004FA0746C0075FD005EB71
:10875000080001218160DAF8000008EB0001036CD9
:108760008A689AF80650012D25D1150732D495064E
:1087700000F1B68043F20B05C4F65475AB42069D7A
:1087800002D312F400422FD10AEB0402D2F8743261
:1087900009696FF3DF41A3EB0101C2F8681294BBD2
:1087A000D2F86432002B00F0A180D2F860020844B5
:1087B000C2F8600227E043F20B05C4F65475FF359A
:1087C000AB4217D11004069D0ED490061BD5202075
:1087D000886018E043F20B00069DC4F65470834293
:1087E00015D312F4004012D04FF4004088603807CF
:1087F0000FD43DE0069D34B9DAF8641219B90021AE
:10880000049A07F0F1FE50464946FFF7E9FD3807A4
:108810002ED505EB08000821816043F20B01DAF840
:108820000000C4F65471056C40448D4281680AD33F
:1088300011F4004107D04FF400418160504600F030
:1088400037FD069D09E0504600F032FD43F20B0073
:10885000C4F654708542069D0AD39AF80600012892
:1088600006D1DAF800000121049A07F0BDFE00BF2E
:10887000F80607D4B8070BD4B80624D4B8047FF59B
:1088800051AF27E005EB080010218160B807F3D550
:108890006869000604D50599486840F4806048601E
:1088A0000AEB040090F85712012906D1002180F844
:1088B00057125046494600F04FFB05EB08000221D5
:1088C0008160B806DAD505EB080020218160B80484
:1088D0007FF528AF05EB08004FF40051816021E7D8
:1088E00020208860069D380793D4C1E7012187E7DF
:1088F000DAF8000008F034F9400340F1E080DAF8DB
:10890000000008F001F9002800F0D980064606981A
:1089100000F5106900250AF1140004900AF29C4049
:108920000290CDF80C9004E0760805F1010500F006
:10893000C680F007F8D0EFB2DAF80000394608F048
:10894000F3F80446C0070BD1200735D4E00639D42C
:1089500060063DD4A00741D42006E5D558E000BF0D
:10896000059B05F00F004FF0010C09EB45120CFAC6
:1089700000F0596B21EA00005863C2F808C09AF869
:108980000600012812D105EBC500049901EB800017
:10899000D0E902121144C16045B9006930B9DAF872
:1089A00000000121029A07F01FFE00BF5046394621
:1089B000FFF70AFD2007C9D509EB451008218160A2
:1089C000E006C5D509EB4510102181606006C1D5D0
:1089D00009EB451040218160A007BDD506982946C6
:1089E00008F01EF805EBC500049901EB800010F8B3
:1089F000031F012905D1002101705046394600F0BE
:108A0000A7FA09EB45100221816020067FF58CAFA3
:108A100005EBC500049901EB8008D8E904108142F8
:108A2000FFF482AFDAF800400A1AD8F808309A4208
:108A300038BF134604EB451203F1030CD2F8183982
:108A40009BB2B3EB9C0F2BD302F51069D8F8101032
:108A5000814223D9081A9AF80620D8E902B158456C
:108A600038BF8346009220461FFA8BF33A4608F03F
:108A7000A3F9D8F80C00D8F814105844C8F80C0022
:108A800001EB0B00C8F814000BF10301D9F8182012
:108A900092B2B2EB910FD9D2D8F81010DDF80C9049
:108AA00081423FF641AF05F00F00012101FA00F0CD
:108AB000D4F8341821EA0000C4F8340834E7DAF8AE
:108AC000000008F04DF8002802D4DAF8000019E0A0
:108AD0000599486820F0010048609AF8CC04012804
:108AE00007D100208AF8CC0400215046FFF7F4FBA0
:108AF00002E0504600F0C0FBDAF80000416901F0E6
:108B00000041416108F02CF8000502D4DAF80000B9
:108B10000CE005988068C00702D0504600F0F0FBDA
:108B2000DAF80000416901F40061416108F018F8C9
:108B3000000117D5DAF80000416901F000614161D8
:108B40009AF8CC1419B1504600F0DAFB0AE0012182
:108B50008AF8CC14406DC0F38300CAF8D0045046A4
:108B6000FFF7BAFBDAF8000007F0FAFFC00402D4FE
:108B7000DAF80000F2E00599486820F0010048604A
:108B8000DAF80000102107F04BFF9AF80400010604
:108B900000F0B980C1B200F00300042901D2002125
:108BA00066E06FF06002002302EA41124FF67F3761
:108BB0000021069CE61880339A4201F10401C6F8B0
:108BC0000879D6F8005925F40015C6F80059C6F8FA
:108BD000087BD6F8005B25F40015C6F8005BD6F8D4
:108BE000005B45F00065C6F8005BC6F82879D6F84A
:108BF000205925F40015C6F82059C6F8287BD6F868
:108C0000205B25F40015C6F8205BD6F8205B45F004
:108C10000065C6F8205BC6F84879D6F8405925F4B7
:108C20000015C6F84059C6F8487BD6F8405B25F4D5
:108C30000015C6F8405BD6F8405B45F00065C6F805
:108C4000405BC6F86879D6F8605925F40015C6F877
:108C50006059C6F8687BD6F8605B25F40015C6F845
:108C6000605BD6F8605B45F00065C6F8605BA1D13B
:108C7000002848D0069A4D0102F5106302F53062D3
:108C800003EB41164FF67F3702EB41140128B76022
:108C90005E5926F400165E51A760565926F4001658
:108CA0005651565946F0006656512CD04E1C02289B
:108CB0004FEA461403EB461502EB4616AF601D590A
:108CC00025F400151D51B760175927F400171751E7
:108CD000175947F00060105115D0881C4FF67F36A9
:108CE000470103EB401102EB40108E60D95921F48B
:108CF0000011D9518660D05920F40010D051D059BC
:108D000040F00060D051059F84214422F86940F072
:108D10000110F8619AF80F0000284FF00B0008BF0F
:108D2000142104BF42F22B0010227B5818437850C4
:108D3000B85840F00B00B85038680AF29C4220F452
:108D4000FE6038609AF80610DAF8000007F04CFC74
:108D5000DAF80000416901F48051416107F000FF39
:108D60008004DAF800001AD507F06EF8DAF800008F
:108D700007F0B6FE8AF80700DAF8004001F04CFD73
:108D80009AF807200146204607F08EFF504600F073
:108D90005FFADAF80000416901F40051416107F01F
:108DA000DFFE000702D4DAF8000008E0504600F0C9
:108DB00067FADAF80000416901F00801416107F043
:108DC000CFFE000629D50699886920F080008861C9
:108DD0009AF80400022820D30AF515740AF1140544
:108DE000012640F27B2703E001362437864214D265
:108DF0001AF807100129F7D106F00F00320600EB30
:108E0000C00005EB800158BF04EB8001DAF80000D8
:108E100007F076FD9AF80400E6E7DAF8000007F0BC
:108E20009FFEC00202D4DAF8000031E09AF8040094
:108E3000022827D306990AF1140401F512650AF1F4
:108E40003B064FF00108012706E000BF013720353F
:108E5000874206F1240615D229687278012AF5D1D5
:108E6000B1F1FF3FF2DC07F00F0086F8008000EB65
:108E7000C00004EB8001DAF8000007F041FD9AF829
:108E80000400E3E7DAF80000416901F48011416170
:108E900007F066FE8002069D02D4DAF8000032E098
:108EA0009AF80410022928D305F5326001390AF531
:108EB0001F72012306E000BF013900F1200002F11A
:108EC00024021AD007681678012EF5D1B7F1FF3FBA
:108ED000F2DCDAF8D46486EA1747FF07ECD102F82F
:108EE000013CAF6947F08007AF616F693F06E3D48B
:108EF0000599486840F400704860DAF8000041695C
:108F000001F40011416107F02BFE400002D4DAF8B1
:108F1000000008E05046FFF753FADAF80000416914
:108F200001F08041416107F01BFE40077FF589ABEE
:108F3000DAF800004468610704D55046FFF75CFA90
:108F4000DAF8000041682143416007B0BDE8F08FC6
:108F5000D0F8E00406F038BBD0F8E00406F04CBBD3
:108F6000002800F02781F0B581B0044690F8950400
:108F700028B9002084F89404204600F031F9032039
:108F800084F89504206807F027FBD4E90001267CCB
:108F9000D4E90223009606F067FF002840F0048120
:108FA0002068002107F038FE002840F0FD8094F88A
:108FB00004E0BEF1000F00F0EE80BEF1040F0EF0F1
:108FC000030C4FF0000241D30EF0FC03A4F190001B
:108FD00003250121EE1E80F8A460A0F8BE60AE1E3D
:108FE00080F8C8606F1CA0F8E2606E1E80F8EC602C
:108FF0009F42A0F8066105F1040680F8A51080F8EC
:10900000A820C0E92B22C0F8B42080F8C91080F84D
:10901000CC20C0E93422C0F8D82080F8ED1080F8C8
:10902000F020C0E93D22C0F8FC2080F8111180F842
:109030001051A0F82A51354680F81421C0E9462283
:10904000C0F8202100F19000C4D1F21EBCF1000F45
:1090500032D002EBC20104F114000123BCF1010F74
:1090600000EB810500F821204FF000016B706A834E
:109070002971C5E9021129611ED0551CBCF1020FEE
:1090800005EBC50600EB860700F826507B707D8354
:109090003971C7E9021139610ED0911C012501EB2C
:1090A000C10200EB820300F8221000205D7059839A
:1090B0001871C3E902001861BEF1000F6BD0BEF158
:1090C000040F4FF0000236D30EF0FC0003232146BC
:1090D000DF1E81F854729F1E81F878725F1E81F83E
:1090E0009C725F1C1D1D81F85522874281F8582211
:1090F000C1E99722C1F8642281F8792281F87C22A3
:10910000C1E9A022C1F8882281F89D2281F8A0221D
:10911000C1E9A922C1F8AC2281F8C12281F8C0328C
:109120002B4681F8C422C1E9B222C1F8D02201F154
:109130009001CDD1EA1EBCF1000F2CD002EBC2038E
:1091400004F515700021BCF1010F00EB830700F856
:10915000232079703971C7E9021139611BD0531C82
:10916000BCF1020F03EBC30700EB870600F82730C2
:1091700071703171C6E9021131610CD0911C002768
:1091800001EBC10200EB820300F822105F701F7137
:10919000C3E902771F61D4E90001277CD4E90223E7
:1091A000009706F0C5FF38B1022084F8950401202D
:1091B00001B0F0BD0120704700206074012084F8E8
:1091C0009504207B012802D12046FFF771F8206822
:1091D00006F09EFF002001B0F0BD0000000000007E
:1091E00010B5B0B002A9044601F10800B021F7F7AC
:1091F000D4FA00212068C4F20401884201D030B0C2
:1092000010BD002003904FF4802002904FF44010D6
:10921000239002A800F008FD08B1FCF705F900F062
:10922000AFF844F2D8400022C5F60200016841F0D0
:10923000007101600068052100F000700190019844
:109240004D20FEF7F5FF4D20FEF7DEFF30B010BDDC
:1092500010B5C179044621B1022901D0FCF7E4F828
:109260000121D4F8E00406F053FAD4F8E004BDE894
:10927000104006F001BA0000D0F8E00406F02CBA65
:10928000D0F8E00406F034BA90F89424012A01D111
:109290000220704710B5012280F8942441740446DE
:1092A0000268104607F0ECFC002084F8940410BD1E
:1092B000D0F8E02400F29C41104606F041BA0000CC
:1092C00010B5044690F89404012801D1022010BD85
:1092D0002068012184F89414C168490606D5617B91
:1092E000012903D1816B41F48031816307F090FB48
:1092F000206806F0FDFE002084F8940410BD0000F4
:1093000010B50446D0F8E00406F072FA2068D0F8F0
:10931000001E41F00101C0F8001EE07A002808BFDD
:1093200010BD4EF61050CEF20000016841F006016B
:10933000016010BD00000000B0B544F60C05C5F694
:10934000020529684907296805D401F00701081AB0
:1093500018BF0120B0BD21F0070108432860FEF7C7
:109360004FFE044655F8080C800407D4FEF748FE6B
:10937000001BB0F57A7FF5D90120B0BD0020B0BD4B
:1093800044F60C00C5F60200016841F080710160EE
:10939000704700000000000080B501F03DFA44F283
:1093A00020414CF28A62C5F60201C0F60302096848
:1093B000C1F30211515C01F01F01C84080BD0000E3
:1093C00080B544F23041C5F6020151F8083C51F82D
:1093D000082C51F804CCC2F3051E4A68BEF1000FF8
:1093E00018D0C2F3CC0203F0030300EE102A9FED65
:1093F000381AB8EE400A20EE010A9FED361ADFE86F
:1094000003F0021F0E0651F8302C92060AD49FED8D
:10941000321A15E000218160C0E9001180BD9FED86
:109420002F1A0DE051F8302C49F20003C0F2D0336E
:10943000C2F3C10223FA02F201EE102AB8EE411A79
:109440000A689FED273A6FF35F2202EE102A5FEA67
:10945000CC7203FE000A03EE10EA0A68B8EE422A54
:10946000C2F34622B8EE433A013230EE020AB7EEBA
:10947000002A81EE031A30EE020A21EE000A01EE04
:10948000102AB8EE411A80EE011ABCEEC11A80ED26
:10949000001A0A68C2F30642013201EE102AB8EE41
:1094A000411A80EE011ABCEEC11A80ED011A09685A
:1094B000C1F30661013101EE101AB8EE411A80EED7
:1094C000010ABCEEC00A10EE101A816080BD00BF18
:1094D000000000390024744A0024744C20BCBE4BA8
:1094E000000000000000000080B544F2384EC5F6D0
:1094F000020E5EF8103C5EF8101C5EF80C2CC1F3F6
:10950000053CDEF80410BCF1000F18D0C9089FED2F
:109510003A1AD20601EAE27103F003026FF35F31F7
:1095200000EE101AB8EE400ADFE802F0021F0E1F2C
:109530005EF8381C89060AD49FED311A15E0002127
:109540008160C0E9001180BD9FED2C1A0DE05EF82E
:10955000381C49F20002C0F2D032C1F3C10122FA34
:1095600001F101EE101AB8EE411ADEF800109FED7D
:10957000253A6FF35F2102EE101ADEF80010C1F3F6
:109580004621B8EE422A013100EE032A00EE10CA4D
:10959000B7EE003AB8EE400A81EE000A32EE031A46
:1095A00020EE010A01EE101AB8EE411A80EE011AFF
:1095B000BCEEC11A80ED001ADEF80010C1F30641BE
:1095C000013101EE101AB8EE411A80EE011ABCEE1C
:1095D000C11A80ED011ADEF80010C1F306610131F5
:1095E00001EE101AB8EE411A80EE010ABCEEC00A74
:1095F00010EE101A816080BD0024744A20BCBE4B5E
:109600000024744C0000003980B544F2404EC5F689
:10961000020E5EF8183C5EF8181C5EF8142CC1F3BC
:10962000055CDEF80410BCF1000F18D0C9089FEDEE
:109630003A1AD20501EAE27103F003026FF35F31D7
:1096400000EE101AB8EE400ADFE802F0021F0E1F0B
:109650005EF8401C89060AD49FED311A15E00021FE
:109660008160C0E9001180BD9FED2C1A0DE05EF80D
:10967000401C49F20002C0F2D032C1F3C10122FA0B
:1096800001F101EE101AB8EE411ADEF800109FED5C
:10969000253A6FF35F2102EE101ADEF80010C1F3D5
:1096A0004621B8EE422A013100EE032A00EE10CA2C
:1096B000B7EE003AB8EE400A81EE000A32EE031A25
:1096C00020EE010A01EE101AB8EE411A80EE011ADE
:1096D000BCEEC11A80ED001ADEF80010C1F306419D
:1096E000013101EE101AB8EE411A80EE011ABCEEFB
:1096F000C11A80ED011ADEF80010C1F306610131D4
:1097000001EE101AB8EE411A80EE010ABCEEC00A52
:1097100010EE101A816080BD0024744A20BCBE4B3C
:109720000024744C00000039002141604FF6FF51C5
:10973000CEF6FF31016044F25041C5F6020151F806
:10974000282CC2F30552826251F8102C6FF35F226D
:109750000132C26251F8102CC2F3066201328263F8
:1097600051F8102CC2F346220132026351F8102C3A
:10977000C2F306420132426351F8242CC2F3812223
:10978000C26351F8242CC2F34022026451F8282C01
:10979000C2F30532826051F8182C6FF35F22013258
:1097A000C26051F8182CC2F306620132826151F88E
:1097B000182CC2F346220132026151F8182CC2F370
:1097C00006420132426151F8242CC2F38112C26177
:1097D00051F8242CC2F3401202624A6802F03802A7
:1097E00082674A6802F0070242678A6802F007024D
:1097F000C0F890204A6802F44052C0F880204A68BD
:1098000002F0E042C0F88C208A6802F4E052C0F80E
:1098100098208A6802F46042C0F89C200A6802F02E
:10982000070282658A6802F46002C0F8A4208A6890
:1098300002F0E062C0F8A8200A6A02F44072C0F8A0
:10984000B0204A6802F44012C0F8842051F8042C79
:1098500002F4803202654A6802F44072C2678A6884
:1098600002F44032C0F8A0200A6802F00042026709
:109870000A6802F0807282660A6802F44012426648
:109880000A6802F4E042C2650A6802F4E022026655
:109890008A6802F0E042C0F8AC200A6802F0405248
:1098A000C2664A6802F44002C0F8882051F8042CCD
:1098B00002F00302826451F8042C02F03002C26408
:1098C00051F8042C02F04052426551F8401C01F45A
:1098D0000041C0F8B410704710B584B0024641F69C
:1098E000FF7300209B1A70EB01032BDA47F6FF731E
:1098F0009B1A70EB010380F2838082F400430B43D8
:1099000000F0E98082F480330B4300F0068182F49A
:109910000022114340F07A8144F20041C5F6020171
:10992000886DC0F301420020DFE812F0CD00040092
:109930005E0070010868800040F1618101A8FFF7B6
:1099400063FEF7E040F2FF739B1A70EB01032CDB20
:1099500082F480730B4300F07E8082F480621143B6
:1099600040F0548144F20041C5F60201886DC0F315
:109970004252042A00F2438148F20000C0F2BB00C8
:10998000DFE812F0DB00A100E20044010500C86C32
:109990000A68520700F04052086802D5002A00F019
:1099A0001F81C00500F1E580ECE082F400630B4309
:1099B00000F0768082F48052114340F0278144F217
:1099C0000041C5F60201086DC0F30232042A00F21C
:1099D000168148F20000C0F2BB00DFE812F0AE00D2
:1099E0007400B50017010500C86C0A68520700F042
:1099F0004052086840F1BB80002A00F0F180B6E0D8
:109A000082F400530B4300F0748082F480421143CF
:109A100040F0FC8044F20044C5F60204A06DC0F39F
:109A20000270052800F2EB80DFE810F00600CD00A0
:109A3000BF00C800BD00E40000F0EEFE216A4CF259
:109A40008A62C0F60302C1F30211515C01F01F01EA
:109A5000C84004B010BD44F20041C5F60201086DD3
:109A600000F00702042A00F2CA8048F20000C0F2A7
:109A7000BB00DFE802F0622869CB0300C86C0A680B
:109A8000520700F04052086802D5002A00F0A88072
:109A9000C00540F17780B2F1805F00F06D8071E029
:109AA00044F20041C5F60201886DC0F30262042A47
:109AB00000F2A58048F20000C0F2BB00DFE802F02F
:109AC0003D0344A64F000868000140F1988001A8BA
:109AD000FFF70AFD3EE044F20041C5F60201086DC1
:109AE000C0F301720020DFE802F002283891086814
:109AF0008FE044F20040C5F60200016DC1F302415F
:109B0000052900F27C80DFE801F00377606752836B
:109B100004B0BDE8104000F0A7BE44F20040C5F616
:109B20000200C16C0068C90308D5000167D501A80F
:109B3000FFF7DAFC039804B010BD086880015ED519
:109B400001A8FFF73DFC60E00868800057D501A838
:109B5000FFF75AFD019804B010BD08684DE0C86CCD
:109B60000A68520700F04052086800D5C2B3C00529
:109B700008D5B2F1805F05D140F60010C0F23D007B
:109B800004B010BD0868B2F1005F00F400314FF07E
:109B9000000004BF47F64000C0F27D10002908BF56
:109BA000084604B010BD206802E020680EE000689E
:109BB00040F60011C005C0F23D012FE020684007CB
:109BC0001DD520680CE0206817E00068800016D5DD
:109BD00001A8FFF719FD18E0016849070FD50068D3
:109BE000C0F3C10049F20001C0F2D03121FA00F007
:109BF00004B010BD20680CE00068000102D4002011
:109C000004B010BD01A8FFF76FFC029804B010BDAE
:109C1000006847F640018003C0F27D1101EAE07060
:109C200004B010BD000000002DE9F0470446C078E4
:109C300044F22C480007C5F6020824D5606E4FEAAE
:109C40003051032936D8DFE801F002090F17D8F8A0
:109C5000001041F40031C8F800100DE004F10800D4
:109C6000022103F041FC04E004F12800022103F08A
:109C7000CBFC064640B9606ED8F8241021F44011A0
:109C80000843C8F8240000266078C00701D1354693
:109C900029E0A06D04283CD83546DFE800F0031326
:109CA0000D191900D8F80000354640F40030C8F806
:109CB00000000DE00126E7E704F12800002103F091
:109CC000A3FC04E004F10800002103F00DFC0546AC
:109CD0002F464DB9D8F82400A16D20F007000025CB
:109CE0000843C8F824003746607840072FD5D4F8D9
:109CF000A4004FEA7050052814D8DFE800F00316DE
:109D00000D1C1C1CD8F8000040F40030C8F80000FE
:109D100011E001250127E7E704F12800002103F005
:109D200073FC07E00125012612E004F10800002180
:109D300003F0DAFB05462E4655B9D8F82C00D4F8C6
:109D4000A41020F4600000250843C8F82C003E460B
:109D5000607800072CD5D4F8A8004FEA30600528B9
:109D600011D8DFE800F003130A191919D8F8000018
:109D700040F40030C8F800000EE004F12800002193
:109D800003F042FC07E00125012712E004F108007E
:109D9000002103F0A9FB05462F4655B9D8F82C0041
:109DA000D4F8A81020F0E06000250843C8F82C0083
:109DB0003746E078800720D5E06C4FEA3010032862
:109DC00030D8DFE800F00F02090FD8F8000040F4A7
:109DD0000030C8F8000005E004F10800022103F09B
:109DE00083FB05462E464DB9D8F82000E16C20F0E3
:109DF000300000250843C8F820003E466078C006C1
:109E00002AD5E06D4FEA303004283AD8DFE800F078
:109E100003130D191900D8F8000040F40030C8F8F9
:109E200000000EE001250126E8E704F128000021EA
:109E300003F0EAFB04E004F10800002103F054FB06
:109E400005462F464DB9D8F82400E16D20F4E040D6
:109E500000250843C8F8240037466078800624D5DA
:109E6000206E4FEA3040052800F24B83DFE800F017
:109E700012030C12121204F10800012103F034FB4A
:109E800007E001250127E8E704F12800012103F09C
:109E9000BBFB05462E464DB9D8F82400216E20F4B0
:109EA000E02000250843C8F824003E4660784006BC
:109EB00023D5D4F8AC004FEA3070052800F2258392
:109EC000DFE800F00F03090F0F0F04F10800012174
:109ED00003F00AFB04E004F12800012103F094FBE5
:109EE00005462F4655B9D8F82C00D4F8AC1020F010
:109EF000E04000250843C8F82C003746607800068B
:109F00001FD5E06E90B1B0F1005F09D0B0F1805F75
:109F100029D1D8F8000040F40030C8F8000005E06E
:109F200004F10800012103F0DFFA05462E464DB981
:109F3000D8F82400E16E20F0405000250843C8F80E
:109F400024003E46E078C00721D0A06C03284FD8FB
:109F5000DFE800F012020C12D8F8000040F40030E4
:109F6000C8F8000008E001250126EBE704F108002D
:109F7000022103F0B9FA0546A9464DB9D8F82000E8
:109F8000A16C20F0030000250843C8F82000B1466A
:109F9000A078400601D44F4616E0D8F8D40340F428
:109FA0008070C8F8D403FEF72BF80646D8F8D4031F
:109FB000C00507D4FEF724F8801B6428F6D90325D2
:109FC000032701E02F46BDB12078C00756D0A06F0F
:109FD0004FEAF000052800F29B82DFE800F044031E
:109FE0003E44444404F10800012103F07DFA39E0C5
:109FF00001254FF00109CBE7D8F84410D4F8B000A0
:10A00000414011F4407F11D0D8F84410D8F84420D2
:10A0100042F48032C8F84420D8F8442021F440713A
:10A0200022F48032C8F84420C8F84410B0F5807F8C
:10A0300040F08282FDF7E4FF064641F2883A0325AC
:10A04000032700BFD8F84400800700F17382FDF7B2
:10A05000D7FF801B5045F5D9B6E704F12800012150
:10A0600003F0D2FA05462E464DB9D8F82800A16F64
:10A0700020F0380000250843C8F828003E46207824
:10A0800080071FD5606F052800F24582DFE800F0E9
:10A090000F03090F0F0F04F10800012103F024FA48
:10A0A00004E004F12800012103F0AEFA05462F4632
:10A0B0004DB9D8F82800616F20F00700002508434B
:10A0C000C8F8280037462078400721D5D4F89000FA
:10A0D000052800F22382DFE800F00F03090F0F0FBD
:10A0E00004F10800012103F0FFF904E004F1280065
:10A0F000012103F089FA05462E4655B9D8F82C00FF
:10A10000D4F8901020F0070000250843C8F82C0070
:10A110003E462078800623D5D4F88C004FEA307074
:10A12000052800F2FE81DFE800F00F03090F0F0F92
:10A1300004F10800002103F0D7F904E004F128003D
:10A14000022103F061FA05462F4655B9D8F82800D8
:10A15000D4F88C1020F0E04000250843C8F828000F
:10A1600037462078400623D5D4F898004FEAB0202F
:10A17000052800F2D981DFE800F00F03090F0F0F67
:10A1800004F10800002103F0AFF904E004F1280015
:10A19000022103F039FA05462E4655B9D8F82C00AD
:10A1A000D4F8981020F4E05000250843C8F82C009B
:10A1B0003E462078000623D5D4F89C004FEA703044
:10A1C000052800F2B481DFE800F00F03090F0F0F3C
:10A1D00004F10800002103F087F904E004F12800ED
:10A1E000022103F011FA05462F4655B9D8F82C0084
:10A1F000D4F89C1020F4604000250843C8F82C00D7
:10A2000037462068010704D4C1061BD4000332D4AA
:10A2100054E0D4F88000B0F5805F09D104F1280043
:10A22000022103F0F1F9002818BF0127D4F88000BB
:10A23000D8F8281021F440510843C8F828002068B5
:10A24000C106E3D5D4F89400B0F5807F09D104F1BC
:10A250002800022103F0D8F9002818BF0127D4F8FC
:10A260009400D8F82C1021F440710843C8F82C0051
:10A270002068000322D5D4F8A000B0F5003F11D02B
:10A28000B0F5803F08D0002840F0308104F108008C
:10A29000002103F029F904E004F12800022103F071
:10A2A000B3F905462E4655B9D8F82C00D4F8A010BD
:10A2B00020F4403000250843C8F82C003E46A07822
:10A2C000400724D5D4F88400B0F5401F13D0B0F572
:10A2D000001F0AD0B0F5801F40F00B81D8F80000B5
:10A2E00040F40030C8F8000005E004F12800012126
:10A2F00003F08AF905462F4655B9D8F82800D4F856
:10A30000841020F4401000250843C8F82800374680
:10A31000A078C00701D13E461FE0206DB0F5803F18
:10A3200007D0C0B9D8F8000040F40030C8F80000E9
:10A3300005E004F10800022103F0D6F805462E4698
:10A340005DB9D8F82000216D20F480300025084345
:10A35000C8F82000DFE7012501262168880003D422
:10A3600060688A030CD44BE004F12800022103F05A
:10A370004BF9002818BF0126D4E900108A033FD505
:10A38000E26F6FF0010303EB3223022B0BD34FEA92
:10A39000322343B1012B40F0AF80D8F8003043F4B2
:10A3A0000033C8F8003025B3CA022CD48A0234D452
:10A3B0004A003CD4CA0F49D1090251D4C1075AD12D
:10A3C000810763D441076CD4010776D4C10600F13C
:10A3D0008080800607D504F12800022103F014F9DB
:10A3E000002818BF0125002D18BF01252846BDE80B
:10A3F000F087D8F8283023F440731A43C8F828208F
:10A400003546CA02D2D5D8F82420236F22F0004264
:10A410001A43C8F824208A02CAD5D8F82420A36E8B
:10A4200022F080721A43C8F824204A00C2D558F896
:10A430001C2C22F4004248F81C2CD4F8B42058F804
:10A440001C3C1A4348F81C2CCA0FB5D0D8F8202061
:10A45000636D22F040521A43C8F820200902ADD59E
:10A46000D8F82810D4F8882021F440011143C8F806
:10A470002810C107A4D004F10800002103F034F82B
:10A48000002818BF0546606881079BD504F10800C5
:10A49000012103F029F8002818BF0546606841072C
:10A4A00092D504F10800022103F01EF8002818BF1D
:10A4B0000546606801077FF589AF04F12800002197
:10A4C00003F0A2F8002818BF05466068C1067FF5B2
:10A4D00080AF04F12800012103F096F8002818BF8E
:10A4E0000546606880063FF576AF7CE701250126CA
:10A4F000E5E6012501270BE70125CA027FF556AFE6
:10A5000081E701250126FFF7D1BC01250127F5E4EC
:10A5100001250126B3E501250127D4E50125012602
:10A52000F7E5012501271CE60125012641E6012565
:10A53000012766E6D4F8B0004FF6CF7358F81C2C0C
:10A54000C0F2FF0300F4407122F47C5203EA1013BE
:10A550006FF31F30B1F5407F08BF1A43002548F85C
:10A560001C2CD8F844100843C8F8440013E5000038
:10A570002DE9F04381B0002800F01C8142F200096F
:10A580000446C5F20029D9F8000000F00F0081420E
:10A590000DD9D9F8000020F00F000843C9F80000D9
:10A5A000D9F8000000F00F00884240F003812068D5
:10A5B00044F218464207C5F602060AD522693368F6
:10A5C00003F070039A4204D9336823F070031A43EE
:10A5D000326002070AD56269736803F070039A4219
:10A5E00004D9736823F070031A437260C2060AD557
:10A5F000A269736803F4E0639A4204D9736823F490
:10A60000E0631A43726082060AD5E269B36803F018
:10A6100070039A4204D9B36823F070031A43B260FE
:10A6200010F002020AD0E368376807F00F07BB4258
:10A6300004D9376827F00F073B433360C3073CD08A
:10A64000306820F47062D4E901031A4332600128B3
:10A6500056F8182C09D0032804D0022808D19203F8
:10A6600009D4A7E0920106D4A4E0D20503D4A1E066
:10A67000520740F19F80884656F8081C21F00701D8
:10A68000084346F8080CFDF7BBFC054641F2883745
:10A6900056F8080C616800F03800B0EBC10F08D024
:10A6A000FDF7AEFC401BB842F2D9032001B0BDE873
:10A6B000F0832068414600F0020252B1E26833683C
:10A6C00003F00F039A4204D2336823F00F031A43B6
:10A6D0003260D9F8002002F00F0291420CD2D9F872
:10A6E000002022F00F020A43C9F80020D9F8002008
:10A6F00002F00F028A425DD141070AD52169326812
:10A7000002F07002914204D2326822F070021143CA
:10A71000316001070AD56169726802F070029142E6
:10A7200004D2726822F0700211437160C1060AD52A
:10A73000A169726802F4E062914204D2726822F464
:10A74000E0621143716080060AD5E069B16801F0EA
:10A750007001884204D2B16821F070010843B060F2
:10A7600000F0E2F831684CF28A62C0F60302C1F3ED
:10A770000321515C336803F00F0301F01F01D25C29
:10A7800020FA01F102F01F0040F23802C2F200424A
:10A7900021FA00F0106040F2643040F23402C2F25C
:10A7A0000040C2F200420068116001B0BDE8F04311
:10A7B000FDF772BC012001B0BDE8F083000000008D
:10A7C0003F22026044F21842C5F6020252F8083CE9
:10A7D00003F007034360136803F470638360136836
:10A7E00003F00F03C360136803F070030361536841
:10A7F00003F070034361536803F4E063836192687C
:10A8000002F07002C26142F20000C5F2002000684E
:10A8100000F00F000860704780B500F085F844F242
:10A8200018414CF28A63C5F60201C0F603030A68B8
:10A83000C2F303229A5C096801F00F0102F01F02C3
:10A84000595C20FA02F201F01F0040F23801C2F216
:10A85000004122FA00F0086040F23401C2F20041E7
:10A860000A6080BD0000000080B500F05DF844F291
:10A87000184C4CF28A63C5F6020CC0F60303DCF8F0
:10A880000020C2F303229A5CDCF8001001F00F01F3
:10A8900002F01F02595CD04040F23802C2F200427E
:10A8A00001F01F0120FA01F1116040F23402C2F2FE
:10A8B00000421060DCF80400C0F30210185C00F0E5
:10A8C0001F0021FA00F080BD80B500F02DF844F2A1
:10A8D000184C4CF28A63C5F6020CC0F60303DCF890
:10A8E0000020C2F303229A5CDCF8001001F00F0193
:10A8F00002F01F02595CD04040F23802C2F200421E
:10A9000001F01F0120FA01F1116040F23402C2F29D
:10A9100000421060DCF80400C0F30220185C00F074
:10A920001F0021FA00F080BD44F20041C5F602018B
:10A930000869C0F3C200032814D002280DD088BBD8
:10A940000868800649F20000C0F2D03058BF704756
:10A950000968C1F3C101C840704747F64000C0F222
:10A960007D1070478B6A886AD1F82CC04A6BC0F39F
:10A970000510E0B1C2F3CC0203F0030300EE102A8D
:10A980009FED291AB8EE400A20EE010A9FED271A22
:10A99000DFE803F0021F0F1F0A6892060CD49FED38
:10A9A000251A16E040F60010C0F23D007047002066
:10A9B00070479FED1F1A0CE00A6849F20003C0F2CD
:10A9C000D033C2F3C10223FA02F201EE102AB8EE2C
:10A9D000411A0A6B9FED183A6FF35F2202EE102ABC
:10A9E0005FEACC7203FE000A03EE100A086BB8EEB1
:10A9F000422AC0F34620B8EE433A013030EE020A54
:10AA0000B7EE002A81EE031A30EE020A21EE000AA8
:10AA100001EE100AB8EE411A80EE010ABCEEC00A3F
:10AA200010EE100A704700BF000000390024744A7D
:10AA300020BCBE4B0024744C00000000000000004D
:10AA400068B3F0B581B00446007844F20046C00710
:10AA5000C5F6020625D12078800768D5306910F048
:10AA60003801B06A40D0182908BF5FEA80703BD037
:10AA7000E0683168002800F03B8121F019010843AB
:10AA80003060FDF7BDFA05463068400748D4FDF751
:10AA9000B7FA401B0228F7D9032001B0F0BD01200E
:10AAA0007047306900F03801B06A102905D01829C4
:10AAB0000AD100F00300022806D130688003CAD50D
:10AAC00060680028C7D1BEE061683068002900F0E6
:10AAD0004881B1F5A02F00F03D81B1F5803F40F0F5
:10AAE000578140F4803059E130684007E06802D572
:10AAF000002800F0A880316821F019010843306077
:10AB0000FDF77EFA054600BF3068400708D4FDF720
:10AB100077FA401B02284FF00300F5D901B0F0BDD1
:10AB20007068216920F0FE4040EA01607060207882
:10AB3000C0061AD5306900F03801B06A082907D07C
:10AB4000182940F0978000F00300012840F092801F
:10AB50003068C00502D5E069802874D1F068216AA8
:10AB600020F07C5040EA0160F0602078000756D465
:10AB7000207880066AD42078400700F19380656AC7
:10AB8000002D49D0306900F03800182840F02881A5
:10AB9000012DB16A306B56D001F00302A36A9A42CC
:10ABA00051D1C1F30511E26A91424CD10146226BA9
:10ABB0006FF35F21013A914245D1C0F34622616BA8
:10ABC00001398A423FD1C0F30642A16B01398A4262
:10ABD00039D1C0F30660E16B0139884233D1706B23
:10ABE000A16CC0F3CC00814216D0F06A20F00100C5
:10ABF000F062FDF705FA0546FDF702FAA842FBD020
:10AC0000706B4FF6F871A26C884340EAC200706323
:10AC1000F06A40F00100F062002001B0F0BD606910
:10AC20000028706F52D040F001007067FDF7E8F91E
:10AC3000054600BF706F80079AD4FDF7E1F9401B0D
:10AC40000228F7D9B7E0012001B0F0BDA0690028C3
:10AC500030686DD040F480503060FDF7D1F9054682
:10AC6000306880043FF587AFFDF7CAF9401B022822
:10AC7000F6D9A0E0E0690028306800F09F8040F03D
:10AC800080003060FDF7BCF9054600BF3068C005A4
:10AC90003FF564AFFDF7B4F9401B02284FF0030005
:10ACA000F4D93BE7D6F8000440F48070C6F80004FD
:10ACB000FDF7A6F9054600BFD6F80004C00529D463
:10ACC000FDF79EF9401B6428F6D974E020F00100DE
:10ACD0007067FDF795F90546706F80077FF548AFFF
:10ACE000FDF78EF9401B02284FF00300F4D915E759
:10ACF00021F001003060FDF783F905463068400718
:10AD00007FF515AFFDF77CF9401B02284FF00300DB
:10AD1000F4D903E7A168306F002900F08A80052983
:10AD200000F08080012940F09C8040F001009EE00E
:10AD300020F480503060FDF763F9054630688004E8
:10AD40007FF519AFFDF75CF9401B02284FF00300B7
:10AD5000F4D9E3E640F480203060306840F480307D
:10AD60001CE020F480303060306820F480203060B7
:10AD7000FDF746F9054600BF306880037FF56BAEEE
:10AD8000FDF73EF9401B64284FF00300F4D9C5E6F7
:10AD900020F480303060306820F480203060FDF78F
:10ADA0002FF90546306880033FF555AEFDF728F9C9
:10ADB000401B6428F6D9032001B0F0BD20F08000CC
:10ADC0003060FDF71DF905463068C0057FF5CDAE52
:10ADD000FDF716F9401B02284FF00300F4D99DE659
:10ADE000306820F080703060FDF70AF9022D0546CA
:10ADF0000CD100BF306880014CD5FDF701F9401B34
:10AE000002284FF00300F5D988E600BF30688001C2
:10AE10007FF502AFFDF7F4F8401B02284FF0030066
:10AE2000F4D97BE640F004003067306F40F0010059
:10AE30001DE020F001003067306F20F00400306723
:10AE4000FDF7DEF8054641F28837306F80077FF561
:10AE500096AEFDF7D5F8401BB8424FF00300F4D989
:10AE60005CE620F001003067306F20F004003067AE
:10AE7000FDF7C6F8054641F2883700BF306F8007FE
:10AE80003FF57DAEFDF7BCF8401BB8424FF0030024
:10AE9000F4D943E604F12807B06A40F2F33188435D
:10AEA0008ECF0843591E40EA02104FF47E426FF3E2
:10AEB0005F21B06202EB47204FF4FE0280B2E36BE9
:10AEC0000844A16B02EB01414FF0FE4201F4FE0188
:10AED00002EB0362084402F0FE4108443063F06A6A
:10AEE0004FF6F87120F00100F062706BA26C88439D
:10AEF00040EAC2007063F06A216C20F00C00084345
:10AF0000F062F06A616C20F002000843F062F06ABF
:10AF100040F48030F062F06A40F40030F062F06A91
:10AF200040F48020F062F06A40F00100F062306886
:10AF300040F080703060FDF763F8044630688001AF
:10AF40003FF56AAEFDF75CF8001B02284FF00300E6
:10AF5000F4D9E3E5000000007047000000000000A5
:10AF60007047000000000000704700000000000073
:10AF700090F83C20012A4FF0020266D0B0B580F86C
:10AF80003D2040F2004C0268C4F2010C42F48063A0
:10AF900063455368D2F808E002BF23F470034C689D
:10AFA00023434DF6FF740D68C4F2000423F07003D0
:10AFB000A24243EA0503536014DC40F2FF73C4F27B
:10AFC00000039A4222DD40F60003C4F200039A42D5
:10AFD0002ED040F60043C4F200039A4228D041F636
:10AFE000000321E04FF6FF73C4F200039A4213DD21
:10AFF0000023C4F201039A421AD044F20003C4F2BF
:10B0000001039A4214D0624512D016E0B2F1804F8B
:10B010000ED040F2004307E04EF20003C4F20003FA
:10B020009A4205D04EF20043C4F200039A4204D182
:10B030002EF080038968194391600022012180F875
:10B040003D1080F83C20BDE8B0401046704700003D
:10B0500060B310B5044690F83D0028B9002084F88C
:10B060003C00204600F024F8022084F83D002068CF
:10B07000211D02F015FC012084F8480084F83E00F0
:10B0800084F83F0084F8400084F8410084F84200CE
:10B0900084F8430084F8440084F8450084F84600AE
:10B0A00084F8470084F83D00002010BD012070475F
:10B0B00010B584B042F200010068C4F20001884279
:10B0C0002FD041F20001C4F20001884217D040F6AF
:10B0D0000001C4F2000188423CD144F2E840002261
:10B0E000C5F602001E24016841F0040101600068F9
:10B0F000052100F00400039003981E2022E044F292
:10B10000E8400022C5F602003624016841F0100133
:10B1100001600068062100F01000029002983620BD
:10B1200010E044F2E8400022C5F602002D24016838
:10B1300041F4807101600068052100F48070019085
:10B1400001982D20FDF774F8204604B0BDE81040AA
:10B15000FDF75AB804B010BD90F83D10012922D176
:10B16000022180F83D1001684DF6FF70C4F2000026
:10B170008142C86840F00100C86016DC40F2FF70F0
:10B18000C4F20000814228DD40F60000C4F2000055
:10B19000814234D040F60040C4F2000081422ED0FB
:10B1A00041F6000027E0012070474FF6FF70C4F21F
:10B1B0000000814217DD0020C4F2010081421ED050
:10B1C00044F20000C4F20100814218D040F2004075
:10B1D000C4F20100814212D01DE0B1F1804F0ED0C7
:10B1E00040F2004007E04EF20000C4F2000081424D
:10B1F00005D04EF20040C4F2000081420BD107227C
:10B200008868C0F2010202400020062A18BFB2F589
:10B21000803F00D17047086840F0010008600020BE
:10B22000704700000000000090F83C20012A4FF019
:10B23000020200F0A48080B580F83D208822D0F87A
:10B2400000C0CFF6CE72DCF808301A40CCF80820E7
:10B250000B686F2B0CDDB3F1101F34DAB3F5005F10
:10B2600069DA702B00F0AF80B3F5805F7ED0D0E05C
:10B270002F2B32DD4F2B37DC302B6BD0402B40F0A7
:10B28000C880D1F804E0C968DCF82030DCF8202060
:10B2900022F00102CCF82020DCF8182022F0F00285
:10B2A00042EA011123F00A02CCF8181042EA0E011A
:10B2B000CCF820104FF68872DCF80810CFF6CF7269
:10B2C0001140473150E02F21C0F210018B4237DC92
:10B2D000B3F1101F3ED0202138E0002B18BF102BF7
:10B2E00038D0202B36D094E0502B4AD0602B40F041
:10B2F0009080D1F804E0C968DCF82030DCF8202028
:10B3000022F01002CCF82020DCF8182022F4704241
:10B3100042EA013123F0A002CCF8181042EA0E11E3
:10B32000CCF820104FF68872DCF80810CFF6CF72F8
:10B330001140673118E059D0B3F5801F0AD068E09A
:10B340003021C0F210018B4204D04021C0F2100124
:10B350008B425ED14FF68872DCF80810CFF6CF72C0
:10B360001140194341F00701CCF8081000220121D7
:10B3700080F83D10002180F83C10BDE88040104668
:10B380007047D1F804E0C968DCF82030DCF82020F0
:10B3900022F00102CCF82020DCF8182022F0F00284
:10B3A00042EA011123F00A02CCF8181042EA0E0119
:10B3B000CCF820104FF68872DCF80810CFF6CF7268
:10B3C00011405731D0E701F1040E9EE80C40DCF843
:10B3D00008101A4321F47F4142EA0E221143CCF8AF
:10B3E0000810DCF8081041F07701BDE701F1040E08
:10B3F0009EE80C40DCF808101A4321F47F4142EA31
:10B400000E221143CCF80810DCF8081041F48041FA
:10B41000AAE70122ABE7000070470000000000002F
:10B42000F0B581B004460068C5680669B10716D555
:10B4300015F0020113D06FF00201016101212177A3
:10B440008069800703D02046FFF7E6FF05E020462D
:10B4500000F09AF8204600F09BF800202077700753
:10B4600018D515F0040015D020686FF004010161B3
:10B4700002212177806910F4407F03D02046FFF736
:10B48000CBFF05E0204600F07FF8204600F080F872
:10B4900000202077300717D515F0080014D0206859
:10B4A0006FF00801016104212177C069800703D092
:10B4B0002046FFF7B1FF05E0204600F065F8204682
:10B4C00000F066F800202077F00618D515F010007F
:10B4D00015D020686FF01001016108212177C06943
:10B4E00010F4407F03D02046FFF796FF05E020468A
:10B4F00000F04AF8204600F04BF800202077F007D3
:10B5000018BF15F0010006D020686FF0010101613D
:10B51000204600F041F805F0800716F4025F18BFDE
:10B52000002F02D1F00509D410E020686FF4025119
:10B5300001612046FFF714FDF00507D537B12068FB
:10B540006FF4807101612046FFF706FD700609D592
:10B5500015F0400006D020686FF0400101612046E0
:10B5600000F036F8B0060CD515F0200009D02068A0
:10B570006FF020010161204601B0BDE8F040FFF707
:10B58000F3BC01B0F0BD00007047000000000000F7
:10B590007047000000000000B0B540F6000504460A
:10B5A000C4F20005006805F57C41884202D1FCF731
:10B5B0002FFD206805F50061884202D12CF0ACFA1D
:10B5C0002068A84218BFB0BDBDE8B0401BF01CBF4A
:10B5D000704700000000000090F88410012901D19C
:10B5E000022070472421C0F8881001680A680B689F
:10B5F00022F0005223F001030B60002343660A602F
:10B600002021C0F8881080F88430002070470000A6
:10B61000D0F88C30202B07D110B50446012000292A
:10B6200018BF002A02D110BD02207047E06600203A
:10B630002067204602F094FF002818BF10BDE06E7E
:10B6400001282CD1206810210162206850E8000FE9
:10B65000216840F0100041E80002002A1FBF206866
:10B6600050E8000F216840F010001CBF41E80002C4
:10B67000002A16D0206850E8000F216840F0100022
:10B6800041E800026AB1206850E8000F216840F0EC
:10B69000100041E800020020002AD6D1C3E70120B3
:10B6A00010BD002010BD0000B0B547F6F063C2F237
:10B6B00000431C68226982420A4624D05C682169E2
:10B6C000814220D09C68216981421CD0DC682169BC
:10B6D000814218D01C692169814214D05C692169BA
:10B6E000814210D09C69216981420CD0DC692169BA
:10B6F000814208D01C6A2169814204D05C6A2169B8
:10B70000814218BFB0BD2368816D054620461B6885
:10B710009847A288A1682846BDE8B040FFF778BFE7
:10B72000704700000000000090F88420012A01D139
:10B730000220704770B52422C0F888200268D0F833
:10B7400064E0BEF1000FD2F800C0136823F00103DB
:10B750001360936823F0606341EA0301916019D09C
:10B7600091684EF68C0E9368C0F6030E5B0F4EF692
:10B770009405C1F34266C0F603051EF80340E95C78
:10B780002301B3FBF1F11EF80630AE5D1B01B3FBE4
:10B79000F6F301E001210123A0F86A102021A0F8AE
:10B7A0006830C2F800C0C0F88810002180F884100A
:10B7B000002070BD0000000090F88420012A01D113
:10B7C0000220704770B52422C0F888200268D0F8A3
:10B7D00064E0BEF1000FD2F800C0136823F001034B
:10B7E0001360936823F0604341EA0301916019D02C
:10B7F00091684EF68C0E9368C0F6030E5B0F4EF602
:10B800009405C1F34266C0F603051EF80340E95CE7
:10B810002301B3FBF1F11EF80630AE5D1B01B3FB53
:10B82000F6F301E001210123A0F86A102021A0F81D
:10B830006830C2F800C0C0F88810002180F8841079
:10B84000002070BD000000007047000000000000F4
:10B85000704700000000000047F6F062C2F20042AC
:10B8600011680B69834224D051680B69834220D050
:10B8700091680B6983421CD0D1680B69834218D050
:10B8800011690B69834214D051690B69834210D04E
:10B8900091690B6983420CD0D1690B69834208D04E
:10B8A000116A0B69834204D0516A0A69824218BF47
:10B8B00000210268D369DB0701D001231362D36939
:10B8C0009B0701D502231362D3695B0701D50423CB
:10B8D0001362D3691B0701D508231362D369DB0503
:10B8E00002D54FF4807313628A888968FFF790BE8F
:10B8F00070B5016840F62F02CB691A40202A0A6809
:10B900008E680AD102F0200406F080552D1916D059
:10B91000416F69B3BDE87040084740F60F052B4200
:10B920000DD0012540F22014C1F20005C0F2004400
:10B9300006EA050C02EA040515EB0C0525D1DD0627
:10B94000C46E16D5012C14D112F0100511D010229E
:10B950000A628968490600F1C280B0F85C10B0F84C
:10B960005E20B0F85E30002B18BF914240F05C8240
:10B9700070BDDD0272D516F480056FD04FF48012D1
:10B980000A62BDE87040FFF763BFDD0718BF12F41D
:10B99000807507D001250D62D0F8905045F0010563
:10B9A000C0F890509D0706F0010E0AD5BEF1000FB9
:10B9B00007D002240C62D0F8904044F00404C0F890
:10B9C00090405C070AD5BEF1000F07D004250D6238
:10B9D000D0F8905045F00205C0F890501D070CD5E6
:10B9E00002F0200555EA0C0507D008250D62D0F8B5
:10B9F000905045F00805C0F890501D050BD512F089
:10BA0000806508D04FF400650D62D0F8905045F085
:10BA10002005C0F89050D0F89050002DA8D09B067B
:10BA20000BD502F0200206F08053D21805D0426FE9
:10BA30001AB10446904720462168D0F890208968C2
:10BA400001F0400102F02802891840F014810446F8
:10BA5000FFF702FF0020C4F8900070BD190606D55C
:10BA600002F0800106F40006891940F0638259064D
:10BA700040F1CF8112F0400100F0CB81016851E824
:10BA8000001F026821F0400142E80013F3B1016891
:10BA900051E8001F026821F0400142E80013002B2A
:10BAA0001FBF016851E8001F026821F040011CBF60
:10BAB00042E80013002B09D0016851E8001F02681A
:10BAC00021F0400142E80013002BD7D12021C0F81B
:10BAD000881000218167BDE8704000F0D1BFD0F828
:10BAE000802011684B68B0F85C4099B2002900F0E2
:10BAF0008781A14280F08481A0F85E30D169B1F5E0
:10BB0000807F00F0AC80016851E8001F026821F4DA
:10BB1000807142E80013F3B1016851E8001F026828
:10BB200021F4807142E80013002B1FBF016851E827
:10BB3000001F026821F480711CBF42E80013002B33
:10BB400009D0016851E8001F026821F4807142E8C1
:10BB50000013002BD7D1016851E8021F026821F0C1
:10BB6000010142E80213F3B1016851E8021F0268C3
:10BB700021F0010142E80213002B1FBF016851E8C8
:10BB8000021F026821F001011CBF42E80213002BD2
:10BB900009D0016851E8021F026821F0010142E862
:10BBA0000213002BD7D1016851E8021F026821F06F
:10BBB000400142E80213F3B1016851E8021F026834
:10BBC00021F0400142E80213002B1FBF016851E839
:10BBD000021F026821F040011CBF42E80213002B43
:10BBE00009D0016851E8021F026821F0400142E8D3
:10BBF0000213002BD7D12021C0F88C100021C16680
:10BC0000016851E8001F026821F0100142E80013AA
:10BC1000F3B1016851E8001F026821F0100142E809
:10BC20000013002B1FBF016851E8001F026821F0BC
:10BC300010011CBF42E80013002B09D0016851E835
:10BC4000001F026821F0100142E80013002BD7D139
:10BC5000D0F8801004460846F9F75EFC2046022121
:10BC60000167B0F85C10B0F85E20891A89B2BDE8AF
:10BC70007040FFF719BD016851E8001F026821F408
:10BC8000907142E80013F3B1016851E8001F0268A7
:10BC900021F4907142E80013002B1FBF016851E8A6
:10BCA000001F026821F490711CBF42E80013002BB2
:10BCB00009D0016851E8001F026821F4907142E840
:10BCC0000013002BD7D14FF6FE71CEF6FF7102683C
:10BCD00052E8022F03680A4043E80226DEB10268F8
:10BCE00052E8022F03680A4043E80226002E1FBFD5
:10BCF000026852E8022F03680A401CBF43E802268C
:10BD0000002E08D0026852E8022F03680A4043E878
:10BD10000226002EDBD1C16E012927D1016851E82E
:10BD2000001F026821F0100142E80013F3B101681E
:10BD300051E8001F026821F0100142E80013002BB7
:10BD40001FBF016851E8001F026821F010011CBFED
:10BD500042E80013002B09D0016851E8001F026877
:10BD600021F0100142E80013002BD7D12021C0F8A8
:10BD70008C100021C166026841679168490640F154
:10BD8000E080016851E8021F026821F0400142E8AA
:10BD90000213F3B1016851E8021F026821F040016B
:10BDA00042E80213002B1FBF016851E8021F02681E
:10BDB00021F040011CBF42E80213002B09D00168AA
:10BDC00051E8021F026821F0400142E80213002BF3
:10BDD000D7D1D0F88010002900F0B3804DF6814211
:10BDE00004460846C0F600020A65F9F705FE002879
:10BDF0003FF4BEADD4F88000016DBDE87040084747
:10BE00008C427FF4B5ADD269B2F5807F7FF4B0ADDE
:10BE10008AE0190240F1998012F0804100F095808B
:10BE2000BDE87040FFF710BD891A026852E8002F84
:10BE3000036822F4907243E80026F6B1026852E8E3
:10BE4000002F036822F4907243E80026002E1FBFE3
:10BE5000026852E8002F036822F490721CBF43E886
:10BE60000026002E09D0026852E8002F036822F451
:10BE7000907243E80026002ED7D14FF6FE72CEF620
:10BE8000FF72036853E8023F0668134046E8023534
:10BE9000DDB1036853E8023F0668134046E8023507
:10BEA000002D1FBF036853E8023F066813401CBF04
:10BEB00046E80235002D08D0036853E8023F0668C3
:10BEC000134046E80235002DDBD12022C0F88C203B
:10BED0000022C2664267026852E8002F036822F01F
:10BEE000100243E80026F6B1026852E8002F03680A
:10BEF00022F0100243E80026002E1FBF026852E81D
:10BF0000002F036822F010021CBF43E80026002E19
:10BF100009D0026852E8002F036822F0100243E8BB
:10BF20000026002ED7D189B202220267BDE87040F8
:10BF3000FFF7BABB816F00293FF41AADBDE870402E
:10BF40000847BDE87040FFF787BCD9017FF510AD09
:10BF5000B2F1FF3FC8BF70BDBDE87040FFF7E0BB66
:10BF600010B5D8B10446D0F8880028B9002084F86C
:10BF70008400204600F028F82420C4F888002068B7
:10BF8000A16A0268002922F00101016002D0204666
:10BF900001F04EFD204602F0A3F808B1012010BDCB
:10BFA0002068416821F490414160816821F02A01B4
:10BFB0008160016841F0010101602046BDE8104048
:10BFC00001F0A6BD000000002DE9F047B6B0002149
:10BFD0000446CDE93411CDE93211319102A8B821DE
:10BFE000F4F7DBFB47F6FF312068C4F2000188421A
:10BFF00000F3878044F6FF31C4F20001884200F369
:10C00000048144F20041C4F20001884200F005823C
:10C0100044F60001C4F20001884240F0BE8302A849
:10C020000026039602250295FDF7FEFD08B1F9F7FB
:10C03000FBF944F2E04040F21008C5F60200C4F2F9
:10C040000208816841F480218160816801F48021C7
:10C0500001910199016841F002010160006841F21B
:10C06000000100F002000190C5F6020101984FF4B2
:10C0700040603496CDE9310501203390072035909A
:10C08000A1F5406031A9FBF7D7FE4BF2E86508F156
:10C090003000C2F200454FF480694FF480372860C9
:10C0A0002D20C5E901062846EE60C5E90496C5E9DC
:10C0B0000666C5E90876FAF7C7F908B1F9F7B4F9E1
:10C0C000C4F8805008F14800AC634BF26075C2F2CE
:10C0D000004528602E2068604020A8600020C5E947
:10C0E0000309C5E90500E861C5E908702846FAF7C3
:10C0F000ABF900284FF027064FF07C0740F0418352
:10C1000041E341F2FF31C4F20101884200F3F980BA
:10C1100047F60041C4F20001884200F0EB8141F291
:10C120000001C4F20101884240F0378301200290EF
:10C1300002A800260396FDF777FD08B1F9F774F918
:10C1400044F2E04040F21008C5F60200C4F20208D2
:10C15000016941F010010161016901F010010191D3
:10C160000199016841F002010160006841F200019B
:10C1700000F002000190C5F602010198C020319044
:10C1800002203496CDE9320607203590A1F54060B3
:10C1900031A9FBF751FE4BF280552A20C2F200452F
:10C1A0004FF480694FF4803768604020C5E902068B
:10C1B0002846C5F80080C5E90496C5E90666C5E9C4
:10C1C0000876FAF741F908B1F9F72EF9E56708F1B1
:10C1D0001800AC634BF20855C2F2004528602920D4
:10C1E00068600020C5E90200C5E90490C5E90600C1
:10C1F000C5E908702846FAF727F900284FF0250608
:10C200004FF0800740F0BD82BDE244F60041C4F229
:10C210000001884200F0DB8147F60001C4F2000112
:10C22000884240F0BA8202A80026039602250295B1
:10C23000FDF7FAFC08B1F9F7F7F844F2E04040F2F4
:10C240001008C5F60200C4F20208816841F080417E
:10C250008160816801F0804101910199016841F09C
:10C2600010010160006831A900F0100001900198F0
:10C270004FF4C07061C10720359041F2000031A930
:10C28000C5F602003496FBF7D7FD4BF2382508F1CE
:10C290009000C2F200454FF4806728604F20C5E946
:10C2A00001064FF48070EE60C5E907062846AE61CE
:10C2B000C5E904766E62FAF7C7F808B1F9F7B4F881
:10C2C000C4F8805008F58960AC634BF2B025C2F227
:10C2D00000452860502068604020A8600020C5E923
:10C2E0000307C5E90500C5E9070068622846FAF7B3
:10C2F000ABF800284FF052064FF07C0740F0418227
:10C3000041E241F20041C4F20101884200F0CB81D8
:10C3100041F60041C4F20101884240F03E8202A889
:10C32000002703974FF00109CDF80890FDF77CFC3A
:10C3300008B1F9F779F844F2E04041F20005C5F69A
:10C340000200C5F6020531AE40F2100801694FF057
:10C35000020A41F0800101610169C4F2020801F0A2
:10C36000800101910199016841F0100101600068AC
:10C37000314600F010000190019804203190359072
:10C380002846CDE932A93497FBF756FD08203146FF
:10C39000CDE9310A0B2035902846CDE93397FBF7DC
:10C3A0004BFD4BF2184508F58060C2F200454FF492
:10C3B00080694FF4803628607620C5E90107284659
:10C3C000EF60C5E90497C5E90677C5E90867FAF79C
:10C3D0003BF808B1F9F728F8C4F8805008F58360F5
:10C3E000AC634BF29045C2F200452860772068604C
:10C3F0004020A8600020C5E90309C5E90500E861FF
:10C40000C5E908602846FAF71FF800284FF09C0697
:10C410004FF07C0740F0B581B5E102A800260396F5
:10C4200002250295FDF700FC08B1F8F7FDFF44F284
:10C43000E04040F21008C5F60200C4F2020881682C
:10C4400041F400318160816801F40031019101996A
:10C45000016841F008010160006831A900F008009E
:10C4600001900198602061C141F200010720C5F6EA
:10C4700002013590A1F5806031A93496FBF7DCFC10
:10C480004BF2F85508F58C60C2F200454FF4806716
:10C4900028602B20C5E901062846EE60C5E9047630
:10C4A000C5E90666C5E90866F9F7CEFF08B1F8F7F1
:10C4B000BBFFC4F8805008F58F60AC634BF2706529
:10C4C000C2F2004528602C2068604020A86000204F
:10C4D000C5E90307C5E90500C5E907006862284604
:10C4E000F9F7B2FF00284FF026064FF07C0740F026
:10C4F000488148E102A80026039602250295FDF72F
:10C5000093FB08B1F8F790FF44F2E04040F21008C6
:10C51000C5F60200C4F20208816841F00041816062
:10C52000816801F0004101910199016841F0100119
:10C530000160006831A900F010000190019803200B
:10C5400061C10820359041F2000031A9C5F6020012
:10C550003496FBF771FC4BF2283508F1A800C2F2C3
:10C5600000454FF4806728605120C5E901064FF46B
:10C570008070EE60C5E907062846AE61C5E904761D
:10C580006E62F9F761FF08B1F8F74EFFC4F880500A
:10C5900008F58660AC634BF2A035C2F20045286016
:10C5A000522068604020A8600020C5E90307C5E963
:10C5B0000500C5E9070068622846F9F745FF00282D
:10C5C0004FF053064FF07C0740F0DB80DBE002A821
:10C5D0000026039602250295FDF726FB08B1F8F721
:10C5E00023FF44F2E04040F21008C5F60200C4F216
:10C5F0000208816841F400218160816801F4002112
:10C6000001910199016841F004010160006831A9BC
:10C6100000F00400019001984FF4406061C141F2C4
:10C6200000010820C5F602013590A1F5006031A98E
:10C630003496FBF701FC4BF2481508F59260C2F204
:10C6400000454FF4806728603F20C5E90106284671
:10C65000EE60C5E90476C5E90666C5E90866F9F73E
:10C66000F3FE08B1F8F7E0FEC4F8805008F59560D5
:10C67000AC634BF2C015C2F2004528604020C5E90A
:10C68000010000206862C5E90307C5E90500C5E9A6
:10C6900007002846F9F7D8FE00284FF034064FF07F
:10C6A0007C076ED16FE002A8002603960125029553
:10C6B000FDF7BAFA08B1F8F7B7FE44F2E04040F2ED
:10C6C0001008C5F60200C4F20208016941F0200119
:10C6D0000161016901F0200101910199016841F0B6
:10C6E00004010160006841F2000100F004000190C3
:10C6F000C5F602010198C020319002203496CDE9A0
:10C70000320507203590A1F5006031A9FBF794FBB5
:10C710004BF2D87508F16000C2F200454FF4806911
:10C720004FF4803728604720C5E901062846EE60AF
:10C73000C5E90496C5E90666C5E90876F9F784FEF9
:10C7400008B1F8F771FEC4F8805008F17800AC63C6
:10C750004BF65005C2F20045286048206860402032
:10C76000A8600020C5E90309C5E90500E861C5E93D
:10C7700008702846F9F768FE4FF047064FF07C072F
:10C7800008B1F8F751FE052100223046E551AC63AF
:10C79000FBF74EFD3046FBF737FD36B0BDE8F087BE
:10C7A0002DE9F04381B00446D0F88C00202808D150
:10C7B0000E460120002918BF002A06D101B0BDE8AD
:10C7C000F083022001B0BDE8F08399460020C4F850
:10C7D00090002221C4F88C101546E066FBF710FC8F
:10C7E000A4F85C508046A4F85E50A168C9B1B1F1CC
:10C7F000805F12D0B1F5805F17D12069FF27014615
:10C8000000281CBF31460026002808BF40F2FF1751
:10C8100035460E46A4F8607016E0206918B13F272F
:10C8200006E0206918B17F2702E0002700E0FF271B
:10C830000025A4F8607007E0384006F8010BB4F852
:10C840005E000138A4F85E00B4F85E0088B12021D3
:10C85000002220464346CDF8009001F02DFF50B94C
:10C860002068002E406AE7D1384025F8020B0026E8
:10C87000E5E7002000E003202021C4F88C1001B07F
:10C88000BDE8F083000000007047000000000000D9
:10C8900070470000000000002DE9F04381B004461D
:10C8A000D0F88800202808D189460120002918BF27
:10C8B000002A06D101B0BDE8F083022001B0BDE836
:10C8C000F0831D460020C4F890002120C4F88800A1
:10C8D0001646FBF795FBA4F85460A4F8566006468C
:10C8E000A168B1F5805F02D1206900284ED0C8460A
:10C8F0004FF00009B4F856000028206828D06F1CBB
:10C900000EE0B8F1000F1CD018F8011B8162B4F8DA
:10C9100056100139A4F85610B4F85610C1B100BF32
:10C92000C1690906EDD4002FFAD0FBF769FB014677
:10C930004FF0030025B3891BA94221D82068016864
:10C94000EEE739F8021B4FF000086FF35F21DDE7D7
:10C95000C169490613D46F1C03E000BFC1694906D1
:10C960000DD4002FFAD0FBF74BFB01464FF003002C
:10C9700035B1891BA94203D820680168EEE7002081
:10C980002021C4F8881001B0BDE8F0834FF0000802
:10C99000B0E7000000000000D0F88830202B07D15D
:10C9A00013460122002918BF002B04D110467047FE
:10C9B00002221046704710B501650022A0F85430DD
:10C9C0002124A0F85630C0F89020C0F88840D0F854
:10C9D0007CC0BCF1000F20D04EF2210E4EF2D904E3
:10C9E000C0F6000EC0F60004CCE90FE44DF6914409
:10C9F000C0F60004CCE913420268044628326046BF
:10CA0000FAF74AF80146204639B11021C0F89010D3
:10CA10002021C0F8881001222BE0016840220A6220
:10CA2000016851E8021F026841F0800142E80213E8
:10CA3000F3B1016851E8021F026841F0800142E849
:10CA40000213002B1FBF016851E8021F026841F06A
:10CA500080011CBF42E80213002B09D0016851E895
:10CA6000021F026841F0800142E80213002BD7D177
:10CA70000022BDE810401046704700000000000092
:10CA80004CF23441C2F20041884218BF704740F274
:10CA90000A100121C2F2004001707047000000003E
:10CAA0007047000000000000FEE7000000000000EA
:10CAB00080B582B044F2D8400022C5F60200016879
:10CAC00041F001010160016801F00101019101994A
:10CAD000016841F0020101600068052100F00200D8
:10CAE000009000980B20FBF7A3FB0B20FBF78CFBBF
:10CAF0000C2005210022FBF79BFB0C20FBF784FB9D
:10CB00000D2005210022FBF793FB0D20FBF77CFB9A
:10CB10000E2005210022FBF78BFB0E20FBF774FB98
:10CB20000F2005210022FBF783FB0F20FBF76CFB96
:10CB3000102005210022FBF77BFB1020FBF764FB94
:10CB4000112005210022FBF773FB1120FBF75CFB92
:10CB50002F2005210022FBF76BFB2F20FBF754FB56
:10CB6000382005210022FBF763FB3820FBF74CFB44
:10CB7000392005210022FBF75BFB3920FBF744FB42
:10CB80003A2005210022FBF753FB3A20FBF73CFB40
:10CB90003B2005210022FBF74BFB3B20FBF734FB3E
:10CBA0003C2005210022FBF743FB3C20FBF72CFB3C
:10CBB000442005210022FBF73BFB4420FBF724FB2C
:10CBC000452005210022FBF733FB4520FBF71CFB2A
:10CBD000462005210022FBF72BFB462002B0BDE8D2
:10CBE0008040FBF711BB000080B54BF6C8004AF24D
:10CBF0000001C2F20040C4F200014FF0010C4FF0FE
:10CC0000030E01600021C0E9021101820A2280F8AE
:10CC100012C01D23C0F814E08261C0E90732C0E9E8
:10CC200009E2C0E90B32C0E90D1CC1632022026495
:10CC30000423C0E91131C0E91331C0E91531C0E95D
:10CC40001712C0E91913FAF7ABFC002808BF80BD22
:10CC5000BDE88040F8F7E8BB80B54BF668104AF2B3
:10CC60000041C2F20040C4F200014FF0010C4FF04D
:10CC7000030E01600021C0E9021101820A2280F83E
:10CC800012C01D23C0F814E08261C0E90732C0E978
:10CC900009E2C0E90B324FF40072C163C0E90D2C08
:10CCA000202202640423C0E91131C0E91331C0E934
:10CCB0001531C0E91712C0E91913FAF771FC002801
:10CCC00008BF80BDBDE88040F8F7AEBB00000000A3
:10CCD00080B54BF608204DF20041C2F20040C4F28C
:10CCE00000014FF0010C4FF0030E01600021C0E97C
:10CCF000021101820A2280F812C01D23C0F814E03C
:10CD00008261C0E90732C0E909E2C0E90B324FF4A1
:10CD10008062C163C0E90D2C202202640423C0E9B3
:10CD20001131C0E91331C0E91531C0E91712C0E96A
:10CD30001913FAF735FC002808BF80BDBDE8804014
:10CD4000F8F772BB0000000080B54DF259704EF646
:10CD50009C02C0F60000C0F6030200212AF0BCFFCE
:10CD60004AF65C51C2F20041086080BD000000003C
:10CD70002DE9F04387B044F2E0400027C5F60200F9
:10CD80000697CDE90477CDE90277016840F60049BE
:10CD900041F0100101600168C5F6020901F01001BF
:10CDA00001910199016841F020010160016809F5D4
:10CDB000406601F0200101910199016841F0800174
:10CDC00001600168002201F0800101910199016870
:10CDD00041F00201016001684FF4FC7801F00201AA
:10CDE00001910199016841F008010160016801F0B9
:10CDF000080101910199016841F040010160016859
:10CE000001F0400101910199016841F004010160C4
:10CE1000016801F0040101910199016841F00101EB
:10CE2000016000684FF4FC7100F00100019001986E
:10CE30003046FBF7DDF802AD4FF44070CDE9020754
:10CE400009F50060294601240494FAF7F5FF4FF430
:10CE500040402946CDE9020748460494FAF7ECFF22
:10CE600030462946CDE90284CDE90477FAF7E4FF9C
:10CE70004FF480500290A9F5806029464FF4881441
:10CE8000039402260496FAF7D7FF02A9042051C1A1
:10CE900048462946FAF7D0FF082005210022FBF773
:10CEA000C7F90820FBF7B0F9282005210022FBF77D
:10CEB000BFF92820FBF7A8F907B0BDE8F083000010
:10CEC00080B54BF68C7042F20001C2F20040C4F211
:10CED000000144F61F620160EF2141600021816082
:10CEE000C0E9032180218161FEF7B2F8002808BF64
:10CEF00080BDBDE88040F8F797BA00000000000050
:10CF000080B588B04BF6D87040F60002C2F20040FF
:10CF100000210791C4F20002CDE9051102910260DF
:10CF20004FF48972C0E901214FF6FF728161C0E9B7
:10CF30000321FEF78DF808B1F8F776FA4FF4805028
:10CF400004904BF6D87004A9C2F20040FEF76CF9C9
:10CF500008B1F8F769FA0020019003904BF6D870F9
:10CF6000C2F2004001A9FEF703F808B1F8F75CFA35
:10CF700008B080BD0000000010B584B04CF2240061
:10CF800041F20001C2F2004000240294C4F2000108
:10CF9000016040F6BD21C0E901146321C1608461D4
:10CFA000FEF756F808B1F8F73FFA4CF2240001A951
:10CFB000C2F2004001940394FDF7DAFF08B1F8F7DC
:10CFC00033FA04B010BD000080B54CF20C3044F6CA
:10CFD0000041C2F20040C4F200010C2201604FF493
:10CFE000E13141600021C0E902110161C0E9052180
:10CFF000C0E907114162102181624FF48051C16381
:10D00000FEF7AEFF08B1F8F70FFA4CF20C30002132
:10D01000C2F20040FEF7D0FB08B1F8F705FA4CF277
:10D020000C300021C2F20040FEF77EFB08B1F8F799
:10D03000FBF94CF20C30C2F20040FEF7CDFA0028AA
:10D0400008BF80BDBDE88040F8F7EEB900000000E1
:10D0500080B54CF2344047F60001C2F2004046F67B
:10D06000A002C4F20001C0F20602C0E900120021D1
:10D070000161C0E902110C224162C0E90521C0E949
:10D080000711102181624FF48051C163FEF768FFE0
:10D0900008B1F8F7C9F94CF234400021C2F200405F
:10D0A000FEF78AFB08B1F8F7BFF94CF234400021D3
:10D0B000C2F20040FEF738FB08B1F8F7B5F94CF2C0
:10D0C0003440C2F20040FEF787FA002808BF80BD56
:10D0D000BDE88040F8F7A8B980B54CF2C84047F6E3
:10D0E0000041C2F20040C4F200010C2201604FF482
:10D0F000E13141600021C0E902110161C0E905216F
:10D10000C0E907114162102181624FF48051C1636F
:10D11000FEF726FF08B1F8F787F94CF2C840002166
:10D12000C2F20040FEF748FB08B1F8F77DF94CF277
:10D13000C8400021C2F20040FEF7F6FA08B1F8F745
:10D1400073F94CF2C840C2F20040FEF745FA0028DD
:10D1500008BF80BDBDE88040F8F766B90000000058
:10D1600080B54CF2501041F60041C2F20040C4F2CA
:10D1700001010C2201604FF4964141600021C0E999
:10D1800002110161C0E90521C0E90711C0E90911D7
:10D19000FEF7E6FE08B1F8F747F94CF2501000210F
:10D1A000C2F20040FEF708FB08B1F8F73DF94CF277
:10D1B00050100021C2F20040FEF7B6FA08B1F8F7AD
:10D1C00033F94CF25010C2F20040FEF705FA002885
:10D1D00008BF80BDBDE88040F8F726B90000000018
:10D1E00080B54CF2BC0041F20001C2F2004049F2AD
:10D1F0001022C4F20101C0F20302C0E900120021B2
:10D200000161C0E902110C224162C0E90521C0E9B7
:10D210000711102181624FF48051C163FEF7A0FE17
:10D2200008B1F8F701F94CF2BC000021C2F200404D
:10D23000FEF7C2FA08B1F8F7F7F84CF2BC0000218B
:10D24000C2F20040FEF770FA08B1F8F7EDF84CF2C0
:10D25000BC00C2F20040FEF7BFF9002808BF80BD45
:10D26000BDE88040F8F7E0B880B54CF2E41044F235
:10D270000041C2F20040C4F200010C2201604FF4F0
:10D28000E13141600021C0E902110161C0E90521DD
:10D29000C0E90711C0E90911FEF762FE08B1F8F70D
:10D2A000C3F84CF2E4100021C2F20040FEF784FA09
:10D2B00008B1F8F7B9F84CF2E4100021C2F20040CE
:10D2C000FEF732FA08B1F8F7AFF84CF2E410C2F208
:10D2D0000040FEF781F9002808BF80BDBDE880400E
:10D2E000F8F7A2B80000000080B54CF2782044F6B0
:10D2F0000001C2F20040C4F200010C2201604FF4B0
:10D30000964141600021C0E902110161C0E9052197
:10D31000C0E90711C0E90911FEF722FE08B1F8F7CC
:10D3200083F84CF278200021C2F20040FEF744FA64
:10D3300008B1F8F779F84CF278200021C2F20040E9
:10D34000FEF7F2F908B1F8F76FF84CF27820C2F264
:10D350000040FEF741F9002808BF80BDBDE88040CD
:10D36000F8F762B80000000080B54CF2A03041F23E
:10D370000041C2F20040C4F201010C2201604FF4EE
:10D38000E13141600021C0E902110161C0E90521DC
:10D39000C0E907114162102181624FF48051C163DD
:10D3A000FEF7DEFD08B1F8F73FF84CF2A03000219F
:10D3B000C2F20040FEF700FA08B1F8F735F84CF277
:10D3C000A0300021C2F20040FEF7AEF908B1F8F734
:10D3D0002BF84CF2A030C2F20040FEF7FDF8002816
:10D3E00008BF80BDBDE88040F8F71EB8000000000F
:10D3F00080B54AF66C6040F21401C2F20040C2F2FD
:10D400000041012201F0A8FF08B1F8F70DF84AF633
:10D410006C6040F23C01C2F20040C2F2004102F0F6
:10D4200017FA08B1F8F700F84AF66C6040F2D80134
:10D43000C2F20040C2F2004101F09EFC08B1F7F7D1
:10D44000F3FF4AF66C60C2F2004002F02DFA08B118
:10D45000F7F7EAFFBDE88040FBF792BF000000004D
:10D46000FEE7000000000000FEE7000000000000F2
:10D470004BF6A820C2F20040FBF7DAB8000000002B
:10D48000EFF30980BFF36F8F154B1A681EF0100F72
:10D4900008BF20ED108A20E9F04F10602DE9090047
:10D4A0004FF0500080F31188BFF34F8FBFF36F8FA1
:10D4B0002BF066FE4FF0000080F31188BDE80900F4
:10D4C00019680868B0E8F04F1EF0100F08BFB0EC04
:10D4D000108A80F30988BFF36F8F704700BF00BFC9
:10D4E00000C7002400000000F0B581B044F22C47D2
:10D4F000C5F6020757F8042C02F00302032A02D1F2
:10D50000012001B0F0BD054657F82C0C0C4620F068
:10D51000806047F82C0CFAF773FD064657F82C0C80
:10D52000000105D5FAF76CFD801B0228F6D964E0EE
:10D5300057F8040CEE6895E80E0020F47C30012CBE
:10D5400040EA0130A2F101016FF35F214FF47E4206
:10D5500002EB432247F8040C92B24FF0FE4302EB79
:10D5600001004FF4FE012A6901EB064101F4FE01BE
:10D5700003EB0262084402F0FE410844F860386898
:10D58000696920F0C00040EA010038603868A96984
:10D5900020F0200040EA0100386038684FF6F8714A
:10D5A00020F0100038603869EA6920EA01004FF481
:10D5B000001140EAC2003861386808BF4FF480119A
:10D5C00040F01000002C386008BF4FF4002138688C
:10D5D0000843386057F82C0C40F0806047F82C0C5A
:10D5E000FAF70EFD044600BF57F82C0C000107D4D3
:10D5F000FAF706FD001B0328F6D3032001B0F0BDA7
:10D60000002001B0F0BD0000F0B581B044F22C471D
:10D61000C5F6020757F8042C02F00302032A02D1D0
:10D62000012001B0F0BD054657F82C0C0C4620F047
:10D63000805047F82C0CFAF7E3FC064657F82C0C00
:10D64000800005D5FAF7DCFC801B0228F6D964E0DF
:10D6500057F8040CEE6895E80E0020F07C70012C61
:10D6600040EA0150A2F101016FF35F214FF47E42C5
:10D6700002EB432247F8040C92B24FF0FE4302EB58
:10D6800001004FF4FE012A6901EB064101F4FE019D
:10D6900003EB0262084402F0FE41084478613868F6
:10D6A000696920F4406040EA010038603868A9697F
:10D6B00020F4007040EA0100386038684FF6F871D5
:10D6C00020F480703860B869EA6920EA01004FF000
:10D6D000807140EAC200B861386808BF4FF40001A9
:10D6E00040F48070002C386008BF4FF48001386827
:10D6F0000843386057F82C0C40F0805047F82C0C49
:10D70000FAF77EFC044600BF57F82C0C800007D4C3
:10D71000FAF776FC001B0328F6D3032001B0F0BD16
:10D72000002001B0F0BD000000000000000000007B
:10D73000074B19680868B0E8F04F80F30988BFF319
:10D740006F8F4FF0000080F31188704700BF00BF5B
:10D7500000C7002400000000FFF74AFE01202AF065
:10D7600073FAFBE70000000080B54EF21000CEF225
:10D77000000000682CF09CFC012808BF80BDBDE8BB
:10D7800080402BF049BE00004EF6885042F2000C5B
:10D79000CEF20000C5F2002C026842F47002026072
:10D7A000DCF8000000F00F00062806D8DCF80000C6
:10D7B000072262F30300CCF8000044F200404EF66A
:10D7C0007F51C5F60200CEF6F621026842F0010252
:10D7D000026000220261036819400160DCF8001059
:10D7E000090706D5DCF80010072363F30301CCF822
:10D7F000001040F200218261C261C0F20221026287
:10D8000081620021C0F2FF11C16240F28021C0F2AA
:10D810000111016342638163C26301644264016870
:10D8200021F4802101600266D0F8D410C90448BFF9
:10D830007047D0F8D41043F2D20241F48051C0F8BE
:10D84000D41044F20001C5F200210A60D0F8D410CF
:10D8500021F48051C0F8D41070470000000000008F
:10D860004BF6D870C2F20040FDF7DABD00000000B0
:10D870004CF22400C2F20040FDF7D2BD00000000CF
:10D880004BF68C70C2F20040FDF7CABD00000000EC
:10D890004CF27000C2F20040FDF7C2BD0000000073
:10D8A00010B540F6FF32D0F800E0C4F2000290421A
:10D8B0000FDCB0F1804F1DD040F20043C4F20003F2
:10D8C000984217D040F60003C4F20003984211D0EA
:10D8D00015E040F60043C4F2000398420AD040F23B
:10D8E0000043C4F20103984204D00023C4F20103B0
:10D8F000984204D12EF070024B6843EA020E4EF2B9
:10D90000FF3343F6FF7CC4F20003C4F2010C9842DB
:10D910000FDD604522DC4EF20043C4F20003984262
:10D9200038D00023C4F20103984233D040F20043C0
:10D9300022E040F2FF73C4F20003984221DD40F67A
:10D940000003C4F20003984224D040F60043C4F21E
:10D95000000398421ED04EF2000317E044F2000389
:10D96000C4F20103984215D044F60003C4F2010347
:10D9700098420FD044F20043C4F20103984209D008
:10D980000DE0B0F1804F05D040F20043C4F2000337
:10D99000984204D12EF44072CB6843EA020E4B69E0
:10D9A00060450A688C68C46282620EDD44F200023F
:10D9B000C4F20102904213D044F60002C4F2010204
:10D9C00090420DD044F2004206E00022C4F201026F
:10D9D000904205D040F20042C4F20102904201D1CF
:10D9E00009690163016841F004010160012141619D
:10D9F0002EF080011943016010BD000000000000FE
:10DA00004CF20C30C2F20040FDF772BF0000000083
:10DA10004CF23440C2F20040FDF76ABF0000000043
:10DA20004CF2C840C2F20040FDF762BF00000000A7
:10DA3000816A0A070CD4CA0715D18A071ED44A077F
:10DA400027D4CA0630D48A0639D44A0642D454E0D0
:10DA50000268D0F838C0536823F4004343EA0C034B
:10DA60005360CA07E9D00268D0F82CC0536823F489
:10DA7000003343EA0C0353608A07E0D50268D0F80C
:10DA800030C0536823F4803343EA0C0353604A07E1
:10DA9000D7D50268D0F834C0536823F4802343EA12
:10DAA0000C035360CA06CED50268D0F83CC0936818
:10DAB00023F4805343EA0C0393608A06C5D50268B9
:10DAC000D0F840C0936823F4005343EA0C039360FA
:10DAD0004A0612D50268D0F844C0BCF5801F5368CE
:10DAE00023F4801343EA0C03536006D1536823F4F4
:10DAF000C00C836C43EA0C035360090658BF70479F
:10DB00000168C06C4A6822F40022104348607047E4
:10DB1000B0B582B004460020C4F89000FAF770FA5D
:10DB2000216805460A68120737D54FF40011002214
:10DB30006FF07E40009020462B4600F0BDFD58B3AC
:10DB4000206850E8000F216820F0800041E80002C2
:10DB5000002A1FBF206850E8000F216820F08000D5
:10DB60001CBF41E80002002A12D0206850E8000FD4
:10DB7000216820F0800041E800024AB1206850E8A6
:10DB8000000F216820F0800041E80002002AD7D170
:10DB90000320202188226CE02168086840075FD5B7
:10DBA0004FF4800100226FF07E40009020462B460B
:10DBB00000F082FD002853D0206850E8000F216853
:10DBC00020F4907041E80002F2B1206850E8000FA4
:10DBD000216820F4907041E80002002A1FBF2068ED
:10DBE00050E8000F216820F490701CBF41E800024B
:10DBF000002A09D0206850E8000F216820F49070B6
:10DC000041E80002002AD7D1206850E8020F2168BD
:10DC100020F0010041E80202002A1FBF206850E8FE
:10DC2000020F216820F001001CBF41E80202002A17
:10DC300012D0206850E8020F216820F0010041E86E
:10DC400002024AB1206850E8020F216820F001006A
:10DC500041E80202002AD7D1032020218C2208E0CB
:10DC60002020C4F88800C4F88C0000217022002015
:10DC7000E166A150002184F8841002B0B0BD00001C
:10DC8000806B0021A0F85E10FDF7E6BD00000000EB
:10DC9000806B0268D0F88830D0F88CC09168090693
:10DCA00058D5212B56D10021A0F85610016851E813
:10DCB000001F026821F0C00142E80013F3B10168BF
:10DCC00051E8001F026821F0C00142E80013002B58
:10DCD0001FBF016851E8001F026821F0C0011CBF8E
:10DCE00042E80013002B09D0016851E8001F0268C8
:10DCF00021F0C00142E80013002BD7D1016851E8A0
:10DD0000021F026821F4000142E80213F3B1016826
:10DD100051E8021F026821F4000142E80213002BBF
:10DD20001FBF016851E8021F026821F400011CBFF7
:10DD300042E80213002B09D0016851E8021F026873
:10DD400021F4000142E80213002BD7D12021C0F8B2
:10DD5000881002689168490640F18C80BCF1220F5E
:10DD600040F088800021A0F85E10016851E8001F93
:10DD7000026821F4907142E80013F3B1016851E8A0
:10DD8000001F026821F4907142E80013002B1FBFAE
:10DD9000016851E8001F026821F490711CBF42E83D
:10DDA0000013002B09D0016851E8001F026821F41C
:10DDB000907142E80013002BD7D14FF6FE7CCEF6CF
:10DDC000FF7C026852E8022F036802EA0C0243E873
:10DDD0000221F1B1016851E8021F026801EA0C0159
:10DDE00042E80213002B1FBF016851E8021F0268BE
:10DDF00001EA0C011CBF42E80213002B09D00168A4
:10DE000051E8021F026801EA0C0142E80213002BEC
:10DE1000D7D1C16E012927D1016851E8001F0268DE
:10DE200021F0100142E80013F3B1016851E8001F2E
:10DE3000026821F0100142E80013002B1FBF0168A7
:10DE400051E8001F026821F010011CBF42E80013D6
:10DE5000002B09D0016851E8001F026821F0100171
:10DE600042E80013002BD7D12021C0F88C100021EC
:10DE7000C1664167D0F8901041F01001C0F89010D1
:10DE8000FDF7EABC00000000C169806BB1F5807F3E
:10DE900000F0AA800021A0F85E10016851E8001F80
:10DEA000026821F4807142E80013FBB1016851E877
:10DEB000001F026821F4807142E80013002B1FBF8D
:10DEC000016851E8001F026821F480711CBF42E81C
:10DED0000013002B0AD0016851E8001F026821F4EA
:10DEE000807142E80013002BD7D100BF016851E8D0
:10DEF000021F026821F0010142E80213F3B1016838
:10DF000051E8021F026821F0010142E80213002BD0
:10DF10001FBF016851E8021F026821F001011CBF08
:10DF200042E80213002B09D0016851E8021F026881
:10DF300021F0010142E80213002BD7D1016851E81A
:10DF4000021F026821F0400142E80213F3B10168A8
:10DF500051E8021F026821F0400142E80213002B41
:10DF60001FBF016851E8021F026821F040011CBF79
:10DF700042E80213002B09D0016851E8021F026831
:10DF800021F0400142E80213002BD7D12021C0F834
:10DF90008C10C16E012927D1016851E8001F026869
:10DFA00021F0100142E80013F3B1016851E8001FAD
:10DFB000026821F0100142E80013002B1FBF016826
:10DFC00051E8001F026821F010011CBF42E8001355
:10DFD000002B09D0016851E8001F026821F01001F0
:10DFE00042E80013002BD7D100210167C16E01293F
:10DFF00003D1B0F85C10FDF757BBFEF745BC00003D
:10E00000806B01210167C16E012904D1B0F85C1059
:10E010004908FDF749BBFEF73BBC000000000000CB
:10E02000C169806BB1F5807F01D1FEF729BD002168
:10E03000A0F85610016851E8021F026821F0800123
:10E0400042E80213F3B1016851E8021F026821F0AF
:10E05000800142E80213002B1FBF016851E8021F34
:10E06000026821F080011CBF42E80213002B09D096
:10E07000016851E8021F026821F0800142E80213A2
:10E08000002BD7D1016851E8001F026841F0400120
:10E0900042E80013F3B1016851E8001F026841F043
:10E0A000400142E80013002B1FBF016851E8001F28
:10E0B000026841F040011CBF42E80013002B09D068
:10E0C000016851E8001F026841F0400142E8001376
:10E0D000002BD7D170470000806BFEF7E1BC000039
:10E0E000F0B583B00446006846F6F31640F6004EDD
:10E0F00022696569D4E902130A43E7690168CCF62D
:10E10000FF762A4331401143C5F6000E39430160C2
:10E110004168704521F4405144F2544C41EA0301F6
:10E120004160A2694FF2FF431CBF216A0A43816824
:10E13000C1F2FF131940C5F6020C1143816047F686
:10E14000FF32C16AC4F2000221F00F01656A9042F9
:10E150004FF0800341EA0501C16218DD41F2FF7111
:10E16000C4F20101884227DC47F60041C4F20001F5
:10E1700088424FD041F20001C4F20101884232D0FE
:10E1800041F20041C4F2010188422CD04EE044F635
:10E19000FF31C4F20001884230DD44F60041C4F290
:10E1A0000001884236D045F20001C4F200018842E5
:10E1B00030D047F6000129E041F60001C4F2010128
:10E1C000884210D041F60041C4F2010188420AD0D1
:10E1D00070452BD1DCF8041001F00702062A25D285
:10E1E0000FF2703120E0DCF80010C1F3C202062A01
:10E1F0001CD24CF28461C0F6030115E044F20041E8
:10E20000C4F20001884205D044F60001C4F20001C6
:10E2100088420BD1DCF8001001F00702062A05D273
:10E220004CF27E61C0F603018B181B78704540F6F6
:10E230000010C0F23D0000F05280B7F5004F40F0F2
:10E240007A80402B4FF0010100F27A81DFE813F071
:10E2500041002901780178013101780178017801C4
:10E260003901780178017801780178017801780125
:10E270000701780178017801780178017801780147
:10E2800078017801780178017801780178017801C6
:10E290003F017801780178017801780178017801EF
:10E2A00078017801780178017801780178017801A6
:10E2B0007801780178017801780178017801780196
:10E2C0007801780178017801780178017801780186
:10E2D0002301FCF7C9FA002840F0F8802DE19A1ECE
:10E2E00001211E2A00F27580DFE812F01F002A01CA
:10E2F00087002A012A012A018B002A012A012A010A
:10E300002A012A012A012A0179002A012A012A0167
:10E310002A012A012A012A012A012A012A012A01A5
:10E320002A012A012A012A019300FBF735F8002867
:10E3300040F06E8001E1402B4FF0010100F20081BE
:10E34000DFE813F04100B300FE00FE00BB00FE005A
:10E35000FE00FE00E000FE00FE00FE00FE00FE00EB
:10E36000FE00FE009B00FE00FE00FE00FE00FE0020
:10E37000FE00FE00FE00FE00FE00FE00FE00FE00AD
:10E38000FE00FE00E600FE00FE00FE00FE00FE00B5
:10E39000FE00FE00FE00FE00FE00FE00FE00FE008D
:10E3A000FE00FE00FE00FE00FE00FE00FE00FE007D
:10E3B000FE00FE00FE00FE00FE00FE00FE00FE006D
:10E3C000FE00FE00AC00FCF74FFA002840F09F80F2
:10E3D000B3E0402B40F0B4804FF4004019E05CF80B
:10E3E000540C800649F20000C0F2D03011D55CF820
:10E3F000541CC1F3C101C8400BE06846FBF774F838
:10E4000002E06846FBF700F90198002800F09580CB
:10E41000656A4CF29A616268C0F6030131F8151022
:10E42000B0FBF1F002EB420188424FF00101C0F075
:10E4300087801303984200F28380010E00230002BC
:10E4400010EB520041F10001F2F755F84FF600527F
:10E45000A0F54071C0F20F0291426CD36FE05CF8FE
:10E46000540C800649F20000C0F2D0302FD55CF881
:10E47000541CC1F3C101C84029E05CF8540C80066B
:10E4800049F20000C0F2D03042D55CF8541CC1F310
:10E49000C101C8403CE04FF4004018E04FF4004098
:10E4A00036E0FCF711FA88B947E0FCF70DFA70BBCB
:10E4B00043E06846FBF718F806E06846FBF714F8F7
:10E4C00023E06846FBF7A0F80198B0B3656A4CF208
:10E4D0009A61C0F6030131F81510B0FBF1F06168E4
:10E4E0004A0802EB40004FF6EF72B0FBF1F0A0F1EA
:10E4F0001001914223D84FF6F0710140C0F3420061
:10E50000084418E06846FBF77FF80198A8B1656AEF
:10E510004CF29A616268C0F6030131F81510B0FB45
:10E52000F1F000EB5200B0FBF2F0A0F110014FF659
:10E53000EF72914203D82168C860002100E00121F8
:10E540004FF00110A0660020C4E91D00084603B08A
:10E55000F0BD00BF020408102040000000000000D1
:10E5600010B504468C4681650021A0F85C20C0F8F7
:10E5700090102220C4F88C00D4F88000F0B113462B
:10E580004DF6896E4EF20102C0F6000EC0F6000292
:10E59000C0E90FE24DF69142C0F60002C0E9132136
:10E5A000216862462431F8F777FA38B11020C4F8B0
:10E5B00090002020C4F88C00012010BD206938B3E1
:10E5C000206850E8000F216840F4807041E80002A4
:10E5D000F2B1206850E8000F216840F4807041E8F3
:10E5E0000002002A1FBF206850E8000F216840F495
:10E5F00080701CBF41E80002002A09D0206850E862
:10E60000000F216840F4807041E80002002AD7D151
:10E61000206850E8020F216840F0010041E8020242
:10E62000F2B1206850E8020F216840F0010041E893
:10E630000202002A1FBF206850E8020F216840F044
:10E6400001001CBF41E80202002A09D0206850E8FE
:10E65000020F216840F0010041E80202002AD7D1F0
:10E66000206850E8020F216840F0400041E80202B3
:10E67000F2B1206850E8020F216840F0400041E804
:10E680000202002A1FBF206850E8020F216840F0F4
:10E6900040001CBF41E80202002A09D0206850E86F
:10E6A000020F216840F0400041E80202002AD7D161
:10E6B000002010BD000000002DE9F04381B080462D
:10E6C00000680D46C7693940491BB1FA81F1490913
:10E6D0008A4240F0C980DDF8209016461F4609F1B5
:10E6E000010408E0C1692940491BB1FA81F14909D7
:10E6F0008E4240F0B980002CF4D0F9F781FCB9F1DA
:10E70000000F01464FF0030000F0AF80C91B4945E0
:10E7100000F2AB80D8F8000001684907E2D5402D2F
:10E7200018BF802DDED0C169090700F1A180C16941
:10E730000905D7D54FF400610162D8F8000050E810
:10E74000000FD8F8001020F4907041E8000222B3C6
:10E75000D8F8000050E8000FD8F8001020F49070AE
:10E7600041E80002002A1FBFD8F8000050E8000F5F
:10E77000D8F8001020F490701CBF41E80002002A75
:10E780000BD0D8F8000050E8000FD8F8001020F4A3
:10E79000907041E80002002ACFD14FF6FE70CEF60D
:10E7A000FF70D8F8001051E8021FD8F8002001408F
:10E7B00042E802130BB3D8F8001051E8021FD8F852
:10E7C0000020014042E80213002B1FBFD8F80010C0
:10E7D00051E8021FD8F8002001401CBF42E8021394
:10E7E000002B0AD0D8F8001051E8021FD8F80020FA
:10E7F000014042E80213002BD3D1D8F86C00012865
:10E800002FD1D8F8000050E8000FD8F8001020F001
:10E81000100041E8000222B3D8F8000050E8000FD1
:10E82000D8F8001020F0100041E80002002A1FBFB5
:10E83000D8F8000050E8000FD8F8001020F01000C1
:10E840001CBF41E80002002A0BD0D8F8000050E8B5
:10E85000000FD8F8001020F0100041E80002002A54
:10E86000CFD1032020219BE0002001B0BDE8F08340
:10E8700008210162D8F8000050E8000FD8F8001015
:10E8800020F4907041E8000222B3D8F8000050E86C
:10E89000000FD8F8001020F4907041E80002002A20
:10E8A0001FBFD8F8000050E8000FD8F8001020F47F
:10E8B00090701CBF41E80002002A0BD0D8F800007D
:10E8C00050E8000FD8F8001020F4907041E80002E2
:10E8D000002ACFD14FF6FE70CEF6FF70D8F80010A8
:10E8E00051E8021FD8F80020014042E802130BB3A0
:10E8F000D8F8001051E8021FD8F80020014042E883
:10E900000213002B1FBFD8F8001051E8021FD8F8DF
:10E91000002001401CBF42E80213002B0AD0D8F8A7
:10E92000001051E8021FD8F80020014042E802130D
:10E93000002BD3D1D8F86C0001282FD1D8F80000D3
:10E9400050E8000FD8F8001020F0100041E8000255
:10E9500022B3D8F8000050E8000FD8F8001020F0DB
:10E96000100041E80002002A1FBFD8F8000050E85C
:10E97000000FD8F8001020F010001CBF41E8000282
:10E98000002A0BD0D8F8000050E8000FD8F800108B
:10E9900020F0100041E80002002ACFD10120082118
:10E9A0002022C8F88C200022C8F86C20C8F87420F7
:10E9B000C8F8901088F8842001B0BDE8F08300000A
:10E9C0004CF25010C2F20040FCF792BF0000000071
:10E9D0004CF2BC00C2F20040FCF78ABF000000000D
:10E9E0004CF2E410C2F20040FCF782BF00000000CD
:10E9F0004CF27820C2F20040FCF77ABF0000000021
:10EA00004CF2A030C2F20040FCF772BF00000000E0
:10EA1000D0F8D42200EB820CDCF8C0223AB3B0B5B7
:10EA200001F00F0404EB840300EB830E5EF8183F43
:10EA30005BB1D0F8C85204EBC40405EB8404E4696C
:10EA4000B3FBF4F505FB14339BB10020C2F81402AC
:10EA5000DCF8C4321B69002B08BFB0BD02F5047C92
:10EA6000D2F808020A46614698470020B0BD03204C
:10EA7000704700220023CEF8002000F0C9FE0020DD
:10EA8000B0BD000000000000B0B5D0F8D42200EB0B
:10EA90008202D2F8C05295B1044600F03DFDD4F890
:10EAA000D412C5F80C02D5F8040204EB8101D1F8A8
:10EAB000C42205F50371D26890470020B0BD032041
:10EAC000B0BD00000000000070B58121044600F0D8
:10EAD0006BFC012120460025258700F065FC822182
:10EAE0002046A4F8785100F05FFCD4F8D40204F575
:10EAF0003076E56456F8201089B104EB8000D0F838
:10EB0000C40240688047D4F8D40256F8200001F0CF
:10EB10004BF9D4F8D40246F82050C4F8BC52002077
:10EB200070BD00000000000010B5D0F8D41200EB5A
:10EB30008100D0F8C04284B1D0F8C41259B194F821
:10EB40000002FF2807D094F801228B6821469847DD
:10EB5000FF2084F80002002010BD032010BD00003B
:10EB600040F2B8010A22C2F2004102800846704712
:10EB7000F0B581B040F274070446C2F2004782212A
:10EB8000384600F019FA05460121384600F014FA1B
:10EB900006468121384600F00FFA002D1CBF1021D7
:10EBA000A971002E1CBF4021B18000281CBF40214C
:10EBB000818040F274004321C2F20040218001B004
:10EBC000F0BD000000000000F0B581B040F2740715
:10EBD0000446C2F200478221384600F0EDF90546AE
:10EBE0000121384600F0E8F906468121384600F058
:10EBF000E3F9002D1CBF1021A971002E1CBF4FF49A
:10EC00000071B18000281CBF4FF40071818040F278
:10EC100074004321C2F20040218001B0F0BD000029
:10EC2000F0B581B040F274070446C2F20047822179
:10EC3000384600F0C1F905460121384600F0BCF91C
:10EC400006468121384600F0B7F9002D1CBF10217F
:10EC5000A971002E1CBF4021B18000281CBF40219B
:10EC6000818040F274004321C2F20040218001B053
:10EC7000F0BD0000000000002DE9F04104464FF413
:10EC8000077001F095F8002849D04FF40771054648
:10EC9000F1F783FDD4F8D402217C4027022204EB53
:10ECA000800000294FF081014FF00206C0F8C052E9
:10ECB0002046C4F8BC5208BF4FF400773B4600F032
:10ECC000B3FC0121022220463B464FF00108A4F884
:10ECD000388000F0A9FC1020A4F84E008221032205
:10ECE00008232046A4F8788100F09EFCD4F8D402D2
:10ECF0000027C5F8047204EB8000A4F84C80D0F81B
:10ED0000C40200688047C5F81472C5F81872D5F8B7
:10ED10000422A2B1207C012158B140230BE0D4F899
:10ED2000D402002104EB8000C0F8C0120220BDE82C
:10ED3000F0814FF40073204600F08AFC0026304634
:10ED4000BDE8F08100000000D0F8D41200EB810192
:10ED5000D1F8C01271B180B5027C4023002AD1F8ED
:10ED600004224FF0010108BF4FF4007300F070FC63
:10ED7000002080BD0320704739B1D0F8D42200EBC9
:10ED80008200C0F8C41200207047032070470000C2
:10ED9000D0F8D42200EB8200D0F8C00218B1C0F83D
:10EDA000041200207047032070470000000000009C
:10EDB000D0F8D43200EB8300D0F8C00228B1C0F8FC
:10EDC0000812C0F81022002070470320704700008E
:10EDD000F0B581B0D0F8D42200EB820300228DF888
:10EDE0000320D3F8C042ADF80020002C54D00D7899
:10EDF00015F0600214D0202A4CD1CA881AB36DB223
:10EE0000B5F1FF3F27DD4978402A84F800122146FA
:10EE100028BF402284F8012200F096F800243CE04C
:10EE20004A780B2A36D80024DFE802F0063734345B
:10EE3000343434343434253090F89C22032A29D1D8
:10EE4000694602221EE0D3F8C42248780024936861
:10EE50000022984721E0D3F8C4524B7806460F466B
:10EE6000AD6818462146A847FA8830462146072A49
:10EE700028BF072206E090F89C22032A0AD10DF150
:10EE80000301012200F07CF8002406E090F89C22A7
:10EE9000032A02D000F04CF80324204601B0F0BD54
:10EEA000D0F8D41200EB8101D1F8C0323BB1D3F8D5
:10EEB000141200294FF0010103D0084670470320C7
:10EEC000704780B5C3F814128121D3F80822D3F813
:10EED0001032C36200F09CFC0021BDE8804008466F
:10EEE000704700000000000080B5D0F8B8225268DA
:10EEF0009047002818BF032080BD000000000000DC
:10EF00000020704700000000002070470000000053
:10EF100080B513460A46002100F09AFB002080BD10
:10EF200080B513460A46002100F072FC002080BD27
:10EF300010B58021044600F033FC00212046BDE8D6
:10EF4000104000F02DBC000080B50323C0F89432BF
:10EF50001346C0F858210A460021C0F85C3100F081
:10EF600077FB002080BD000080B50521C0F8941219
:10EF700000210022002300F06BFB002080BD000078
:10EF800080B50223C0F89432134682610A460021FC
:10EF9000C36100F03DFC002080BD000000000000C7
:10EFA00080B50421C0F8941200210022002300F053
:10EFB0002FFC002080BD0000B0F802C003789C4503
:10EFC00037D980B504E000BF73449AB2624532D2AB
:10EFD00090F800E070444278052A02D182788A4293
:10EFE00026D073449AB2624525D290F800E070446E
:10EFF0004278052A02D182788A4219D073449AB2A3
:10F00000624518D290F800E070444278052A02D197
:10F0100082788A420CD073449AB262450BD290F83F
:10F0200000E070444278052ACED182788A42CBD162
:10F0300080BD00207047002080BD0000000000005F
:10F04000002808BF704710B50378ABB100F1020E7D
:10F050004FF0000C1EF8013C8BB19EF800308BB1D4
:10F060009EF801308BB19EF802300CF1040C0EF1C9
:10F07000040E002BEED10AE04FF0000C07E04CF03C
:10F08000010C04E04CF0020C01E04CF0030C5FFAC0
:10F090008CFC022303EB4C0313800B7003224A7099
:10F0A0000378ABB3023002224FF0000C5FFA82FE0D
:10F0B00051FA82F401F80E3084F801C010F8013CD6
:10F0C00033B3941C5FFA84FE51FA84F401F80E30D5
:10F0D00084F801C00378002B1FBF141D5FFA84FE63
:10F0E00051FA84F401F80E301EBF84F801C0437851
:10F0F000002B0DD0941D08325FFA84FE51FA84F47F
:10F1000001F80E3084F801C083780430002BCDD193
:10F11000BDE810407047000010B545F6D8740A46A7
:10F12000C2F2004402A02146FFF78AFF204610BD2C
:10F1300043444320436F6E6669670000000000008F
:10F1400040F2C4001222C2F200400A807047000060
:10F1500010B545F6D8740A46C2F2004402A0214612
:10F16000FFF76EFF204610BD43444320496E74658F
:10F17000726661636500000040F2EC000422C2F296
:10F1800000400A807047000010B545F6D8740A4662
:10F19000C2F2004402A02146FFF752FF204610BDF4
:10F1A00053544D6963726F656C656374726F6E69F9
:10F1B000637300000000000010B545F6D8740A46DD
:10F1C000C2F2004402A02146FFF73AFF204610BDDC
:10F1D00053544D3332205669727475616C20436FFD
:10F1E0006D506F72740000004EF60003C1F6F173AB
:10F1F00018689A6812184FF01A00088000F0A5806D
:10F20000B0B54FF0370C100F0CEB1271B2F1204F6C
:10F2100038BF00F1300140F2F0005B68C2F30364D4
:10F22000C2F200404FF0000E81701101B1F1204F89
:10F2300080F803E00CEB117538BF04F130051102C2
:10F2400080F805E0C2F3035405710CEB1175B1F1C0
:10F25000204F38BF04F13005110380F807E0C2F3F6
:10F26000034485710CEB1175B1F1204F38BF04F1E7
:10F270003005110480F809E0C2F3033405720CEB89
:10F280001175B1F1204F38BF04F13005110580F838
:10F290000BE0C2F3032485720CEB1175B1F1204F22
:10F2A00038BF04F13005110680F80DE0C2F30314F5
:10F2B00005730CEB1175B1F1204F38BF04F1300527
:10F2C000110702F00F0202F137048573B1F1204FEC
:10F2D00080F80FE038BF02F13004190FB3F1204F6E
:10F2E0000CEB1372047480F811E038BF01F13002A6
:10F2F000190180F813E08274B1F1204FC3F3036267
:10F300000CEB117438BF02F13004190280F815E0DB
:10F31000C3F3035204750CEB1174B1F1204F4FEAA3
:10F32000033138BF02F13004C3F30342B1F1204F7F
:10F330000CEB1173847580F817E038BF02F13003CD
:10F3400080F819E00376BDE8B04040F2F000C2F268
:10F35000004070470000000080B10023C0F8B832C0
:10F36000C0F8C4320029C0F8D03218BFC0F8B412B7
:10F37000012180F89C12027000F0D2B8032070477F
:10F3800080B5D0F8C802F9F763F840F20032C10046
:10F39000C0F20132032822FA01F188BF0321C8B26A
:10F3A00080BD00000000000080B5D0F8C802F9F769
:10F3B00027F840F20032C100C0F20132032822FADD
:10F3C00001F188BF0321C8B280BD00000000000029
:10F3D000B0B581B190F89C22032A4FD1D0F8B82261
:10F3E0005269002A4AD00023C0F8D432904700283E
:10F3F00008BF0020B0BDD0F89412022938D1D0E95E
:10F40000071399420DD9CB1A11461A46C361044617
:10F41000FFF786FD002100220023204600F018F9A6
:10F4200025E00FD182698A420CD3D0F898128A4223
:10F4300008D20021002200250446FFF771FDC4F820
:10F440009852E7E790F89C12032909D1D0F8B81236
:10F45000C96829B10022C0F8D42204468847204652
:10F460008021044600F09CF92046FFF77DFD2046F0
:10F4700090F8A01211B1002180F8A0120020B0BDB8
:10F4800010B579B190F89C22032A1DD1D0F8B8228A
:10F490009269CAB10023C0F8D4329047002808BF4F
:10F4A000002010BDD0F8941203290DD1D0E95713D4
:10F4B00099420BD9C91AC0F85C11994238BF0B4662
:10F4C00011461A46FFF724FD002010BD90F89C124B
:10F4D000032909D1D0F8B812096929B10022C0F86E
:10F4E000D422044688472046FFF75AFD002010BD6D
:10F4F0000020704700000000012180F89C12D0F825
:10F50000B8223AB180B5017952689047002818BFF7
:10F51000032080BD00207047D0F8C802F8F7C8BFAC
:10F520000178012933D110B54BF6A821C2F2004170
:10F53000C0F8C812C1F8E0040020C4F2040008605A
:10F54000092008714FF40070C8800220C1F809003A
:10F550000020C88108740846F9F702FD08B1F5F7E4
:10F5600063FF4BF6A8244FF40071C2F2004420461A
:10F57000F8F7B6FE002180222046F8F7B5FE0121FB
:10F580004FF4BA722046F8F7AFFEBDE810400020F5
:10F59000704700000000000001F07F02D0F8C802B0
:10F5A00001EBC10349B202EBC202002900EB820267
:10F5B00000EB830000F2562048BF02F116000078ED
:10F5C0007047000000000000D0F8D42200EB820257
:10F5D000D2F8B8225AB190F89C32032B05D1126AA6
:10F5E0001AB180B59047002080BD002070470320ED
:10F5F0007047000000000000D0F8D42200EB820227
:10F60000D2F8B8225AB190F89C32032B05D1526A35
:10F610001AB180B59047002080BD002070470320BC
:10F62000704700000000000080B59446D0F8C80282
:10F630001A466346F8F748FF40F20032C100C0F2B4
:10F640000132032822FA01F188BF0321C8B280BD2C
:10F6500080B5D0F8C802F8F777FF40F20032C10059
:10F66000C0F20132032822FA01F188BF0321C8B297
:10F6700080BD000000000000F0B581B0012680F8D8
:10F680009C620025C0F8945204464560D0F8B80248
:10F69000C4F8A45284F8A05240B1426832B10021AB
:10F6A000204690470546002818BF03250021002268
:10F6B000402320464027FFF7B7FF80210022402348
:10F6C0002046A4F86461C4F86071FFF7ADFFA6841A
:10F6D0002846276201B0F0BD90F89C12042903D19E
:10F6E00090F89D1280F89C120020704700000000E6
:10F6F00090F89C12032908D1D0F8B81229B1C96931
:10F7000019B180B58847BDE88040002070470000EF
:10F71000024600201174704780B5D0F8C802F9F78E
:10F72000B3FD40F20032C100C0F20132032822FAD8
:10F7300001F188BF0321C8B280BD000000000000B5
:10F74000B0B500F2AA240546204600F075F8012164
:10F75000C5F8941295F8AA12B5F8B03201F01F025C
:10F76000C5F89832022A0ED0012A06D08AB9284656
:10F770002146BDE8B04000F09BB828462146BDE8D0
:10F78000B04000F0D9BA28462146BDE8B04000F0AC
:10F790002FBA01F080012846BDE8B040AFF30080E9
:10F7A00080B5D0F8C802F8F7EBFE40F20032C10095
:10F7B000C0F20132032822FA01F188BF0321C8B246
:10F7C00080BD00000000000080B5D0F8C802F9F745
:10F7D00077FD40F20032C100C0F20132032822FA64
:10F7E00001F188BF0321C8B280BD00000000000005
:10F7F000014690F89C02042803D091F89C0281F8FD
:10F800009D020020042281F89C2270470000000025
:10F8100080B5D0F8C802F8F7EBFE40F20032C10024
:10F82000C0F20132032822FA01F188BF0321C8B2D5
:10F8300080BD0000000000000A7802704A78427023
:10F840004A8842808A888280C988C18070470000C7
:10F8500010B582B004464FF00000ADF80600B1B11B
:10F86000D4F8D40204F52E72C4F8B81252F820006D
:10F87000C16A21B10DF106008847C4F8D002D4F85E
:10F88000D8020130C4F8D802002002B010BD032015
:10F8900002B010BD00000000D0F8B8220AB1126812
:10F8A0001047002070470000FFF78EBF00000000E7
:10F8B0000A78C2F34112531E022B07D2D0F8D42289
:10F8C00000EB8202D2F8B8229268104770B582B07D
:10F8D000002A40F0BD804A78092A00F2B980DFE8AA
:10F8E00002F0052CB74FB75874B71A3C90F89C2219
:10F8F000013A022A00F2AC80C988022940F0A880AF
:10F90000D0F8A41203220029014608BF012241F8C1
:10F910000C2F022228E1C988012940F0998090F833
:10F920009C124A1E022A80F08E8001460122002489
:10F9300041F8084FFFF724FB93E090F89C22013A2E
:10F94000022A00F2858049880024012940F089803C
:10F95000C0F8A442FFF724FB83E0498845F6D4753C
:10F96000C2F2004511F0FE0F29704AD080210446F2
:10F97000FFF716FF00212046FFF712FF032470E077
:10F980004A88022A5BD0012A62D10121C0F8A41260
:10F99000EFE08A88002A5BD1CA88002A58D14D88B6
:10F9A0007F2D55D890F89C12032951D0E9B280F8E8
:10F9B0009E520446FFF7B0FE20462646FFF7F0FAB7
:10F9C000002D00F00F8102200DE14A884FF0FF3337
:10F9D0000026ADF8066003EB12230E2B00F27980AF
:10F9E000DFE803F0085A427777697577777777779A
:10F9F00077774E000D46D0F8B4120446007C0A68B2
:10FA000045E090F89C22032A66D0022A40F08880C4
:10FA10000A0600F0AE8001F001024260C9B205465C
:10FA2000FFF73AFF002800F0BF80044680212846F7
:10FA3000FFF7B6FE00212846FFF7B2FE6CE04979D9
:10FA400080F8A01295E0032902D1011D01228BE06C
:10FA500080210546FFF7A4FE002128460024FFF779
:10FA60009FFE204602B070BDD2B2052A31D8DFE831
:10FA700002F003AFA7ABA3B3D0F8B422526802E000
:10FA8000D0F8B422D26922B30446007C0D460DF1B1
:10FA90000601904701465CE00D46017C0446D0F823
:10FAA000B80200290CBF816AC16A0DF106008847BF
:10FAB000014602204CE0027C5AB90446D0F8B80254
:10FAC0000D46416B0DF106008847014641E0027C7E
:10FAD000A2B38021044652E00A0658D001F0010288
:10FAE0004168914245D0C9B20446FFF7FDF9297833
:10FAF000204661602546FFF7CFFE002870D00446FF
:10FB000080212846FFF74CFE00212846FFF748FEDB
:10FB100029792846FFF7E8F9022085F89C02A0E73A
:10FB200080210446FFF73CFE00212046FFF738FE07
:10FB300029782046FFF7D8F9032492E70446D0F845
:10FB4000B8020D46016B0DF10600884701460720FB
:10FB50004870EA8862B1BDF8063073B1934220461E
:10FB600038BF1A46ADF80620FFF70AFA002478E7F6
:10FB70002046FFF715FA002473E780212046FFF79F
:10FB80000FFE00212046FFF70BFE002469E702214B
:10FB900080F89C120021002444600546FFF7A4F978
:10FBA0002846FFF7FDF95CE72846FFF7F9F903203F
:10FBB00085F89C02002454E7D0F8B422526962E729
:10FBC000D0F8B422D2685EE7D0F8B42212695AE7BE
:10FBD000D0F8B422926856E7D0F8B422926952E77E
:10FBE0002846C6E7012086F89C02002439E7000079
:10FBF00070B50D4609780446C1F341122979531EA8
:10FC0000022B05D22046FFF77BF9D8B1002070BD4A
:10FC1000DABB687880B3012821D0032835D194F865
:10FC20009C0203281FD1688838B911F07F0004D0E6
:10FC3000E88810B92046FFF7B3FD2046FFF7B0F97A
:10FC4000002070BDD4F8B80282680020002AC4F8F1
:10FC5000D402DBD020462946BDE87040104794F816
:10FC60009C0203281BD002280FD148060DD0204645
:10FC7000FFF796FD80210DE094F89C0203281ED02A
:10FC8000022808BF5FEA416040D080212046FFF78C
:10FC900087FD00212046FFF783FD002070BD6888A6
:10FCA0000028B3D10E46480603D020463146FFF760
:10FCB00067FB2046FFF774F920463146A3E701F0C1
:10FCC0000F00802900EB800004EB800002D2B0F826
:10FCD000640100E0808C0028D7D001F07F0001EBA8
:10FCE0008102802900EB800004EB800000F1140504
:10FCF00004EB820038BF00F5AA75480612D02046F2
:10FD0000FFF74AFC002818BF01200CE008064FF05E
:10FD1000140058BF4FF4AA7000222118225002226A
:10FD2000204604E000202860022220462946FFF7F2
:10FD300027F9002070BD0000B0B50A7802F060021B
:10FD4000602A08D090F89C22013A022A03D88A88B7
:10FD500012F0FE0F0AD080210546FFF721FD002199
:10FD600028460024FFF71CFD2046B0BD0C46054682
:10FD7000D1B2FFF7C9F808B10320B0BDD5F8B81269
:10FD80008A68002AF8D028460021C5F8D4122146F6
:10FD90009047E1880446002908BF002CE4D128469A
:10FDA000FFF7FEF80020B0BD704700000000000023
:10FDB00046F2D810C2F20040704700000000000078
:10FDC00010B50C784A78D0F81CC804F00F034FEA3D
:10FDD000441E012A18D101229A4000EB0E0342EA88
:10FDE0000C02C0F81C28D3F80009000429D403F53C
:10FDF00010600A7989686FF3DF21036841EA824164
:10FE000043EA8452114317E04FF4803202FA03F3BD
:10FE100000EB0E0243EA0C03C0F81C38D2F8000BCA
:10FE200000040ED40B7902F5306089686FF3DF218E
:10FE3000026841EA8341114341F0805141F400419D
:10FE40000160002010BD00000146D0F8000940F21A
:10FE5000FF729043C1F80009D1F80428002042F451
:10FE60008072C1F80428704782B002F47F42B2F574
:10FE7000807F78D1836B4FF6BF7223F48033836326
:10FE8000DDF808C0C368CFF6BD721A40C2605FFAE1
:10FE90008CF2C368012A23F44012C26003D1C26805
:10FEA00042F48012C26000220092009A0132009255
:10FEB000009AB2F1706F00F2B5800269002A21D475
:10FEC000009A01320092009AB2F1706F00F2AA809B
:10FED0000269002A16D4009A01320092009AB2F107
:10FEE000706F00F29F800269002A0BD4009A0132E1
:10FEF0000092009AB2F1706F00F294800269B2F140
:10FF0000FF3FD2DC00220092026942F0010202614E
:10FF1000009A01320092009AB2F1706F00F2828072
:10FF20000269D2071DD0009A01320092009AB2F104
:10FF3000706F77D80269D20713D0009A013200920D
:10FF4000009AB2F1706F6DD80269D20709D0009A99
:10FF500001320092009AB2F1706F63D80269D20741
:10FF6000D6D100226BE0C26842F04002C26000229B
:10FF70000192019A01320192019AB2F1706F53D845
:10FF80000269002A1ED4019A01320192019AB2F14B
:10FF9000706F49D80269002A14D4019A0132019283
:10FFA000019AB2F1706F3FD80269002A0AD4019A0F
:10FFB00001320192019AB2F1706F35D80269B2F143
:10FFC000FF3FD6DC00220192026942F00102026189
:10FFD000019A01320192019AB2F1706F24D802693C
:10FFE000D2071DD0019A01320192019AB2F1706FCD
:10FFF0001AD80269D20713D0019A01320192019AEC
:020000040801F1
:10000000B2F1706F10D80269D20709D0019A01329B
:100010000192019AB2F1706F06D80269D207D7D166
:10002000002202E003220AE0032213F47F4F836BD5
:1000300002D023F4803301E043F48033836301F47E
:100040007F01B1F5803F10D1C16D89B2C165C16D2D
:1000500041F0007141F0F771C165816841F006011E
:100060008160816841F020018160104602B07047D4
:1000700080B50A7847F6000C4B78CEF6334C510128
:10008000012B014425D1D1F800394FF0010EB3F115
:10009000FF3F01F5106307DC196841F0006119604A
:1000A000196841F08041196002F00F01D0F83C2836
:1000B0000EFA01F18A43C0F83C28D0F81C2822EA45
:1000C0000101C0F81C181968002001EA0C01196030
:1000D00080BDD1F800EB01F53063BEF1FF3F0CF1BC
:1000E000707C4FF4803EDFDCD6E7000000000000AB
:1000F0000146D0F8000E20F00300C1F8000E0020E9
:10010000D1F8042822F00202C1F804287047000048
:100110000146D0F8000E20F00300C1F8000E0020C8
:10012000D1F8042842F00202C1F804287047000008
:100130002DE9F04F86B0C3F307468E464FF0000717
:10014000C0F80471C0F80871C0F80C71C0F81071E3
:10015000C0F81471C0F81871C0F81C71C0F8207193
:10016000C0F82471C0F82871C0F82C71C0F8307143
:10017000C0F83471C0F83871C0F83C7126B100F194
:1001800038014FF400170FE0D0F80418802741F031
:100190000201C0F80418816B21F400118163016829
:1001A00041F04001016001460B681F4302F47F43A8
:1001B0000F60B3F5807F4FF00001C0F8001E07D13B
:1001C000B1EB1E6FD0F8001806D041F0010103E03A
:1001D000D0F8001841F00301C0F800180021049184
:1001E0000499013104910499B1F1706F51D80169FA
:1001F00000291ED40499013104910499B1F1706F62
:1002000047D80169002914D4049901310491049953
:10021000B1F1706F3DD8016900290AD40499013108
:1002200004910499B1F1706F33D80169B1F1FF3FC6
:10023000D6DC002104914FF48461016104990131FD
:1002400004910499B1F1706F23D8016989061DD515
:100250000499013104910499B1F1706F19D80169C1
:10026000890613D50499013104910499B1F1706F95
:100270000FD80169890609D50499013104910499BF
:10028000B1F1706F05D801698906D7D44FF0000A23
:1002900001E04FF0010A0021059105990131059116
:1002A0000599B1F1706F4ED8016900291ED40599E6
:1002B000013105910599B1F1706F44D801690029A8
:1002C00014D40599013105910599B1F1706F3AD8AF
:1002D000016900290AD40599013105910599B1F107
:1002E000706F30D80169B1F1FF3FD6DC0021059174
:1002F000102101610599013105910599B1F1706FE6
:1003000021D80169C90620D50599013105910599C2
:10031000B1F1706F17D80169C90616D50599013179
:1003200005910599B1F1706F0DD80169C9060CD519
:100330000599013105910599B1F1706F03D80169F3
:10034000C906D7D401E04FF0010A5FFA8EF94FF0E9
:100350000008B9F1000FC0F81088C0F81488C0F880
:100360001C8800F00C81CDF80CA04FF00065CDE9A1
:10037000012ED0F80019B9F1010B4FF67F3405EAD0
:100380001111C0F80019C0F81089C0F8084972D0DE
:10039000A9F102010BF0030A032904D20121BAF1E9
:1003A000000F3ED167E000962BF0030700F51866BA
:1003B00000234FF0904C4FF67F3E002256F8601C11
:1003C00004320CEAE17146F8601C46F8503C974252
:1003D00046F858EC56F8401C0CEAE17146F8401C0F
:1003E00046F8303C46F838EC56F8201C0CEAE1712F
:1003F00046F8201C46F8103C46F818EC31680CEA28
:10040000E17131603361C6F808E006F18006D5D1AC
:10041000511C009E4FF000654FF67F34BAF1000F7B
:1004200029D000F510634F0103EB4111B446DE59AA
:100430004FF0904202EAE676DE5166460023BAF1BA
:10044000010F4FF67F370B618F6014D00E6ABAF13F
:10045000020F02EAE67266460A620B638F620AD0F6
:100460000A6C4FF0904303EAE2720A6400220A65C4
:100470004FF67F328A64D0F8001BBBF1000F05EA0B
:100480001111C0F8001B4FF00001C0F8101BC0F89C
:10049000084BDDE9012EDDF80CA070D0A9F10201B6
:1004A0000BF0030C032904D20121BCF1000F3CD155
:1004B00065E0914600962BF0030500F538660023B1
:1004C0004FF090474FF67F32002100BF56F8604C46
:1004D000043107EAE47446F8604C46F8503C8D421B
:1004E00046F8582C56F8404C07EAE47446F8404C5D
:1004F00046F8303C46F8382C56F8204C07EAE474AD
:1005000046F8204C46F8103C46F8182C346807EAA8
:10051000E47434603361B26006F18006D6D10131F3
:10052000009E4A46BCF1000F29D000F530634F0110
:1005300003EB41113446DE594FF0904505EAE6766B
:10054000DE5126460023BCF1010F4FF67F370B61C9
:100550008F6014D00E6ABCF1020F05EAE6752646DC
:100560000D620B638F620AD00F6C4FF0904303EA69
:10057000E7730B6400230B654FF67F338B64D0F871
:1005800010181EF47F0F21F48071C0F81018C0F805
:1005900018806FF08041416103D1816941F0100101
:1005A000816143F600038169C8F23C0312F47F0FB6
:1005B00041EA0301816103D0816941F00801816151
:1005C000012E05D1816941F0804141F00401816132
:1005D000504606B0BDE8F08F01468268002022F048
:1005E00001028A607047000043F20B03D0F840C05C
:1005F000C4F654739C4503D3D0F8003B002B1ED4A3
:100600000023C0F8103BD0F8103B012943F400232D
:10061000C0F8103BD0F8103B43F01803C0F8103B73
:10062000D0F8103B43F0C041C0F8101B07D1C0F810
:10063000142BD0F8001B41F08021C0F8001B0020D3
:1006400070470000000000004A780B78012A4FEA4A
:10065000431210440DD1D0F8002922F40012C0F842
:100660000029097901F0FE01022913D100F510607B
:100670000CE0D0F8002B22F40012C0F8002B09790E
:1006800001F0FE01022905D100F53060016841F05A
:1006900080510160002070470A784B785101012B8E
:1006A000084406D1D0F80019002900F5106106D5DC
:1006B0000BE0D0F8001B002900F5306105D4002ABA
:1006C0001EBF086820F0804008600A68002042F4DD
:1006D00000120A6070470000F0B54B78002691F8D0
:1006E00000C04FF6FF75012BCFF6F876CEF2070566
:1006F0002AD100EB4C1E0C69002C0EF51063DEF8BD
:1007000010794CD03E401E611E69BCF1000F05EA15
:1007100006051D618E6872D0A5191F69013DB5FBE4
:10072000F6F50026C1F6F87606EAC5463E431E6198
:100730000E79012E6FD14FF0C0471E6907EA45754B
:1007400026F0C0461E6163E000EB4C174FF6FF74C5
:10075000C0F20704BCF1000FD7F8103B03EA060310
:10076000C7F8103BD7F8106B07F5306306EA0506AB
:10077000C7F8106B8E680D691DD005B3AF19013F26
:10078000B7FBF6F7BDB26E4300250E62C1F6F875F1
:1007900005EAC7471D6926402F431F6116E007EA97
:1007A00005041C611C6944F400241C611C6904EAF2
:1007B0000605002434E0002D18BF0E610E6206EA23
:1007C00004071E6937431F614FF400261F69012A81
:1007D00047EA06021A6103D1CA68002A18BF5A61A3
:1007E0000979012930D1D0F80808C0054FF08050B0
:1007F00058BF4FF0005019680843186024E0B44215
:1008000004D90E614FF40025344601E04FF4002571
:100810001E6935431D6125461E696FF3DF4535436B
:10082000012A1D6117D1CA69002A18BFCEF8142900
:100830000979012908D1D0F80808C005DEF80009B7
:100840005AD440F00050D8E74FF0044118680843EC
:1008500018600020F0BD00F510634FEA4C169F5958
:1008600047F004479F510F79012F3BD1D0F808780A
:10087000FF054FF0805758BF4FF00057F558002A3A
:1008800045EA0702F250E4D1A2B2002AE1D0D61C18
:100890004FF0FF32C96800F5805002EB96034FEA33
:1008A0000C32032BC6F381030ED3B70827F00306DF
:1008B0000F6817504F6817508F681750CF68043E65
:1008C00001F110011750F3D1002BC2D0012B0F689A
:1008D0008750BED0022B4B688350BAD089688150B4
:1008E0000020F0BD002CB4D00CF00F01012202FA60
:1008F00001F100F63403A9E740F080507DE70000E5
:1009000081B0002200924A780978012A4FEA411109
:100910003AD100F510625058B0F1FF3F3ADC8858E8
:1009200042F2107340F000608850885840F08040D8
:1009300088500098013000900098984262D8505832
:10094000B0F1FF3F26DC00980130009000989842FB
:1009500058D85058B0F1FF3F1CDC0098013000908F
:10096000009898424ED85058B0F1FF3F12DC0098E2
:10097000013000900098984244D85058B0F1FF3FA1
:100980004FF00000D5DD3BE000F530625058B0F18B
:10099000FF3F02DD002001B07047885842F210731B
:1009A00040F000608850885840F08040885000989F
:1009B000013000900098984224D85058B0F1FF3F81
:1009C000E8DC009801300090009898421AD85058FE
:1009D000B0F1FF3FDEDC00980130009000989842B3
:1009E00010D85058B0F1FF3FD4DC0098013000908F
:1009F0000098984206D8505800284FF00000D6D4EE
:100A000001B07047012001B07047000000000000F5
:100A100001468268002042F001028A6070470000AF
:100A200081B000220092009A01320092009AB2F145
:100A3000706F51D80269002A1ED4009A01320092C8
:100A4000009AB2F1706F47D80269002A14D4009A54
:100A500001320092009AB2F1706F3DD80269002A0B
:100A60000AD4009A01320092009AB2F1706F33D822
:100A70000269B2F1FF3FD6DC8901002200922031E9
:100A800001610099013100910099B1F1706F23D893
:100A9000016989061DD50099013100910099B1F1D4
:100AA000706F19D80169890613D500990131009139
:100AB0000099B1F1706F0FD80169890609D50099C5
:100AC000013100910099B1F1706F05D80169890673
:100AD000D7D4002001B07047032001B07047000058
:100AE000D0F8081888074FF0020001F0060158BF3F
:100AF0000F20002908BF08467047000000000000D2
:100B0000406900F001007047D0F81818D0F81C08B0
:100B1000084080B270470000D0F81818D0F81C08C0
:100B20000840000C70470000D0F810C8D0F83438E6
:100B300001F00F0200EB411023FA02F2D201D0F8CB
:100B40000809D1B241EA0C010840704700000000DA
:100B500000EB4111D1F8081BD0F814080840704789
:100B6000416980690840704710B5930802F0030E90
:100B70002BD05A1E03F0030C032A0FD323F00303D8
:100B80004FF4805284580C6084584C6084588C60B8
:100B90008458043BCC6001F11001F3D1BCF1000F8B
:100BA00013D04FF480520B46BCF1010F845843F828
:100BB000044B04D11946BEF1000F09D11EE0BCF16F
:100BC000020F82584A601BD10831BEF1000F15D0C8
:100BD0004FF48052BEF1010F80580A4602F8010B13
:100BE00001D1104610BDBEF1020F4FEA10224A702B
:100BF00001D1881C10BD000C88700331084610BD5F
:100C00004FF4805282588A600C31BEF1000FDFD160
:100C1000F4E7000000000000B0B50446C06820F012
:100C2000C040E06091B1012926D1E068002540F084
:100C30000050E0600A20F6F7F3F86069C00705F19C
:100C40000A0014D1BE2D0546F4D310E0E06800255B
:100C500040F08040E06000BF0A20F6F7E1F86069EC
:100C6000C00705F10A0002D0BE2D0546F4D3C838EE
:100C7000B0FA80F04009B0BD0120B0BD0000000016
:100C80000246D0F8000820F4FE6001F07F01C2F8AF
:100C900000080020D2F8003843EA0111C2F8001819
:100CA0007047000000000000022A02465CD145F2B5
:100CB000403043F20053CFF62770C0F20C030844D3
:100CC000984202D24FF4705150E041F6406044F235
:100CD0004023CFF61B70C0F20F030844984202D2A3
:100CE0004FF4605142E0A1F5740044F68073A0F522
:100CF0001050C0F21203984202D24FF4505135E026
:100D0000A1F183704DF22063A0F5E740C0F2130318
:100D1000984202D24FF4405128E04BF260604EF20C
:100D20006033CFF6E560C0F216030844984202D261
:100D30004FF430511AE04DF2003047F24073CFF6D5
:100D4000CE60C0F21B030844984202D24FF42051F7
:100D50000CE045F6C03049F2C013CFF6B360C0F2E4
:100D60002103084498420AD24FF41051D06820F46D
:100D70007050D060D36800201943D1607047A1F152
:100D8000B77047F22053A0F55850C0F2380398428C
:100D900002D24FF40051E9E745F2E04049F6E04362
:100DA000CFF65960C0F2410308444FF4C051984255
:100DB00038BF4FF4E051D9E780B5DDF808C0BCF189
:100DC000000F33D193B303334FF0FF3C00F5805E47
:100DD00012030CEB930CBCF1030FC3F3810C13D380
:100DE0009B0823F0030300BF086842F80E00486820
:100DF00042F80E00886842F80E00C868043B01F112
:100E0000100142F80E00EFD1BCF1000F0ED0BCF182
:100E1000010F08684EF8020008D0BCF1020F4868C4
:100E20004EF8020002D088684EF80200002080BD13
:100E3000FEE700000000000010B548F2C234C2F224
:100E40000044204622F0A7FA43F2F33040F20002B9
:100E5000C0F60300C0F600022146BDE81040EFF7DF
:100E6000C2BB00000000000010B548F2BE34C2F260
:100E70000044204622F08FFA43F2F33040F20002A1
:100E8000C0F60300C0F600022146BDE81040EFF7AF
:100E9000AABB00000000000080B526F0F9FA80BD72
:100EA00080B52DED028B9FED0E8AB0EE480A00F062
:100EB0005FFB2AF0ADF94AF65850C2F2004080EDCF
:100EC000000AB0EE480A00F053FB2AF0D3FD4CF6BE
:100ED0009430C2F2004080ED000ABDEC028B80BD70
:100EE0000000B4C20000000010B548F2BD34C2F2E8
:100EF0000044204622F04FFA43F2F33040F2000261
:100F0000C0F60300C0F600022146BDE81040EFF72E
:100F10006ABB0000000000002DE9F04F81B02DED0C
:100F2000028BA2B048F2C035C2F20045284622F03A
:100F300032FA40F2000443F2F330C0F60004C0F687
:100F4000030029462246EFF74EFB06F09DF84CF2CF
:100F50007051C2F2004108604BF6C800C2F2004076
:100F600014F062FD47F6D467C2F2004738604BF6D2
:100F70006810C2F2004014F057FD47F6D865C2F27F
:100F8000004528604BF60820C2F2004014F04CFDEA
:100F900047F6DC66C2F20046306000F0F9FA01461E
:100FA00045F624203A68C2F2004015F0E5F900F059
:100FB000F3FA014645F6C8103A68C2F2004015F04F
:100FC000DBF900F0E5FA014645F6DC202A68C2F2BA
:100FD000004015F0D1F900F0DFFA014645F6802017
:100FE0002A68C2F2004015F0C7F900F0D5FA0146B0
:100FF00045F638303268C2F2004015F0BDF900F015
:10100000C7FA014645F694303268C2F2004015F046
:10101000B3F943F20C004AF66C61C2F20240C2F22C
:10102000004114F011FC40F6880540F2C411C2F2F0
:101030000045C2F20041284609F026FC4AF6095054
:101040002946C0F601002246EFF7CDFA4AF2C82041
:10105000C2F2004010F0B0FE45F6F0314DF6E0026D
:10106000C2F20041C0F6030240F2FC4608320A60B8
:101070000022C2F200460FF21C40486000248C603F
:101080004FF00109C1F80C904FF0FF3081F810903B
:10109000C4F24822C1E90544C1E907444C628823EF
:1010A000C1E90A090C864A63032281F83840CC63FF
:1010B00081F840404C6481F84840C1F8A740C1E93C
:1010C0002444C1E92644C1E92844C1F88840C1F854
:1010D0008B4081F8AC20321DC1F8AD40C1F8B14061
:1010E000C1F8B54081F8B9404DF66821C0F603015A
:1010F00086F81090C6E9094040F2241008313160AA
:10110000E8A1C2F20040C6F82C9082E812026946BB
:1011100000F10C02C6E90544C6E9074486F83040F0
:10112000043B52F8047B41F8047BF9D190E80E00AF
:1011300006F1340016F0B4F84DF6FC106421C0F648
:10114000030086F8A642083030604CF2C840C6F86A
:10115000A842C2F20040A6F8AC42C6E977104FF4AC
:101160008070A6F8A40206F532703221C6E9AC44BC
:10117000C6E9AE44C6F8BF42A6F8C39286F8C54297
:10118000EFF70BFB002006F53F72C4F2A00049F612
:101190009A11C4F2091113C2C6E9C20106F54470DE
:1011A0002821EFF7FAFA072086F838034FF4D01019
:1011B000C6F84D034CF6CD4006F55872C3F6CC5038
:1011C0004CF28F21C3F6F541C6F8394313C24CF6F1
:1011D000CD40C6F83D43C3F64C60C6F84143C6E96E
:1011E000DC4040F22C20C6F84543C2F20040C6F86D
:1011F000494386F8514300F1200BC6F85443C6F822
:101200005743C6F85C43C6F86C43C6F8784386F883
:101210007C43C6F8804386F88443C6F8884390E848
:101220008E00D0E90465D0E906CE02A89BE8000D47
:1012300080E8205047F29470CDF81CB0C2F2004014
:10124000CDE90076CDE9058A0AF002FE47F6D465BD
:101250004CF69830C2F20045C2F200400121012351
:101260002A68CDF8009011F0BFFA4CF6CC402A68FD
:10127000C2F2004002210123CDF8009011F0B4FA2F
:101280004CF600602A68C2F2004003210123CDF829
:10129000009011F0A9FA4CF634702A68C2F20040AE
:1012A00004210123CDF8009011F09EFAB3EE058AD7
:1012B00045F6B4402A68C2F200406521B0EE480A03
:1012C00001F0BEF8B0EE480A45F67C502A68C2F23A
:1012D0000040662101F0B4F8B0EE480A45F64460DB
:1012E0002A68C2F20040672101F0AAF8B0EE480A6D
:1012F00045F60C702A68C2F20040682101F0A0F89F
:1013000047F6D86547F2F830C2F20045C2F2004015
:10131000012101232A68CDF8009011F055F947F218
:101320002C502A68C2F2004002210123CDF800901F
:1013300011F04AF947F260602A68C2F200400321C6
:101340000123CDF8009011F03FF947F6DC302A6810
:10135000C2F2004004210123CDF8009011F044FABC
:1013600047F678200021C2F20040062206232F68AB
:10137000009713F0A5FE47F6DC6647F61050C2F260
:101380000046C2F20040062101233268CDF80090E9
:1013900011F01AF949F6C8503268C2F2004005212E
:1013A0000123009411F020FA4AF260003268C2F280
:1013B000004007210123009411F016FA4AF294101C
:1013C0003268C2F2004008210123009411F0FCF8B9
:1013D00049F6FC600021C2F200400522052337686F
:1013E000009713F06DFE4CF284512868C2F2004160
:1013F0005B224A604FF48052C1E90302C820888210
:101400006420A1F8480000200C70CBF68070C864FE
:1014100001F150000C72A1F84640C1E90644C1E94F
:101420000844C1E90A440C6381F83440C1E90E4420
:101430000C6481F8444000F0BFFE47F64860C2F2F9
:1014400000400078BFF35F8FC0070ED04CF690309D
:1014500048F68021C2F20040C2F20041016022B091
:10146000BDEC028B01B0BDE8F08F47F64860C2F2D8
:10147000004027F04BF90028E8D048F68020C2F25F
:10148000004002F041FA47F64860C2F2004027F0FF
:1014900053F9DBE746534D5F436F6E74726F6C6CAC
:1014A0006572000041726D53657475700000000034
:1014B00010B548F2BF34C2F20044204621F06BFF61
:1014C00043F2F33040F20002C0F60300C0F600021F
:1014D0002146BDE81040EFF786B80000000000008C
:1014E00010B548F2C434C2F20044204621F053FF44
:1014F00043F2F33040F20002C0F60300C0F60002EF
:101500002146BDE81040EFF76EB800000000000073
:1015100010B548F2BC34C2F20044204621F03BFF33
:1015200043F2F33040F20002C0F60300C0F60002BE
:101530002146BDE81040EFF756B80000000000005B
:1015400010B548F2C334C2F20044204621F023FF14
:1015500043F2F33040F20002C0F60300C0F600028E
:101560002146BDE81040EFF73EB800000000000043
:101570009FED041A80EE010A9FED031A20EE010A86
:10158000704700BF00003443DB0F494000000000FB
:101590004FF400707047000040F2FF1070470000E9
:1015A0002DE9F04F81B02DED048BB8B045F6242421
:1015B0004CF6983BC2F20044C2F2004B204659461A
:1015C00014F07EFE4CF6CC482046C2F2004841465C
:1015D00014F076FE4CF600672046C2F2004739460A
:1015E00014F06EFE4CF634762046C2F200463146C8
:1015F00014F066FE47F6D4652146C2F2004528681D
:1016000014F0FAFA2868594614F0F6FA28684146A8
:1016100014F0F2FA2868394614F0EEFA28683146D8
:1016200014F0EAFA45F6B4412868C2F2004114F019
:10163000E3FA45F67C512868C2F2004114F0DCFA66
:1016400045F644612868C2F2004114F0D5FA45F627
:101650000C712868C2F2004114F0CEFA286814F028
:101660002BFC45F6DC2447F2F836C2F20044C2F205
:1016700000462046314614F023FE47F22C57204600
:10168000C2F20047394614F01BFE47F2606920465B
:10169000C2F20049494614F013FE47F6DC352046F5
:1016A000C2F20045294614F00BFE47F6D86A2146DF
:1016B000C2F2004ADAF8000014F09EFADAF80000EC
:1016C000314614F099FADAF80000394614F094FA29
:1016D000DAF80000494614F08FFADAF800002946DB
:1016E00014F08AFA47F67821DAF80000C2F20041D5
:1016F00014F082FA4CF28451DAF80000C2F2004190
:10170000CA68824214D10246DE46C44652F8383FC7
:101710003BB1C36B3BB1036CE046F34643B90223D4
:1017200002E0002300E00123E046F34642F82310E4
:1017300014F0C2FB45F6383449F6C859C2F20044E9
:10174000C2F200492046494614F0BAFD4AF2600749
:101750002046C2F20047394614F0B2FD4AF2941A0C
:101760002046C2F2004A514614F0AAFD47F6105630
:101770002046C2F20046314614F0A2FD47F6DC6571
:101780002146C2F20045286814F036FA2868494616
:1017900014F032FA2868394614F02EFA28685146B7
:1017A00014F02AFA2868314614F026FA49F6FC614A
:1017B0002868C2F2004114F01FFA286814F07CFB7C
:1017C0004CF600674CF634769FEDCE8AC2F20047A5
:1017D000C2F2004640F2102540F2F414B0EE480A7E
:1017E000F0EE480AC2F20045C2F200444FF08240D7
:1017F0004FF078512246CBE91E01CBE90901C8E937
:101800001E01C8E90901C7E91E01C7E90901C6E9C6
:101810001E01C6E909015846294610F0CDFFB0EE79
:10182000480AF0EE480A40462946224610F0C4FF16
:10183000B0EE480AF0EE480A38462946224610F033
:10184000BBFFB0EE480AF0EE480A30462946224671
:1018500010F0B2FF45F6B44745F67C5445F64465B2
:1018600045F60C769FEDA89AC2F20047C2F20044FA
:10187000C2F20045C2F2004640F26C38B0EE490AAE
:10188000C2F20048C820A7F84200A4F8420041462E
:10189000A5F84200A6F84200384600F0C5FDB0EEBB
:1018A000490A204641464FF0010B87F84DB000F041
:1018B000BBFDB0EE490A2846414684F84DB000F021
:1018C000B3FDB0EE490A3046414685F84DB000F010
:1018D000ABFD40F2C82740F2E425C2F20047B0EE6B
:1018E000480AF0EE480AC2F20045D7E900013190FB
:1018F000B8683291F96833903869CDE93410B86925
:101900003790002031AAC4F2E1303690484629468B
:1019100086F84DB010F050FF40F2742640F290244B
:10192000C2F20046C2F20044B0EE480AF0EE480AA5
:10193000D6E900012A90B0682B91F1682C903069AB
:10194000CDE92D10B069309000202AAAC4F2C83029
:101950002F904AF200002146C4F28C50606150463C
:1019600010F01AFEB0EE480AF0EE480A40F2AC223F
:101970004AF26000C2F20042C2F20040294610F072
:101980001BFF49F6FC604FF06408C2F20040B0EE65
:10199000480AF0EE480A1CAAA0F84280D5E90001E6
:1019A0002390A8682491E96825902869269169699F
:1019B0002790A869CDE92810D7E900011C90B868E4
:1019C0001D91F9681E9038691F9179692090B86956
:1019D000CDE92110D4E900011590A0681691E168C5
:1019E00017902069189161691990A069CDE91A10C2
:1019F000D6E900010E90B0680F91F168109030693F
:101A0000119171691290B069CDE91310D6E9000106
:101A10000790B0680891F168099030690A9171697E
:101A20000B90B069CDE90C10D4E900010090A068DA
:101A30000191E16802902069039161690490A069B5
:101A4000CDE90510002023A9C4F27A30219046F296
:101A50000000C4F26A60289048F20000C4F23B50D3
:101A60001A900020C4F2FA3013900020C4F2C8206B
:101A70000C900020C4F2FA50059047F6DC30C2F218
:101A8000004010F099FEB0EE480AF0EE480A47F226
:101A9000F83015AC0EADC2F2004021462A4610F0D7
:101AA0007BFDB0EE480AF0EE480A47F22C50214682
:101AB000C2F200402A4610F06FFDB0EE480AF0EE88
:101AC000480A47F260602146C2F200402A4610F000
:101AD00063FDB0EE480AF0EE480A47F6105069463A
:101AE00007AAC2F2004010F057FD47F67820C2F274
:101AF0000040A0F8428038B0BDEC048B01B0BDE8D6
:101B0000F08F00BF0000000000004842000000000D
:101B1000B0B59CB044F6180409A84C21C5F60204DF
:101B2000EEF73BFE02200025CDE90755CDE905552E
:101B3000CDE90355CDE90155F7F7FEFB0095206887
:101B400020F440402060206800F44040009000985D
:101B50002068800409D4206880045CBF20685FEAA4
:101B6000804002D420688004F2D5212009904FF4EF
:101B700080300A9001200F900221052214926022E9
:101B8000CDE9152004200824CDE9170109A81994EE
:101B9000CDE912110025CDE91A55F8F751FF20B112
:101BA000EFF3108072B600BFFEE73F2001900320E4
:101BB0004FF48061CDE9020540200494CDE9050091
:101BC000CDE9071001A80321F8F7D2FC18B1EFF313
:101BD000108072B6FEE71CB0B0BD0000000000002F
:101BE00080B52DED028B9FED138AF0EE480A29F0A7
:101BF000B7FB01E030EE080AB5EE400AF1EE10FA4C
:101C000014DA30EE080AB5EE400AF1EE10FA0DDAF9
:101C100030EE080AB5EE400AF1EE10FABEBF30EE23
:101C2000080AB5EE400AF1EE10FAE3DBBDEC028BD8
:101C300080BD00BF0000B4432DE9F0410446B0F878
:101C40000080408880454DD108FB08F160689FED19
:101C5000260A25F07FFDB8F1000F43D0B8F1040F3C
:101C6000D4F804C008F0030E01D200221CE008EBF7
:101C700048000C2104224FF07E5701EB8003102016
:101C800000EB0814082000EBC80028F0030102EB69
:101C900088060022654600BF04322F60AF51914292
:101CA0002F50EF502544F7D1BEF1000F1AD008F1A4
:101CB0000100BEF1010F02FB00F34FF07E514CF822
:101CC00023100FD0531CBEF1020F00FB03F34CF89E
:101CD000231008BFBDE8F081911C48434FF07E51AE
:101CE0004CF82010BDE8F08100000000000000006A
:101CF00082B08DF807009DF8070000F00100012870
:101D000006DBFFE79DF8070000F00100009006E009
:101D10009DF8070000F0010040420090FFE70098A6
:101D2000002818BF012002B07047000010B504461B
:101D3000012898BF012400BF2046EEF770FD00285F
:101D400018BF10BD25F03EFA08B18047F4E7002027
:101D500010BD000000000000B0B5AEB04BF6C802E8
:101D60000446C2F2004290420DD04BF66810C2F217
:101D70000040844209D04BF60820C2F20040844261
:101D800005D02EB0B0BD002002E0012000E002200E
:101D900054254AF6705200FB05F3C2F2004210FBD4
:101DA0000525D0580130D05020462961F5F76CF94F
:101DB000686120686C46016DA961416DE961416C03
:101DC0002962016C69628169A962C169E962C168BD
:101DD0002963D0F8A4106963D0F8B400A863286A16
:101DE000B82100F00700E863286AC0F302202864E5
:101DF000686AC0F306206864686AC0B2A8642046B6
:101E0000EEF7CBFC2046F7F78FFC1B9828654FF4C4
:101E100000400021F7F760FDE8642EB0B0BD00007F
:101E2000F0B581B00C460546012898BF012504296C
:101E300098BF04240027684621462A460097EEF7FB
:101E400044FD009878B96E4625F0BCF950B1804742
:101E5000304621462A460097EEF737FD00980028C5
:101E6000F2D000E0002001B0F0BD00000000000052
:101E700070470000000000007047000000000000F4
:101E800070470000000000007047000000000000E4
:101E900070470000000000007047000000000000D4
:101EA00080B5002A4FF000021CBF03785FEAC373BD
:101EB00001D1104680BD90F808E0D0F804C0C1F808
:101EC0000A200823C1F8062090F844204B7181F8BD
:101ED00004E00D2AC1F800C02AD8DFE802F007119B
:101EE0000808085C11082929113C1D2CE1E704228F
:101EF0008A714268CA7190F844200A72027F13E026
:101F000004228A714268CA7190F844200A72002241
:101F10004A7280F844200BE004228A714268CA7138
:101F200090F844200A7201224A72002180F844107D
:101F30000122104680BD07228A714268CA7190F85A
:101F400044200A72027F4A72427F8A72827FCA727A
:101F5000C27F0A73E9E705228A714268CA7190F864
:101F60004420B7EE001A0A72027F4A72427F8A72D8
:101F7000017F42EA012100EE101A002180F844108E
:101F8000B8EE400A81EE000A9FED091A20EE010A20
:101F900080ED100ACCE705228A714268CA7190F878
:101FA00044200A72427F4A72027F8A72BDE700BFF4
:101FB00000007A44000000000278012A18BF704730
:101FC0000A7A013A0C2A58D8DFE802F020070707FE
:101FD000070707575758075707008A7980F82020C6
:101FE000CA7980F821200A7A80F822204A7A80F87B
:101FF00023208A7A80F82420CA7A80F825200A7B58
:1020000080F82620497B80F8271070478A7990ED68
:10201000042A80F820209FED333ACA79B8EE422A8C
:1020200080F821200A7A80F822204A7A80F823203A
:102030008A7A80F82420CA7A80F825200A7B80F8E2
:1020400026204A7B80F827208269D1F80910016395
:102050008A1A00EE101A01EE102AB8EE400AB8EE05
:10206000C11A20EE030A21EE031A80EE020A81EE65
:10207000021A80ED0B0A80ED0A1A70478A79B7EED2
:10208000000A80F8202090ED102ACA7980F82120DB
:1020900080EE020A0A7A80F822204A7A80F8232009
:1020A0008A7A80F82420CA7A80F825200A7B80F872
:1020B00026204A7B80F827200269D1F80910816325
:1020C000B1FBF2F201EE102AB8EE411A81EE000ADD
:1020D0009FED031A20EE010A80ED0F0A704700BF42
:1020E000000070420000B443406B0178012918BF22
:1020F000704740F24031C2F200410968082958D8BF
:10210000DFE801F005291A21102F3525390040F2AA
:10211000F0110222C2F2004180F8442009780177D0
:10212000416070474CF684310722C2F2004180F8CA
:102130004420097801777047052180F8441041F266
:10214000270181837047062180F8441070470121E0
:1021500080F844107047042180F84410AA210177C8
:1021600070474CF27C51C2F20041096817E00C2123
:1021700080F8441070474CF278519FED0E1AC2F26D
:10218000004191ED000A80EE010A90ED041AB8EECC
:10219000411A20EE010ABCEEC00A10EE101A0D2200
:1021A00080F844200A0E02770A0C42770A0A8277E6
:1021B000C17770470000B4430CA2426000228260E5
:1021C000C0E90522C0E9072242624FF0FF3380F8E0
:1021D00030204DF6C822C0F6030283620123C3609B
:1021E00003740832C3620260416370474F49445F21
:1021F000546573745461736B0000000000000000AC
:10220000382125F08DB80000002A4FF0000244D09C
:1022100040F201438B80C1F80A20C1F8062090F8F3
:102220004C300A60013B052B33D8DFE803F0110383
:1022300003071F1890ED060A012213E090ED150A1E
:102240009FED181A20EE010A007ABDEEC00A1DE0CB
:102250008368426C032060F31F230B6019E090ED4C
:10226000180A0222BDEEC00A80680DE090ED080A4F
:10227000042290ED141A20EE010A9FED091A8068DD
:1022800020EE010ABDEEC00A62F31F2010EE102AF4
:10229000086010BA0122C1F806001046704700BF5E
:1022A000002474490050C34790F84D1080ED050A92
:1022B000012904D1032180F84C1000F041B890EDC1
:1022C000141A012120EE010A80F84C10BDEEC00A5C
:1022D00080ED110A00F034B87047000000000000E3
:1022E0000A6880F87020D1F8062090ED141A12BA0E
:1022F000C2654B89898900EE102ADABA02EE102AEB
:10230000C9BA03EE101AB8EEC00AB8EEC22AB8EE87
:10231000C33A80EE010A9FED071A80ED0B0A9FED8C
:10232000060A22EE011A23EE000A80ED0C1A80ED57
:10233000160A70470000C8426F12833A000000007E
:1023400090F84C1006292ED8DFE801F004190E137E
:102350000B1F2500002141650162C0E905110166DE
:102360001EE00021016618E000214165016641611F
:1023700015E000214165016601624164704700215A
:1023800041650166816101620BE0002141650166E2
:10239000C0E9051104E000214165416181610162EC
:1023A00041648166C166704780ED060A022180F8AB
:1023B0004C10FFF7C5BF000080ED080A052180F82A
:1023C0004C10FFF7BDBF000000210122C0E92B1116
:1023D000C0E91E11C0E9201180F8BC20C0E91A1123
:1023E000704700000000000010B5044690F84C0053
:1023F00003280ED104F1740094ED050AD4ED0B0A04
:1024000001F0EAFA94ED191A30EE011A84ED061A79
:1024100003E09FED040AB0EE401A84ED1A0A84ED41
:102420001B1A10BD00000000743001F0C5BA000096
:1024300080ED180A062180F84C10FFF781BF0000DC
:1024400070B5044640F2011000260125A1604DF64A
:102450004C01C0F60301A0804FF07E500831C4E962
:10246000090021604FF07A71C4E91016A06404F1EC
:102470008800242125732261C4E90566C4E9076642
:10248000E662C4E90C66C4E90E66A4F84C6084ED0B
:10249000140A84F8746084F87060C4E91566C4E9AD
:1024A0001766C4E91966E666EEF777F94DF20A7029
:1024B000A4F8C460C3F62340C4F8C000C4E92D06E4
:1024C000204684F8BC50C4E92B66C4E91E66C4E902
:1024D000206670BD00000000C82124F021BF24F058
:1024E00070BE80B5AFF300800821BDE8804024F0C5
:1024F00017BF80B5AFF300800C21BDE8804024F009
:102500000FBF80B5AFF300801821BDE8804024F0F4
:1025100007BF000000000000F0B589B000F5CE75DF
:102520000446002780F8987107A928468DED070A10
:10253000CDED080A8DED051ACDED061A13F0E8F978
:1025400004F5D27605A9304613F0E2F93046294663
:10255000276016F069FA01A88DED010ACDED020A97
:1025600016F046FA04F5DA7003A98DED030ACDEDF5
:10257000040A13F0CDF93046294616F055FA03A89F
:102580008DED030ACDED040A16F026FA84ED000A5B
:1025900009B0F0BD000000002DE9F04F81B02DED35
:1025A0000C8B8CB0044601200AA98DED0A0A84F830
:1025B000980104F5CE70CDED0B0A8DED081ACDED26
:1025C000091A8DED062ACDED072A13F0A1F904F5BD
:1025D000D67008A913F09CF904F5D27B06A95846D9
:1025E00013F096F99FED688A0020B0EE480A20604B
:1025F000C4F8C401204600F0CFF89FED64AA42F26F
:102600000040B4EE4A0AC4F67410F1EE10FA05DA8E
:102610008046C4F8C8019FED5E0A18E09FED5C1A81
:102620008046B4EE410AF1EE10FA08DD4CF6CD40DA
:102630009FED580AC3F6CC50C4F8C80107E0B7EEC6
:10264000001A81EE000AB1EEC00A84ED720AB7EEFC
:1026500000BA002504F5E47904F1040A02AE04AFDF
:102660009FED4BCAC4F85C539FED4ADA84EDD80A5B
:1026700003E000BF642D00F08080632D18D1B0EE20
:10268000480A204600F090FB584631468DED020A7C
:10269000CDED030A16F0C8F938468DED040ACDEDEC
:1026A000050A16F099F9B0EE409AB0EE4B0A26E012
:1026B00094ED650A204638EE000A00F075FB8DEDBA
:1026C000020AB0EE480A2046CDED030A00F06CFB8A
:1026D000304669468DEC020A16F0A6F938468DEDB3
:1026E000040ACDED050A16F077F994ED651AB0EEFF
:1026F000409A38EE011AB0EE410AB0EE418A204607
:1027000000F04AF894ED001A0AEB850039EE011A40
:102710000135B4EE4A0A84ED001AF1EE10FA80EDAC
:10272000001A05DA49F82580B0EE4C0A16E000BF21
:10273000B4EE4C0AF1EE10FA08DD4CF6CD40B0EEE6
:102740004D0AC3F6CC5049F8250007E08BEE000A8D
:1027500009EB8500B1EEC00A80ED000A94EDD82A9D
:10276000B4EE420AF1EE10FABFF684AF84EDD71A48
:1027700059F82500C4F860037CE70CB0BDEC0C8B65
:1027800001B0BDE8F08F00BF00000000BD37863506
:1027900000247449CDCCCC3D70B52DED088B8AB0AA
:1027A000B0EE401A9FED5D0AB0EE408AB5EE401AD9
:1027B000F1EE10FA0ADBB7EE002AB0EE418AB4EE71
:1027C000421AF1EE10FA01DDB0EE428A90F898114B
:1027D000002900F09E8000F5D67500F5CE740646FF
:1027E0002846214616F020F9B0EE009A8DED060A33
:1027F00006A8CDED070AB0EE490A16F035F98DEDC1
:10280000080AB0EE490A2846CDED090A06F5D27647
:1028100016F02AF9694630468DEC020A16F004F9E2
:1028200002A821468DED020ACDED030A16F028F923
:102830008DED040AB0EE490A04A8CDED050A16F0A4
:1028400013F98DED060AB0EE480A06A8CDED070A89
:1028500016F00AF908A804A98DED040ACDED050AC1
:1028600016F00EF9B0EE408AB0EEC00AB0EE609AF3
:102870009FED2BBAB4EE4B0AF1EE10FA09DAB0EE86
:10288000C90AB4EE4B0AF1EE10FA02DA9FED230A00
:102890003FE0B0EE00AA2846B0EE4A0A16F0E4F88F
:1028A000694630468DEC020A16F0BEF802A82146B1
:1028B0008DED020ACDED030A16F0E2F88DED040A63
:1028C000B0EE4A0A04A8CDED050A16F0CDF829EEBF
:1028D000091AA8EE081AB4EE4B1AF1EE10FA02DA51
:1028E0009FED100A15E020EE490AA8EE200AF7EE47
:1028F000080AB0EEC08AB0EE410A28F089FD88EEE1
:10290000000A9FED081A80FE410A9FED041A80FE1E
:10291000010A0AB0BDEC088B70BD00BF00000000CA
:10292000BD37863500247449B5EE400AF1EE10FA41
:1029300027DDB7EE001AB4EE410AF1EE10FA23DA01
:1029400090F8981119B390ED652A80EE023AB6EE30
:10295000C34AA4EE420A80EE020ABCEEC32A12EE7B
:10296000101A49B363290FD800EB810031EE401AE9
:1029700090ED012A20EE020A90ED002AA2EE010A53
:1029800070479FED100A704790ED000A704710B530
:1029900084B0044600F008FA04F5CE7168468DEC68
:1029A000020A16F041F802A88DED020ACDED030AE5
:1029B00016F012F804B010BD90ED011A20EE010AD5
:1029C000704700BF0000000010B52DED028B88B0ED
:1029D000044690F8980168B39FED1A1AB0EE408A49
:1029E00030EE011A2046B0EE410A00F0DDF99FED0D
:1029F000161A8DED020A38EE011A2046CDED030AB3
:102A0000B0EE410A00F0D0F902A869468DEC020A46
:102A100016F00AF804A88DED040ACDED050A15F0AC
:102A2000E7FF04F5DA7006A98DED060ACDED070A79
:102A300012F06EFF94ED6D0AD4ED6E0A08B0BDEC95
:102A4000028B10BD0AD7233C0AD723BC000000002C
:102A50002DE9F0412DED108B8AB0054690F89801D4
:102A6000884605F5CE7600288DED040ACDED050AE1
:102A700048D09FEDA68A05F5D677B0EE480A3046D5
:102A8000394612F021FF8DED080AB0EE480A05F52F
:102A9000D27438462146CDED090A12F015FF8DEDAE
:102AA000060AB0EE480A08A806A9CDED070A12F0FA
:102AB0000BFF08A804A98DED080ACDED090A12F054
:102AC000EFFE95F89801B0EE40AA002864D09FED83
:102AD000909A3046B0EE490A394612F0F5FE8DED77
:102AE000080AB0EE490A38462146CDED090A12F02F
:102AF000EBFE8DED060AB0EE490A08A806A9CDED59
:102B0000070A4DE005F5D2753146284615F08CFFD1
:102B100004A831468DED080ACDED090A15F084FFB1
:102B200008AC06A821468DED060ACDED070A15F082
:102B30008BFF20462146B0EE408A15F085FF9FEDC1
:102B4000771AB4EE410AF1EE10FA1BDB88EE000AA8
:102B5000B5EE400AF1EE10FA14DDB7EE001AB4EE4D
:102B6000410AF1EE10FA80F2BE8008A8B8F1000F19
:102B700018BF88ED000A15F077FF8DEC020A06A851
:102B80006946B9E0B8F1000F1CBF0020C8F800008A
:102B900006A815F021FFA1E09FED5D0A3046214611
:102BA00012F092FE08AE04AF304639468DED080AA9
:102BB000CDED090A12F074FE9FED55FAB0EE40CA51
:102BC000B7EE009AB0EE4FEA9FED52BA0024DFED67
:102BD000528A20E03EEE4B0AB0EE4EDA2846A0EED6
:102BE00028DAB0EE4D0A00F0DFF8304639468DEDB8
:102BF000080ACDED090A12F053FEB0EE4E9AB0EE7F
:102C000048EAB0EE4ACAB0EE40AAB0EE4D8A632C54
:102C100004F1010424D2B4EE4CAAF1EE10FAD9DB8F
:102C200039EE480AB0EE48AA2846A0EE0FAAB0EE48
:102C30004A0A00F0B9F8304639468DED080ACDED64
:102C4000090A12F02DFEB0EE401AB0EE4C0AB0EEBA
:102C500048BAB0EE4EDAB0EE4AEAB0EE41CAD2E778
:102C6000B0EE40FA80FE4CAAB0EE4B0A284600F0C7
:102C70009BF804AC08A821468DED080ACDED090AA1
:102C800012F00EFEB0EE408AC0FE4A8AB0EE490A4B
:102C9000284600F089F808A821468DED080ACDEDF8
:102CA000090A12F0FDFD80FE681AB8F1000F13D07A
:102CB000B4EE4CFAF1EE10FAB4EE48AA3EFE0D2A3C
:102CC000F1EE10FAF4EE408A3BFE022AF1EE10FA21
:102CD00039FE020A88ED000AB1EEC10A0AB0BDEC65
:102CE000108BBDE8F081B8F1000F29461CBF4FF0F2
:102CF0007E50C8F8000004A815F096FE02A88DEDDD
:102D0000020ACDED030A15F067FEE7E70C91C33E1A
:102D10007A371E3F000000007A371EBF5F7089308F
:102D2000B0B52DED028B82B09FED1E8A6D46B0EEE0
:102D3000480AF0EE480A0446284612F0E1FD04F580
:102D4000CE70294612F0E4FDB0EE480AF0EE480AD3
:102D50006D46284612F0D4FD04F5D270294612F0D3
:102D6000D7FDB0EE480AF0EE480A6D46284612F04C
:102D7000C7FD04F5D670294612F0CAFD94ED670A26
:102D8000D4ED680A94ED692AD4ED6A2A94ED6B1AA1
:102D9000D4ED6C1A2046FFF7FFFB02B0BDEC028BAE
:102DA000B0BD00BF00000000B5EE400AF1EE10FA21
:102DB0002ADDB7EE001AB4EE410AF1EE10FA28DA75
:102DC000B0B52DED028B84B090F8981131B300F5B9
:102DD000CE7100F5D674054608462146B0EE408A0D
:102DE00012F072FD8DED020AB0EE480A05F5D271BF
:102DF0002046CDED030A12F067FD8DEC020AB0EE1D
:102E0000480A02A869460EE090ED670AD0ED680A0C
:102E1000704790ED690AD0ED6A0A704700F5CE72EE
:102E200000F5D271104612F04FFD04B0BDEC028BDC
:102E3000B0BD000000000000B0B5044600250560EC
:102E40004DF20A70C3F62340C4F8940104F5CE7025
:102E500012F05AFD04F5D27012F056FD04F5D6704A
:102E600012F052FD04F5DA7012F04EFD04F5DE703A
:102E700012F04AFD2046C4F8C451B0BD0000000065
:102E8000B0B540F299120D460446EDF722FC04F568
:102E9000CE7005F5CE7112F03BFD04F5D27005F54C
:102EA000D27112F035FD04F5D67005F5D67112F029
:102EB0002FFD04F5DA7005F5DA7112F029FD04F53D
:102EC000DE7005F5DE7112F023FD04F5E27005F504
:102ED000E2714FF4D272EDF7FCFB2046B0BD00006A
:102EE000704700000000000010B52DED048B4DF67A
:102EF00090010446C0F60301B0EE608A01F10800BB
:102F00002060201D0021C4F8B010A921B0EE409A25
:102F1000EDF743FC39EE090A9FED0F1A04F1C000EA
:102F2000212184ED2D9A20EE010A9FED0C1A88EEE6
:102F3000011A84ED2E8A20EE010A84ED2F0AEDF7A6
:102F40002CFC14F041FA15F007FE84ED300A2046FF
:102F5000BDEC048B10BD00BFDB0F49400000704288
:102F6000704700000000000010B504460068211DF5
:102F700042682046904794ED310A9FED163AB0EE34
:102F8000C02A94ED321AB0EEC14A82FE033A94EDA3
:102F9000332A84FE033AB0EEC24A84FE033A94ED2B
:102FA0002E4AB4EE443AF1EE10FA0DDD84EE033A07
:102FB00023EE000A23EE011A84ED310A23EE020A01
:102FC00084ED321A84ED330A216820468968BDE811
:102FD000104008470000000090ED320A90ED331ACF
:102FE00030EE000A9FED262A31EE011A90ED313ABB
:102FF0009FED244A33EE033A20EE020A90ED2D6A4B
:1030000021EE021AB6EE005A23EE022A90F8EC10D6
:1030100080EE040A81EE041A012926EE003A26EE1B
:10302000011A82EE040A33EE012A26EE000A33EE7C
:10303000413A90ED391A22EE052A0AD19FED134A42
:103040009FED135A83EE043AA0EE052A90ED3A4A1A
:1030500007E0A0EE052A9FED0C4A83EE043AB0EE9D
:10306000414AA1EE054A80ED0E3AB1EE422A82EEC7
:10307000042A80ED102AA2EE010A80ED0D0A7047A5
:10308000DB0F494000007042D7B3DD3F4671D93FA6
:103090005A24073F0000000090ED460A91ED011A06
:1030A00021EE000A90ED451A91ED002AA2EE010AE8
:1030B00090ED471A91ED032AA2EE010A90ED2D1A28
:1030C0009FED1E2A21EE021A9FED1D2A80EE010AB5
:1030D00020EE020A80ED310A90ED490A91ED013AA5
:1030E00091ED004A23EE000A90ED483AA4EE030A5F
:1030F00091ED033A90ED4A4AA3EE040A80EE010AEC
:1031000020EE020A80ED320A90ED4C0A91ED013A70
:1031100091ED004A23EE000A90ED4B3AA4EE030A2B
:1031200091ED033A90ED4D4AA3EE040A80EE010AB8
:1031300020EE020A80ED330A704700BFDB0FC94062
:103140000000704200000000B0B52DED088B91EC3E
:10315000020A0D460446FFF7C7FE4DF6A40005F12E
:103160000802C0F6030004F1F003083020600120DB
:1031700084F8EC0007CA07C395ED020A9FED35AA53
:1031800020EE0A0A9FED34BA80EE0B8AB0EE480AB0
:1031900028F03EF8B0EE409A84ED450AB0EE480AB9
:1031A00028F068FC95ED041A95ED032A29EE411AE2
:1031B00005F1140284ED460A04F1FC03A2EE001AA4
:1031C00084ED471A07CA07C395ED050A20EE0A0ADF
:1031D00080EE0B8AB0EE480A28F01AF8B0EE409A5A
:1031E00084ED480AB0EE480A28F044FC95ED071A31
:1031F00095ED062A29EE411A05F1200284ED490ACF
:1032000004F58473A2EE001A84ED4A1A07CA07C3B4
:1032100095ED080A20EE0A0A80EE0B8AB0EE480A05
:1032200027F0F6FFB0EE409A84ED4B0AB0EE480A64
:1032300028F020FC95ED0A1A95ED092A29EE411A8D
:1032400084ED4C0A2046A2EE001A84ED4D1ABDEC26
:10325000088BB0BDDB0F4940000034430000000084
:1032600010B547F64461C2F200410978BFF35F8FA1
:10327000C90704D048F24050C2F2004010BD47F6E2
:1032800044610446C2F20041084625F03FFA002896
:10329000F0D048F240502146C2F2004000F0B8F8A9
:1032A00047F64460C2F2004025F046FAE2E700002B
:1032B0002DE9F04747F6E060C2F2004005681DB115
:1032C000002918BF002A01D1BDE8F087B5F8C093E6
:1032D000B5F8C2036FEA09031F186FF35F27002FC9
:1032E00008BFBDE8F087BA424EF65C7338BF174698
:1032F0004FF6B852CE46CEF20003CFF6FF726FF310
:103300005F2E3C46CEF500789A58B84538BF444603
:10331000D20330D5CA1902F11F0621F01F0226F090
:103320001F0CACEB0206012E25DBBFF34F8FD643FB
:10333000664400BF701C1A60212818D3A6F1400013
:1033400010F1220F02F12000186010D8A6F16000E1
:1033500010F1220F02F14000186008D8803E02F1FF
:10336000600016F1210F02F180021860E2D3BFF372
:103370004F8FBFF36F8F05F5E076224606EB0E0008
:103380008A46EDF761F904EB090047456FF35F20CA
:103390000AD93A1B304492B20AEB0401EDF754F912
:1033A00007EB09006FF35F20BFF35B8FA5F8C00345
:1033B000BDE8F08700000000002908BF704700F555
:1033C0009D62D2E9003C0B60D368C1E901C39268F9
:1033D000CA6090F8F8240A74D0F8F934C1F81130B2
:1033E00090F8FD344B75B0F8FE34CB82B0F8003560
:1033F0000B8390F8023580F838258B7690F875307D
:10340000CB76002380F875300B7770470000000002
:103410002DE9F04381B081464DF6B800C0F60300B7
:1034200009F180050B4600F108074FF4807148460A
:103430002A4609F59968C9F800700FF069FAC9F8C9
:103440000070002789F86E70012089F874004FF42D
:10345000807189F875002846EDF79FF96FF02A0012
:103460004FF0D50CA9F8C073A9F8C2737AB209EB72
:10347000070100EAE21282EA470253B200EAE313CC
:1034800083EA420253B200EAE31383EA420253B2F0
:1034900000EAE31383EA420253B200EAE31383EA49
:1034A000420253B200EAE31383EA420253B200EA53
:1034B000E31383EA420253B20CEAD31383EA4202D3
:1034C0007B1C5DB281F8C42300EAE51585EA43035D
:1034D0005DB200EAE51585EA43035DB200EAE51551
:1034E00085EA43035DB200EAE51585EA43035DB270
:1034F00000EAE51585EA43035DB200EAE51585EAD1
:1035000043035DB200EAE51585EA43035DB20CEAC8
:10351000D51585EA4303BD1C6EB281F8C53300EAB8
:10352000E61686EA450675B200EAE51585EA46061E
:1035300075B200EAE51585EA460675B200EAE515BA
:1035400085EA460675B200EAE51585EA460675B2D3
:1035500000EAE51585EA460675B200EAE51585EA52
:10356000460675B20CEAD51585EA4606FD1C6CB216
:10357000043700EAE414B7F5807F84EA450581F852
:10358000C6636CB200EAE41484EA45056CB200EA52
:10359000E41484EA45056CB200EAE41484EA4505C3
:1035A0006CB200EAE41484EA45056CB200EAE41463
:1035B00084EA450255B200EAE51383EA420253B2B7
:1035C0000CEAD31383EA420281F8C7237FF44EAF9B
:1035D0004CF6CD404021C3F64C50C8F800004FF0E7
:1035E0007E500025C8E901004FF47A70C9F8D40470
:1035F0004FF4FA60C9F8D80447F6E060C9F8DC5423
:10360000C2F20040C9F8E05489F8E454C0F80090D0
:103610004FF47870C9E90600C9E90800C9E90A0051
:10362000C9E90C00C9E90E00C9E91000C9E9120096
:10363000C9E9140009F5C070A9F82C5589F82E5570
:10364000C8E91A5589F83855A9F86C50C9E91655D2
:10365000C9E91855C9F86850EDF79FF8C9F87050D6
:10366000484601B0BDE8F08380B582B047F64860B7
:10367000C2F200400078BFF35F8FC00708BBFFE7CE
:1036800047F64860C2F2004025F040F8C8B1FFE7B5
:1036900048F68020C2F20040019000F035F901990F
:1036A00043F6A110C0F6010040F20002C0F600028D
:1036B000ECF799FF47F64860C2F2004025F03CF86D
:1036C000FFE748F68020C2F2004002B080BD000053
:1036D00080B582B000218DF80710806F0DF10702D0
:1036E0000421012312F050F802B080BD0000000058
:1036F00090F89011012918BF70472DE9F041C0B032
:1037000090ED2C0A0446D0E926123991D0F8A01089
:103710003A92D0F8A4203B91D0F8A8103C92D0F86F
:10372000AC20CDE93D12FDF723FF0DF19C0839A92E
:1037300040468DED3F0A07F08BFB54F88C0F04F1E7
:10374000BC0600252090D4E90101CDE92105269190
:1037500020A930462395CDE9245507F00DFB0EAF87
:1037600041463846324614F027FB07A86A463946D8
:103770000695CDE90455CDE90255CDE9005514F083
:10378000F3FA9DED3F0A94ED021ADDE90701C4E961
:10379000110130EE010A04F19000214684ED130A74
:1037A00007F0BAFA04F16400A4F10C0107F0B4FACE
:1037B00040B0BDE8F041704700F002B800000000E2
:1037C000B0B50446806F816C6165C16CA165016D07
:1037D000E165416D2166816D6166C16DA166016E15
:1037E000E166416E2167806E60672046FFF780FFCB
:1037F0004CF2BC05C2F20045284611F005FD11F05F
:1038000047FD9FED3C1A284680EE010A9FED3A1ACB
:1038100020EE010A84ED3A0A11F0F6FC11F0A4FD45
:103820004AF658504CF69431C2F20040C2F20041C0
:1038300094ED162A94ED155A91ED001A90ED003A88
:1038400021EE424A94ED657A23EE022AD4ED660A0F
:1038500094ED1C6AE06DA5EE034AC4F8A000A5EE45
:10386000012AD4F8E800C4F8B00094ED1B5AD4E95A
:103870001D01C4F8BC00B4F87E0037EE444AB1F82C
:10388000481330EEC22A84ED264A84ED272A21EE21
:10389000462A23EE064A884284ED3B0AA5EE032A17
:1038A00084ED330AA5EE014A84ED2D2A84ED2E4ADB
:1038B00028BFB0BD4CF2BC00C2F2004011F0A4FC25
:1038C00094ED1A0A9FED0D1A20EE011A90ED1A2AB6
:1038D0009FED0B3AB4F87E1032EE402A80ED1D0ABF
:1038E00081EE031A80ED1B2A80ED1E1A481CA4F8F5
:1038F0007E00B0BDDB0F494000003443DB0FC94000
:103900000000B44300000000F0B581B004461EA0E2
:103910004FF0FF31002760600220E060012020743A
:1039200004F17C05C4E90A104DF6C4002821C0F654
:103930000300A760083020604FF07A50206404F143
:1039400050006762C4E90577C4E9077784F83070EE
:1039500004F1F006ECF721FF74212846ECF71DFF77
:10396000304607F0FDF904F58E7007F0F9F904F51B
:10397000A47007F079FAA4F89071204684F8927147
:10398000C4E9657701B0F0BD4C6F636174655F5346
:1039900065747570000000004FF4CE7123F0C0BC58
:1039A00080B582B001900198009011F0EDFD009873
:1039B00002B080BD00000000B0B501F1080500F1C3
:1039C0001C07D1E900CE3CCD3CC7C0E905CE8969D2
:1039D000C16280ED0C0AB0BD10B52DED048BB0EEC8
:1039E000608AB0EE409A044613F0EEFC15F0B4F88D
:1039F00094ED111A94F8480030EE411A012884ED34
:103A0000101A0ED139EE481A002084ED0E1A94EDEA
:103A1000131A84F8480084ED0F8A84ED101A84F894
:103A20005100B5EE401AF1EE10FA06DD9FED7A2A4C
:103A3000B4EE421AF1EE10FA03DD94ED131A84EDA0
:103A4000101A94F8500039EE482A84ED0D2A012806
:103A50004DD19FED723AB4EE432AF1EE10FA1FDD1C
:103A60009FED6F4A32EE042AB4EE432AF1EE10FACB
:103A700014DD32EE042AB4EE432AF1EE10FAC2BF8E
:103A800032EE042AB4EE432AF1EE10FA06DD32EEED
:103A9000042AB4EE432AF1EE10FAE3DC84ED0D2A99
:103AA0009FED603AB4EE432AF1EE10FA1FDA9FED73
:103AB0005E4A32EE042AB4EE432AF1EE10FA14DA2A
:103AC00032EE042AB4EE432AF1EE10FABEBF32EE13
:103AD000042AB4EE432AF1EE10FA06DA32EE042A92
:103AE000B4EE432AF1EE10FAE3DB84ED0D2AB0EEDA
:103AF000C23A94ED0B4AB4EE443AF1EE10FA06DA0B
:103B00009FED4A2A012184F8511000216163B0EE33
:103B1000C25A94ED053A23EE023A94ED0C4A84ED34
:103B2000023AB4EE445AF1EE10FA29DAB5EE404A00
:103B3000F1EE10FA24DD94ED0E4AB6EE006A32EE94
:103B4000044A94ED065A94F8241025EE044A0129FB
:103B500021EE045A94ED014A05EE064A84ED014A2D
:103B600012D194ED085AB1EE456A84FE455AB4EE7E
:103B7000446AF1EE10FA36FE054A84ED014A03E08C
:103B80009FED2A4A00216160B5EE401AF1EE10FA6D
:103B90000EDD94ED0F5A38EE455AB8B19FED1F6A0D
:103BA000B4EE465AF1EE10FA05DD9FED1D6A0BE00A
:103BB0009FED1E1A10E09FED1B6AB4EE465AF1EE1F
:103BC00010FA03DA9FED186A35EE065A94ED076A8B
:103BD00025EE065A85EE011A33EE043A94ED0A4AB0
:103BE000B1EE445A84ED031A84ED0E2A33EE413AC5
:103BF00084ED0F8A84ED110A83FE444AB4EE435AE1
:103C0000F1EE10FA35FE041A84ED041AB0EE410A02
:103C1000BDEC048B10BD00BFCDCCCC3D00003443C7
:103C20000000B4C3000034C30000B443000000002F
:103C30002DE9F04F83B0012B0292C0F2F881884247
:103C400005D102990870012003B0BDE8F08F8446C9
:103C50001F38C0B2E2284FF0000002D203B0BDE826
:103C6000F08FACF10106CD24F5B2ACF10607FFB23E
:103C70006543AD0A05EB8505ED432E440025F6B2FC
:103C8000032E4FF0000638BF0126142FA1F11F07A5
:103C9000FFB238BF0125E22FE0D316EA0507DDD1D8
:103CA000481ECD22C7B25743BF0A07EB8707C01B88
:103CB0000438C0B2FD284FF0000004D3A1F11A0768
:103CC000FFB2EB2FCAD848F69A4248F63C46C2F2F9
:103CD0000042C2F2004647F23057C2F80100C7F274
:103CE0003057C2F80500C2F80900C2F80D00C2F84A
:103CF0001100C2F81500C2F81900A2F81D0048F61C
:103D00005C42C2F20042A6F81D00C6F81900C6F8CF
:103D10001500C6F81100C6F80D00C6F80900C6F86F
:103D20000500C6F80100C2F80270C2F80670C2F8B9
:103D30000A70C2F80E70C2F81270C2F81670C2F89B
:103D40001A70C2F81E70C2F82270C2F82670C2F84B
:103D50002A70C2F82E70C2F83270C2F83670C2F8FB
:103D60003A70002722F81C00012006F80C0048F6E3
:103D70001C40C2F20040012280F800C0C8B201908D
:103D800008E000BFD0B20137FEB286424FF000001B
:103D90003FF464AF48F61C4607F01F00C2F200462D
:103DA00016F9008001985FFA88FB834500F01E81B8
:103DB0004FFA8BF646F26760013E06FB00F56C1485
:103DC00004EBD57C0CEB8C0AA6EB0A095FFA89F4AC
:103DD000042C43D8ACF10706F6B2FA2E3ED309EB19
:103DE0000A064FF0CD0E751FE8B200FB0EF0800AF8
:103DF00000EB8000281A0438C0B2FD2804D3A6F1D5
:103E00001E00C0B2EB2829D8043E48F63C455FFAB4
:103E100086FEC2F2004515F80E00F8B948F65C407F
:103E2000C2F2004030F818000090012005F80E00A2
:103E300048F65C45C2F200450098013025F81E00A6
:103E400048F69A4002F01F05C2F20040013200F825
:103E50000EB048F61C40C2F200404655042C37D83C
:103E6000ACF10500C0B2FA2832D30AEB0904CD2523
:103E7000601DC6B26E43B60A06EB8606801B043888
:103E8000C0B2FD2802D3E0B2142821D3063448F68C
:103E90003C45E6B2C2F20045A85DC8B948F65C4EA2
:103EA0000120C2F2004EA85548F69A453EF818A0E7
:103EB000C2F200450AF101002EF8160005F806B01E
:103EC00048F61C4602F01F00C2F20046013234548C
:103ED000A9F106000CF1010EC0B2FB2840D35FFA35
:103EE0008CF005283CD8A9F105000EEB8E0606449F
:103EF000CD24701EC5B26543AD0A05EB8505401B98
:103F00000438C0B2FD2804D3A6F11A00C0B2EB28D1
:103F100026D8F5B248F63C44C2F20044605DF8B9D8
:103F200048F65C404FF0010AC2F2004004F805A0D8
:103F300048F65C4402F01F0A30F81800C2F2004450
:103F40000132013024F8150048F69A40C2F20040D0
:103F500000F805B048F61C40C2F2004000F80A60C4
:103F6000A9F10400C0B2FB28FFF40CAF5FFA8CF09B
:103F700005283FF607AF0EEB8E00CD2409EB0006B7
:103F8000301FC5B26543AD0A05EB8505401B0438FB
:103F9000C0B2FD2805D3A6F11D00C0B2EB283FF644
:103FA000F1AE033E48F63C44F5B2C2F20044605D17
:103FB00000287FF4E7AE48F65C4C0120C2F2004CCA
:103FC000605548F69A443CF818E0C2F200440EF1FD
:103FD00001002CF8150004F805B048F61C4502F065
:103FE0001F00C2F2004501322E54CBE648F65C4079
:103FF000C2F2004030F91170BB4218DDBBB218B2FA
:10400000002807F101003FF529AE10F0030623D088
:10401000029A48F69A4CC2F2004C012ED155A7F1F3
:1040200001041CF90150E9B206D1274614E04FF013
:10403000FF3003B0BDE8F08F029A022EA7F102060E
:1040400011551CF90550E9B201D1374604E0029A36
:10405000033F91551CF80510032BFFF4FFAD029AA6
:1040600048F69A45013AC2F200454EB2D319032FE1
:104070005970A957D155A7F10407695603F8011CD7
:10408000695603F8021C695CEFDCE7E500000000FC
:1040900001461F3810F11E0F4FF0000038BF704767
:1040A00001EB41014CF2B462C0F60302002302EBC3
:1040B0008101002211ED031A31EE612A31EE811ADD
:1040C000B4EE420A11ED022A32EE613A0021F1EE1D
:1040D00010FAB4EE410A31EE820AA8BF0121F1EED6
:1040E00010FAD8BF0122F4EE430AF1EE10FAA8BF8D
:1040F0000123F4EE400A1140F1EE10FAD8BF01207E
:104100001940084070470000B5EE400A0020F1EE6B
:1041100010FA2EDBB1EE081AB4EE410AF1EE10FAF5
:1041200027DCB0EE001AF4EE410AF1EE10FA20DBC3
:104130009FED111AF4EE410AF1EE10FA19DC9FED31
:104140000F1A80EE010ABDEEC00A10EE101A042903
:104150000FD8B8EE000A30EE800A80EE010ABDEEFC
:10416000C00A10EE102A052A9EBF02EB8200084406
:10417000013040B2704700BF343313419A99993FE0
:10418000A0F10D01C9B2F42902D2FF2040B270475C
:10419000B0EE081B411E00EE101AB8EE400B80EE88
:1041A000010BBDEEC00B10EE101A00EB4100063003
:1041B00040B27047000000002DE9F04F81B02DEDB6
:1041C0000C8BD4B0044600258582984605611646BE
:1041D000C560B0EE608A85600846B0EE409A6560C2
:1041E0001A21A17500F068FC0746304600F064FC17
:1041F0001090404600F060FC9FED5C0A2560B4EE34
:10420000408AF1EE10FA00F36E82B5EE409A034652
:10421000F1EE10FAADF84C51CDE95155CDE94F55BD
:10422000CDE94D554C9501943DDBB1EE080AB4EE55
:10423000409AF1EE10FA36DCB0EE000AB4EE408A95
:10424000F1EE10FA2FDB9FED4A0AB4EE408AF1EE50
:1042500010FA28DC9FED470A89EE001ABDEEC11A5C
:1042600011EE100A04281ED8B8EE001A38EE011A12
:1042700081EE000ABDEEC00A10EE101A052912D810
:1042800001EB8101CD220844C1B25143890A01EBFF
:104290008101411A0439C9B2FD2920D3A0F11901C5
:1042A000C9B2EB291BD99FED340AB4EE408AF1EE76
:1042B00010FA0ADA40F201200521C0F203404C90C6
:1042C000052006908DF834110EE041F61A30C1F643
:1042D0001C504C901E208DF83401052003E0013065
:1042E0008DF8300101200690109A380605904FEAAB
:1042F000074AC2F307200E9043F3072003901704E8
:104300000198119700F103014FEA034007900091D3
:10431000B6B1D0B250EA17654FF0000018BF0125C2
:10432000B8F1000F0F9010D0DDF840807DB1D8B209
:104330000799012550EA116018BF01200F9006E08F
:10434000002500200F90904601E0DDF840809FEDB1
:104350000BCA00219FED0AAA08939FED06BA002020
:10436000CDE90900CDE90B00129511E09A990941B8
:10437000343313419A99993F66662640286B6E4EF6
:10438000000000000D9906980131814200F0A481DF
:104390004CA8B0EE4A1AB0EE4A0A0D914456A4F168
:1043A0001F00C0B2E2280BD304EB44004CF2B4610E
:1043B000C0F6030101EB800010ED030A10ED021AB4
:1043C00038EE411A4FF0010B39EE400A059813946C
:1043D00021EE011AA0EE001AB1EEC1DA06E0139C3C
:1043E0005FEACB704FF0000B5046CBD05FEA10690C
:1043F000F6D04FFA89F62046314600F0ADFC07466C
:1044000047F22F508742EBDC47F22F54E5B15FEAC9
:1044100008600AD04FFA88F53046294600F09CFC27
:10442000A0422FDDDDF84080129D1198B0F1807F11
:10443000D5D30E9845B23046294600F08DFCA042F7
:104440003ADDDDE91254CBE71A21304600F084FC56
:10445000A042C4DC3844139C00EE100AB8EEC01A27
:10446000B0EE4D0AA1EE0B0AB4EE4C0AF1EE10FAD2
:10447000B6DA00200B90B0EE40CACDF83090CDE90E
:104480000940ADE780460F98C0B30899080608EBCD
:104490000700049000F096804FFA81F828464146C4
:1044A00000F05AFC47F22F51884240F3808047F2D7
:1044B0002F54DDF8408087E00F99002944D0089AF6
:1044C00000EB0708110610D057B22846394600F015
:1044D00043FC47F22F54A04207DC06461A21384617
:1044E00000F03AFCA04240F3C180139C0798B0F161
:1044F000807F49D2DDF84080129D71E71A2128465D
:1045000000F02AFCA0423FF78DAF08EB0701DDF871
:1045100040800844129D00EE100AB8EEC01AB0EEBA
:104520004D0AA1EE0B0AB4EE4C0AF1EE10FABFF6FA
:104530007CAF00200B90B0EE40CACDF828801398D5
:10454000CDF83090099070E706461A21284600F011
:1045500003FCA0423FF775AFF119084400EE100AC2
:10456000DDE91254B8EEC01AB0EE4D0AA1EE0B0A06
:10457000B4EE4C0AF1EE10FABFF632AF00200B9009
:10458000B0EE40CA0E9878E7039E2846314600F008
:10459000E3FB47F22F54A04206DC05461A213046C1
:1045A00000F0DAFBA0427DDDDDF8408049E70290B3
:1045B0001A21404600F0D0FB47F22F5147F22F540A
:1045C000884236DDDDF840800798B0F1807FFFF447
:1045D0002BAF2846039D294600F0BEFB47F22F5122
:1045E000884202DD47F22F541EE702901A21284626
:1045F00000F0B2FB47F22F5147F22F5488423FF7A9
:1046000013AF0499029A1144129D084400EE100A57
:10461000B8EEC01AB0EE4D0AA1EE0B0AB4EE4C0A89
:10462000F1EE10FABFF601AFB0EE40CA03980B905E
:1046300083E70499029A1144DDF84080084400EEB3
:10464000100AB8EEC01AB0EE4D0AA1EE0B0AB4EE95
:104650004C0AF1EE10FAB7DAB0EE40CA0898CDE98C
:104660000A80CDF8309013980990ADE708EB060169
:10467000139C084400EE100AB8EEC01AB0EE4D0AC2
:10468000A1EE0B0AB4EE4C0AF1EE10FABFF62EAF13
:10469000B0EE40CA08980B900E98CDF83090CDE956
:1046A000094023E708EB0501DDF84080084400EEEF
:1046B000100ADDE91254B8EEC01AB0EE4D0AA1EEB0
:1046C0000B0AB4EE4C0AF1EE10FABFF689AEB0EE6A
:1046D00040CA03980B9055E7099F38061CBF0C98F9
:1046E0005FEA006005D154B0BDEC0C8B01B0BDE8B1
:1046F000F08F01980C9A7CB20A990770DDF82C8033
:1047000042702023817051B280F80380002044AAB7
:10471000CDE94A00CDE94800CDE94600CDE94400A5
:10472000CDE94200CDE94000CDE93E00CDE93C00B5
:10473000CDE93A00CDE93800CDE93600CDE93400C5
:10474000CDE93200CDE93000CDE92E00CDE92C00D5
:1047500020461291FFF76CFA0128C4DB06460A983E
:1047600045B20106139122D03CAA20231298294673
:10477000FFF75EFA0128B6DB83465FEA086022D0C5
:104780004FFA88FA34AA202328465146FFF750FAF8
:104790000128A8DB81462CAA1A2120235046FFF7C6
:1047A00047FA01289FDB1094CDE90E0519E034AAE1
:1047B0001A2120231298FFF73BFA012893DB814648
:1047C0004FF0000B09E034AA1A2120232846FFF7F6
:1047D0002FFA0128FFF687AF8146CDE90F5400205C
:1047E0000E90741E14AD20465F2C28BF5F205E2CF7
:1047F00000F1010AC0F15F0105EB0A0088BF00214A
:10480000EBF7A9FF44A928465246EBF762FF13983D
:10481000D8B1BBF1020F18D35F2E0DF1500C16D892
:10482000ABF10200C6F15F05A8420CEB040138BFF2
:104830000546481C3CA901316A1CEBF705FF281905
:104840000DF1500C00F1020A01E00DF1500CB9F12C
:10485000020F16D3BAF15F0F009C13D8A9F1020022
:10486000CAF15F02904234A938BF02460CEB0A003D
:104870000131561C3246EBF7E7FE0DF1500CB24405
:1048800000E0009C5FEA0860119016D00E980228A4
:1048900013D3BAF15F0F10D80238CAF15F02904209
:1048A0002CA938BF02460CEB0A000131561C3246D7
:1048B000EBF7CAFE0DF1500CB2441098002201280B
:1048C000019800F1040003DB4FF0010B077001E0D9
:1048D0004FF0000BFBB20A995FFA81FE7746A3EB1B
:1048E0000E06B6FA86F6BEF1000F18BF01270C9926
:1048F0007509CEB207EA05089B1B129FB3FA83F332
:1049000000215D09109104E001250132924500F07B
:10491000A1801CF80230B34216D10023012FB8BF8A
:1049200001232B43DB07EFD1BBF1010F40DBBBF1D0
:104930000B0F4FF00105E8D814F80B30B3420C9B75
:1049400040F08280E1E700BF5BB213995FFA83F920
:10495000B1B1F14514D168EA0503DB07D5D10F9950
:1049600001295BDBBBF1010F5BDBBBF10B0F4FF0F0
:104970000108CAD814F80B3073450A9B64D1C4E708
:10498000119961B10B995FFA81FCE14507D110994A
:1049900061EA0803DB072AD00DF1500CB5E7019955
:1049A0008F7DB94507D1012B0DF1500C13DA33E09F
:1049B00001250C9B48E023F0040721467C1E0DF1E5
:1049C000500C18BF01241A3F18BF0127012B33DBFD
:1049D00027400C4620D1BBF1010F26DBBBF10B0FAA
:1049E0001AD814F80B704F45129F2DD18DE70B99F3
:1049F0004BB2012B1BDBBBF1010F20DBBBF10B0F1B
:104A00004FF001011091C7D814F80B3063450B9B90
:104A10000DF1500C18D178E7129F76E74FF001089E
:104A200073E74FF001080A9B0EE0129F0CE0012192
:104A300010910DF1500C68E70C46129F65E70121BB
:104A400010910B9B0DF1500C0BF1010100F80B3094
:104A50008B465AE7019991F91620012A11DBBBF127
:104A6000010F09DBBBF10B0F0FD8D7B200EB0B0323
:104A700013F8013CBB4208D00BF1010300F80B20F6
:104A80009B46BBF1010FFFF62EAE4A7800268B78CD
:104A9000CF7806E0BD4208BF4E750136B3453FF4FE
:104AA00022AE855D954201D1CE74855D9D42F1D1E6
:104AB0000E75855DEEE70000A0F10D01C9B2F42985
:104AC00001D2002070472DE9F04781B0B0EE081BFD
:104AD000411E00EE101AB8EE400B80EE010BBDEE49
:104AE000C00B10EE103A00EB4301A1F11E02D2B24E
:104AF000E22A01F1060207D20020A2F12003DBB274
:104B0000E22B16D2002329E05B00CD271844C3B264
:104B10007B439B0A03EB8303C01A0438C0B2FD2811
:104B2000A2F10500E9D3A2F11F03DBB2EB2BE4D91C
:104B30000020931ECD26DFB27743BF0A07EB87071D
:104B4000DB1B043BDBB2FD2B01F1050306D3A2F115
:104B50001B07FFB2EB2F01D9002304E0D7B21D2FB2
:104B600001D9002412E0D7B2CD267743CC1DBF0A6D
:104B700007EB8707D71B043FFFB2FD2F06D3A2F137
:104B80001907FFB2EB2F01D9002406E0A2F11A07A2
:104B9000FFB2E22F01D2002715E0171DCD25FEB28E
:104BA0000B316E43153AD2B2B60AEC2A06EB8606F2
:104BB000A7EB0607A7F10407FEB20F4628BF0027A0
:104BC000FD2E38BF0F4600228DF802200106ADF8F9
:104BD00000201CBF8DF800000122180603D0684693
:104BE000104401320370022A0DDC200603D068460F
:104BF000511C84540A46022A05DC380603D0684654
:104C0000511C87540A46022A79DBA2F1010EA2F157
:104C1000020C0022EA46704604E000BF013201386F
:104C200072456CD09645F9DDACEB02049DF800109E
:104C3000032C11D2002410F00309EFD04DB2671CF1
:104C40001AF90760B54237DD0AF804600AF8071060
:104C5000B9F1010FE2D033E020F00305002404E0B5
:104C6000F77031710434A542E5D04BB20AEB04066B
:104C700096F90170BB4203DD0AF80470717000E020
:104C800039464BB296F90270BB4203DD7770B170C2
:104C900001E000BF39464BB296F90370BB4203DD19
:104CA000B770F17001E000BF39464BB296F904705D
:104CB000BB42D5DC3946D5E73146B9F1010FADD05D
:104CC0004DB204F102081AF90860B54207DD0AF88E
:104CD00007600AF80810B9F1020F9FD003E03146CF
:104CE000B9F1020F9AD04EB203341AF90450AE4211
:104CF0007FF794AF0AF808500AF804108EE79DF881
:104D00000200BDF8001041EA004001B0BDE8F087A4
:104D1000B0B582B09FED0F0A0446C5B2F0EE400A6E
:104D2000684610F0EDFD6A004CF2B46352FA84F26A
:104D30006FF01E0151FA84F1C0F6030303EB820207
:104D400011F11E0F28BFA2F10C0090EC020A02B074
:104D5000B0BD00BF00000000884201D100207047B4
:104D6000A0F11F02D2B2E22A02D247F230507047BD
:104D70002DE9F04FA0B0421ECD27D3B27B430027D0
:104D80009B0A03EB8303DB431A440023D2B2032ABA
:104D9000A0F10602D2B238BF0127142AA1F11F02E6
:104DA000D2B238BF0123E22A47F23052C0F0338139
:104DB0003B4040F030814A1E4FF0CD0BD3B203FB95
:104DC0000BF39B0A03EB8303D21A043AD2B2FD2AF7
:104DD00007D3A1F11A02D2B2EB2A02D947F230521C
:104DE00019E10DF142070DF12309002347F230527A
:104DF0005FFA81FC4FF0010EADF84030C7F230523F
:104E00000F930E930D930C930B930A9309931192A6
:104E10001292139214921592169217921892199256
:104E20001A921B921C921D921E921F92012227F829
:104E3000103009F800208DF8030006E05FFA8EF0CC
:104E40000133DAB2824200F0E28003F01F000DF17C
:104E5000030212F900A05FFA8AF0604500F0D780E3
:104E600040B2451E46F267606843421402EBD070C0
:104E700000EB8002AE1A5FFA86F8B8F1040F2ED864
:104E8000C51FEDB2FA2D2AD3B5186F1FFCB204FB73
:104E90000BF4A40A04EB84043C1B043CE4B2FD2C98
:104EA00004D3A5F11E04E4B2EB2C18D8043D5FFA3C
:104EB00085FB19F80B4084B90DF1420737F81A4009
:104EC000013427F81B400EF01F04012709F80B706E
:104ED0000DF103070EF1010E3D554FF0CD0BB8F16A
:104EE000040F29D8441FE4B2FA2C25D33244541DB0
:104EF000E5B205FB0BF5AD0A05EB8505641B043C2B
:104F0000E4B2FD2C02D3D4B2142C15D30632D5B2A0
:104F100019F8054084B90DF1420737F81A400134F9
:104F200027F815400EF01F04012709F805700DF150
:104F300003050EF1010E2A55B21FD2B2FB2A00F171
:104F400001022DD3C4B2052C2AD8741F02EB8205AE
:104F500025446C1EE7B207FB0BF7BF0A07EB870778
:104F6000E41B043CE4B2FD2C04D3A5F11A04E4B222
:104F7000EB2C15D8EFB219F807408CB90DF14208A7
:104F800038F81A40013428F817400EF01F080124A1
:104F900009F807400DF103040EF1010E04F8085062
:104FA000341FE4B2FB2CFFF449AFC0B205283FF632
:104FB00045AF02EB82003044021FD4B204FB0BF475
:104FC000A40A04EB8404121B043AD2B2FD2A05D3CE
:104FD000A0F11D02D2B2EB2A3FF630AF0338C2B2C5
:104FE00019F80240002C7FF429AF0DF1420535F885
:104FF0001A40013425F812400EF01F04012509F86B
:1050000002500DF103020EF1010E105516E70DF1DD
:10501000420030F9112020B0BDE8F04F1046704733
:105020002DE9F04F86B04CF68831C2F200410B6892
:10503000418D028D891A01F5807101EB116222F018
:10504000FF02891A0729C0F046810593436A00F1DF
:10505000510100910021049111E000BF018D013147
:10506000C9B20185418D028D891A01F5807101EB6C
:10507000116222F0FF02891A062940F22E81048D66
:10508000611CC9B21A5D595CAA2A08BF552933D0E0
:10509000AA2A08BF662900F0B580AA2A08BF772986
:1050A000DCD1A11DC9B2595CDE29D7D1A11C4CF6B7
:1050B0001C06C9B2C0F60306221DD2B25F5CE11C19
:1050C000C9B213F801C0F15D8CEA0105995C725D0B
:1050D000651DEDB24A405D5DB25C9542BED1082FC0
:1050E00080F84E7080F84FC080F8501000F2E580D4
:1050F000009901F807C0E0E0418D028D891A01F5A1
:10510000807101EB116222F0FF02891A0F29C0F0B1
:10511000E48004F10E01C9B2595CDE299ED1A11CC4
:105120004CF61C07C9B2C0F603075A5CE11CC9B2B1
:1051300003925E5CB95C221D0296D2B271409E5C05
:10514000795C621D0196D2B2714013F80290795CCD
:10515000A21DD2B281EA090113F80280795CE21D36
:10516000D2B281EA080113F802A0795C04F10802C6
:10517000D2B281EA0A0113F802C0795C04F1090293
:10518000D2B281EA0C0113F802E0795C04F10A0260
:10519000D2B281EA0E0113F802B0795C04F10B027D
:1051A000D2B28BEA0105995C7A5D04F10C05EDB28F
:1051B00081EA02065A5DBD5D04F10D06F6B2554066
:1051C0009E5D7D5DAE427FF449AFDDE902654CEA4C
:1051D0000E27A0F8467045EA0625019E04F10F0748
:1051E000A0F8405046EA0926A0F8426048EA0A259D
:1051F000A0F844504BEA0121A0F84810F9B280F819
:105200004A205CE0A11DC9B2595CDE297FF426AFBB
:10521000A11C4CF61C06C9B2C0F60306221DD2B270
:105220005F5CE11CC9B213F802C0621DD2B25D5CC2
:10523000F15D9A5C6940715C81EA0C01715C8A42A3
:105240007FF40CAF082F2DD0072F14D0042F34D1AA
:10525000042180F84B1080F84C5005F00F0180F8C5
:105260004DC080F85E10290980F85F100CF00F0126
:1052700080F8601021E0072180F84B1080F84C5036
:1052800005F00F0180F84DC080F86110290980F801
:1052900062100CF00F0180F863104FEA1C1180F8C7
:1052A00064100AE0082180F84B1080F84C5005F09B
:1052B0000F0180F84DC080F86510E11DC9B201856D
:1052C0004CF68831C2F20041059A013205920A601B
:1052D00001210491C6E600200490049800F001002A
:1052E00006B0BDE8F08F000083688B4239D1002AF8
:1052F00008BF7047B0B5042A02F0030C32D2002276
:10530000BCF1000F2BD0C169895C438D058D013341
:10531000DBB2AB4203D0456A448D29554385BCF1CD
:10532000010F1CD0C16911444978438D058D0133AB
:10533000DBB2AB4203D0456A448D29554385BCF1AD
:10534000020F0CD0C16911448978428D038D01325E
:10535000D2B29A4203D0436A458D59554285BDE881
:10536000B040704722F0030E002202E0043296455E
:10537000C6D0C169895C438D048D0133DBB2A34281
:1053800003D0446A458D61554385C169114449780C
:10539000438D048D0133DBB2A34203D0446A458DB3
:1053A00061554385C16911448978438D048D01336A
:1053B000DBB2A34203D0446A458D61554385C16980
:1053C0001144C978438D048D0133DBB2A342CDD0A3
:1053D000446A458D61554385C8E700000000000020
:1053E00042688A4218BF7047B0B5018AC268044655
:1053F0001046F2F7F5FD00287BD0618E2046228E04
:10540000891A01F58071CA1701EB126222F0FF02BE
:10541000891A71D08BB2402B28BF40231A46012B2A
:1054200098BF0122042902F0030C6BD20021BCF1C9
:10543000000F32D0D0F820E0048E428E944208D083
:10544000C26A048E125D0EF80120028E0132D2B2C1
:105450000286BCF1010F20D0D0F820E0048E428EED
:10546000944209D0C56A048E0EEB01022D5D557081
:10547000028E0132D2B20286BCF1020F0DD0026A56
:10548000058E448EA54208D0C56A048E11442A5D5B
:105490008A70018E0131C9B20186016A4EF6687CBC
:1054A00001F01F02CEF2000CBFF34F8F1A44CCF86C
:1054B0000010212A0AD3413A12F1220F01F12002F1
:1054C000CCF8002002D84031CCF80010BFF34F8F49
:1054D000BFF36F8F012180F83410D0E90051026AC8
:1054E0002D68A8474DF26C00C2F2004001680131FE
:1054F0000160BDE8B0407047002180F83410BDE87D
:10550000B040704702F07C0E002102E004318E456D
:105510008DD0026A048E458EAC4207D0C46A058ED7
:10552000645D5454028E0132D2B20286026A048E45
:10553000458EAC4208D0C46A058E0A44645D54703E
:10554000028E0132D2B20286026A048E458EAC42CD
:1055500008D0C46A058E0A44645D9470028E0132DC
:10556000D2B20286026A048E458EAC42CED0C46AA4
:10557000058E0A44645DD470028E0132D2B2028676
:10558000C4E70000000000002DE9F04F85B090F85E
:10559000347017B105B0BDE8F08F0EAFDDF85CC018
:1055A000C186DDF84490E0CF7600028746EAC50662
:1055B000438746EA07044CF61C06CFB2C0F6030642
:1055C00080F83D40DDF848E080F83C90DDF84CA0E4
:1055D00080F83EE0DDF850B080F83FA0159D80F8DF
:1055E0005AB0DDF8588080F85B5080F85C8080F815
:1055F0005DC04AF6552CF75DADF80410ADF80620F5
:1056000087EA1127ADF802C0ADF80830F75D8DF8D4
:105610000A408DF80B9057408DF80CE0FFB28DF8E2
:105620000DA08DF80EB0F75D8DF80F508DF810803D
:1056300087EA1227179A8DF81120F75D5F40FFB2B5
:10564000F75D87EA1327F75D6740FFB2F75D87EAEA
:105650000907FFB2F75D87EA0E07FFB2F75D87EA39
:105660000A07FFB2F75D87EA0B07FFB2F75D85EA2D
:105670000701C9B2715C81EA0801C9B2715C51408D
:105680000DF10202C9B2715C8DF81210ED218DF896
:105690001310002103E000BF0931122964D0535CCC
:1056A000478E068E0137FFB2B74203D0C66A458ED9
:1056B0007355478653185F78468E058E0136F6B2CD
:1056C000AE4203D0C56A448E2F5546869F78468EDB
:1056D000058E0136F6B2AE4203D0C56A448E2F5510
:1056E0004686DF78468E058E0136F6B2AE4203D08E
:1056F000C56A448E2F5546861F79468E058E013623
:10570000F6B2AE4203D0C56A448E2F5546865F7905
:10571000468E058E0136F6B2AE4203D0C56A448E7F
:105720002F5546869F79468E058E0136F6B2AE42DB
:1057300003D0C56A448E2F554686DF79468E058E86
:105740000136F6B2AE4203D0C56A448E2F55468666
:105750001B7A478E068E0137FFB2B7429CD0C66ACD
:10576000458E7355478697E790F8341000297FF4EB
:1057700011AF418E028E891A09063FF40BAF018AE0
:10578000C26804461046F2F72BFC01287FF402AFF2
:1057900020466168FFF724FE05B0BDE8F08F0000E9
:1057A0004DF65C3C8260C0F6030CC3620CF1080C41
:1057B000029AC0E900C10399C16004990182059968
:1057C000416106990183002101864186C261009AE8
:1057D0000262019A42624AF6CB120185C6F28752F2
:1057E000418580F83410C0F8362042F243124287D7
:1057F0004BF6AA32CDF6CC52C263C0F86210C0F8A4
:105800005F10C0F85B10C0F85710C0F85310C0F814
:105810004F10C0F84B1070477047000000000000A8
:1058200047F6E460C2F200400068002808BF7047F5
:105830000A46416FFFF758BD10B584B047F64C607B
:10584000C2F200400078BFF35F8FC00710D047F668
:10585000E460C2F20040016821B948F6C041C2F2DA
:105860000041016048F6C040C2F2004004B010BDE3
:1058700047F64C60C2F2004022F048FF0028E6D014
:1058800040F6000048F6C044C5F60200042100912D
:105890004FF48051CDE90101C2F200444CF20C31C9
:1058A0004CF2A03200F58063C2F20041C2F2004225
:1058B00000200390204600F01BFB45F6B17040F23B
:1058C0000002C0F60100C0F600022146EAF78BFE96
:1058D00047F64C60C2F2004022F02EFFB7E700000E
:1058E000016FFFF77DBD00002DE9F04F89B0044640
:1058F000FFF796FB002800F09C81B4F840009FED74
:10590000CE1A9FEDCE2A089000EE100AB4F842009D
:105910009FEDCB4AB4F84420B4F8463094F8527066
:10592000B8EE400A05EE102A06EE103A059394F8F8
:1059300051309FEDC47A30EE010A94F85360B8EE0E
:10594000455A3B44B8EE466A94F8547020EE023A49
:10595000334435EE015A94F8556020EE420A079020
:10596000B0EEC33A3B4425EE025A94F856700692C4
:10597000B4F84850B4EE434A03EE100AF1EE10FAC0
:1059800094F84A0094F84F20B8EE433A334437FE77
:10599000000A94F857600109049133EE013A84F843
:1059A0008C1336EE011A94F84E1084F84323DA195A
:1059B00023EE026A84F8421323EE423A84F88113FC
:1059C000911994F85820B0EEC66A94F85930C5F38E
:1059D0008107114494F85EC019445FFA85F8B4EE6B
:1059E000464A21EE026A05F04009B0EEC51A05F0FC
:1059F000200AF1EE10FAB0EEC62A05F0100BB4EE54
:105A0000414A37FE031AF1EE10FAB4EE424A37FE6D
:105A1000052AF1EE10FA37FE063AFE1E18BF3E4682
:105A200084F8821300F00F014EF2983084F862136C
:105A3000C0F6030094F85F30CDF80CC0815D84F8A7
:105A400084C30FFA85FC84F86A13012181EAD81215
:105A500084F86B2381EA991284F86C2381EA5A1244
:105A600084F86D2305F0030281EA1B1184F86E139C
:105A7000D11E18BF114694F860200293405C84F850
:105A8000853384F86F0394F862E0C5F3C02084F88E
:105A90007403C5F3002084F87503C5F3802084F8EF
:105AA0007603C5F3402084F87703E80B84F872038B
:105AB000C5F3803084F87003C5F3403084F8710377
:105AC000C5F3003084F8730394F8633094F86400ED
:105AD00094F86510019284F8862394F861206E048E
:105AE000009284F8872384F888E384F8893384F863
:105AF0008A0384F88B1384EDD40A84EDD51A84EDDF
:105B0000D72A84EDD63A02D1BCF1FF3F30DCB4F89D
:105B100064530CF001061FFA8CF73544CCF34006B1
:105B20003544CCF380063544CCF3C006354405EB50
:105B30001B1505EB5A1505EB991505EBD815CCF39C
:105B400000263544CCF340263544CCF3802635443A
:105B5000CCF3C0263544CCF300363544CCF3403684
:105B60003544CCF38036354405EBD735A4F864537F
:105B7000B4F868532CEA05052E0433D0B4F86663F4
:105B800005F00107AAB23E44C5F340073E44C5F301
:105B900080073E44C5F3C0073E44C5F300173E44AA
:105BA000C5F340173E44C5F380173E44C5F3C01704
:105BB0003E44C5F300273E44C5F340273E44C5F3A9
:105BC00080273E44C5F3C0273E44C5F300373E441A
:105BD000C5F34037C5F380353E44354405EBD2323A
:105BE000A4F86623A4F868C3089AA4F84823079A7F
:105BF000A4F84A23069AA4F84C23059AA4F84E2345
:105C0000039AA4F860C384F87823029A84F879236D
:105C1000019A84F87A23009A84F87B2384F87CE341
:105C200084F87D3384F87E03049884F87F1384F825
:105C3000800309B0BDE8F08F000000C50000003A05
:105C4000CDCC4C3D00000000D0F880100131C0F8F0
:105C50008010022938BF70472DE9F04F8BB0B0F8A3
:105C6000381390F83FE30A9190F83E13B0F83A23C6
:105C7000B0F83C3390F840A390F8448390F841B3D7
:105C800090F8459390F8426390F8464390F8437338
:105C900090F847534FF0000CC0F880C0CDE9001ECB
:105CA00004A9CDE9084581E8C0030A99CDE902AB12
:105CB000FFF76AFC0BB0BDE8F08F000000000000A9
:105CC0009FED112AB2EE043A20EE020A20EE822A5B
:105CD00021EE031ABCFEC00ABCFEC22A10EE101A46
:105CE000BCFEC10A01F30F01A0F8381312EE101A1E
:105CF00001F30F01A0F83A1310EE101A01F30F018F
:105D0000A0F83C13704700BF0000C842000000002C
:105D100041B1006F814218BF7047084611461A46CC
:105D2000F6F73ABE7047000082B001908DF803107C
:105D300001999DF8030081F8410302B0704700000B
:105D400062F3410163F3820180F83E137047000063
:105D500082B001908DF803108DF802208DF801308B
:105D600001999DF8010000F001009DF8022002F069
:105D7000010240EA42009DF8032002F0010240EADD
:105D8000820081F8460302B0704700000000000066
:105D900080F83F1370470000002908BF704780B5A6
:105DA00000F5527E9EE80C50C1E90023B0F8602354
:105DB00090F86C330A8390F862238A76D0F85C23DB
:105DC000C1E903E2D0F858234A6190F86A23C1F888
:105DD00008C081F8222090F86B2381F8232090F8E6
:105DE0006D2381F8252090F86E2381F8262090F805
:105DF0006F2381F8272090F8702381F8282090F8ED
:105E0000712381F8292090F8722381F82A2090F8D4
:105E1000732381F82B2090F8742381F82C2090F8BC
:105E2000752381F82D2090F8762381F82E2090F8A4
:105E3000772381F82F20B0F864238A83B0F8662393
:105E4000CA83B0F868230A8490F8782381F8302058
:105E500090F8792381F8312090F87A2381F8322064
:105E600090F87B2381F8332090F87C2381F834204C
:105E700090F87D2381F8352090F87E2381F8362034
:105E800090F87F2381F8372090F8802381F838201C
:105E900090F8812390F8820381F8243081F839202A
:105EA00081F83A00BDE88040704700000000000023
:105EB00082B001908DF8031001999DF8030081F8DC
:105EC000470302B07047000041EA021180F8441312
:105ED00080F845337047000000F5487145F621020F
:105EE000C0F60102C0F82C2308460CF005BD0000E6
:105EF0002DE9F04F89B00DF1480E16464DF6683287
:105F000007468A4604469EE80250C0F603029946B8
:105F1000089302F1080BC0F800B002F1180847F826
:105F2000688F00F1840300F5287200F5C27004F553
:105F300038750491CDE90020CDE902598946204603
:105F400051463246CDE905CEFFF72AFC3846494690
:105F50000CF092FA04F5487040212A463346C4F802
:105F600000B0C7F800800CF0D3FC1598C4F83403D7
:105F700004F552703C21EAF710FC0898A06747F638
:105F8000E460A4F87C90C2F20040C4E91CA604605E
:105F90000020C4E9E10084F88C03C4F88000C4E95F
:105FA000CE00C4E9D000204609B0BDE8F08F000063
:105FB000FFF732BC0000000080B584B00390039866
:105FC0000190D0F888000021009102F005FA0099B4
:105FD0000198406C0EF018FA00990198C06B05F01A
:105FE00027FF019890F873000146029140B1FFE746
:105FF000029801281AD0FFE70298022840D069E0F1
:106000000198D0F88800002102F0DAF90198406C7C
:1060100005210CF011FF0198C06B072105F000FC71
:10602000FFF70AFC0421FFF77FFE54E00198406C63
:1060300000210CF001FF0198C06B072105F0F0FB77
:10604000019890F8720038B9FFE70198D0F88800FD
:10605000012102F0B5F90DE0019890F872000128D5
:1060600007D1FFE70198D0F88800002102F0A8F9D5
:10607000FFE7FFE7FFF7E0FB0521FFF755FE2AE00A
:106080000198C06B002105F0CBFB0198406C052105
:106090000CF0D2FE019890F8720038B9FFE7019831
:1060A000D0F88800012102F08BF90DE0019890F8FA
:1060B0007200012807D1FFE70198D0F8880000217D
:1060C00002F07EF9FFE7FFE7FFF7B6FB0621FFF7D7
:1060D0002BFE00E0FFE704B080BD000000000000E0
:1060E00080B582B001900198009090F86600012878
:1060F0005ED0FFE7009890F8861090F8B9008842CB
:1061000040DAFFE7009890F8850018B3FFE700F049
:10611000BBFF009991F8851000F0DAFF009890F825
:10612000850007280FDCFFE7009890F8850000281D
:1061300009D4FFE7009890F885004CF68C31C2F244
:1061400000410870FFE7009991F8B900013081F82B
:10615000B90016E0009890F8850088B9FFE700F0D4
:1061600093FF01F0D5F800994CF68C32C2F2004250
:106170000020107091F8B900013081F8B900FFE7F4
:10618000FFE7FFE7009890F8850007280FDCFFE79E
:10619000009890F88500002809D4FFE7009890F84F
:1061A00085004CF28051C2F200410870FFE700E028
:1061B000FFE702B080BD000080B58AB00990099861
:1061C000079090F88D00C00708B9FFE781E24DF213
:1061D0006900C2F200400078A0B9FFE74DF2690003
:1061E000C2F2004090F9000063280BDCFFE700F0EA
:1061F0004BFF01F08DF84DF26901C2F200416520BC
:1062000008701FE04DF26900C2F2004090F90000F2
:10621000B8B1FFE74DF26900C2F2004090F900000A
:1062200063280EDCFFE700F02FFF4DF26901C2F298
:1062300000410691097800F04BFF0699652008702F
:10624000FFE7FFE7FFF7F8FAFFF74EFBFFF7F4FA77
:10625000FFF7FAFCFFF7F0FA07994C31FFF79CFDC6
:10626000FFF7EAFA43F6C431C2F2024191ED000AA7
:1062700043F6C831C2F20241D1ED000A43F6CC31F7
:10628000C2F2024191ED001AFFF71AFDFFF7D4FAAE
:106290004AF65051C2F200414AF65152C2F200424F
:1062A0004AF65253C2F200431B781278097801F083
:1062B000010102F0010203F00103FFF741FDFFF7C6
:1062C000BBFA014607980391406C343012F03CFC55
:1062D00001460398B1FA81F14909FFF759FDFFF72B
:1062E000ABFA079B93F8AD1093F8AE2093F8AF305C
:1062F000FFF7EAFDFFF7A0FA079B93F8B01093F8B9
:10630000B12093F8B23001F0010102F0010203F074
:106310000103FFF71DFDFFF78FFA0146079804916F
:10632000406C0DF0B5FA01460498B1FA81F14909C3
:10633000FFF7BEFD079890F87C1080F8AD1090F83C
:106340007D1080F8AE1090F87E1080F8AF1090F8B5
:106350006E000146059140B1FFE70598012809D07C
:10636000FFE7059802280AD00EE00799002081F87F
:10637000310009E00799012081F8310004E0079914
:10638000022081F83100FFE70798406C12F0CCFA48
:1063900030B1FFE70798C06B11F022FD28B9FFE785
:1063A0000799002081F83100FFE7079890F8310045
:1063B00001460291032814D80299DFE801F0020691
:1063C0000A0E079800F08CF90CE00798FFF7F4FD2F
:1063D00008E0079800F0C0F904E0079800F07CF9A5
:1063E00000E0FFE7079890F87500012821D1FFE74A
:1063F00049F26000C2F200400078C007C8B9FFE768
:10640000079890F86600012813D0FFE7079849F233
:106410006002C2F2004201211170406C01900DF047
:1064200037FA01460198B1FA81F149090DF098FB5C
:106430000CE0079890F8750038B9FFE749F2600161
:10644000C2F2004100200870FFE7FFE7079890F8CC
:106450003100E8BBFFE7079890F86F00012837D1BB
:10646000FFE7079890F8720090BBFFE7079890F855
:10647000660001282CD0FFE7079890F874000128E7
:1064800013D1FFE749F26100C2F200400078C00773
:1064900058B9FFE7FDF7E8F8FDF71AF949F261018D
:1064A000C2F20041012008700CE0079890F87400D7
:1064B00038B9FFE749F26101C2F2004100200870DB
:1064C000FFE7FFE7FFF7B8F90221FFF72DFCC6E071
:1064D000079890F83100002840F0AA80FFE707985D
:1064E00090F86F00012840F0A380FFE7079890F82C
:1064F0007200012840F09C80FFE7FFF79DF903211F
:10650000FFF712FC079890F87900012821D1FFE7E6
:1065100049F26200C2F200400078C007C8B9FFE744
:1065200049F26201C2F20041012008700020089087
:10653000FFE7089802280BDCFFE707980899014459
:10654000002081F8B000FFE7089801300890F0E7DC
:106550006DE0079890F87A00012812D1FFE749F220
:106560006200C2F200400078C00750B9FFE7079907
:1065700049F26202C2F200420120107081F8B000BC
:1065800054E0079890F87800012812D1FFE749F20B
:106590006200C2F200400078C00750B9FFE70799D7
:1065A00049F26202C2F200420120107081F8B1008B
:1065B0003BE0079890F87B00012812D1FFE749F2F1
:1065C0006200C2F200400078C00750B9FFE70799A7
:1065D00049F26202C2F200420120107081F8B2005A
:1065E00022E0079890F87900B0B9FFE7079890F893
:1065F0007A0088B9FFE7079890F87B0060B9FFE759
:10660000079890F8780038B9FFE749F26201C2F2C2
:1066100000410020087006E049F26201C2F2004128
:1066200000200870FFE7FFE7FFE7FFE7FFE715E05F
:10663000079890F8310080B9FFE7079890F86F004D
:1066400058B9FFE7079890F8720030B9FFE7FFF7F5
:10665000F3F80121FFF768FBFFE7FFE7FFE7079982
:1066600001F1AD00B33110F0FBFE30B3FFE7079B43
:10667000D3F8880093F9AD1093F9AE2093F9AF30B9
:1066800004F056F8079B586C93F8AD1093F8AE20C1
:1066900093F8AF300CF070FE0799C86B91F8B230E8
:1066A00091F8B12091F8B01001F0010102F001025F
:1066B00003F0010304F060FDFFE70798B0F8B110A4
:1066C000A0F8B710D0F8AD10C0F8B310FFF708FD70
:1066D000FFE70AB080BD000081B0009001B07047B4
:1066E00080B584B0039003980290D0F88800002110
:1066F000019101F071FE01990298406C0DF084FE49
:106700000298406C12F010F930B1FFE70298406C2B
:1067100006210CF091FB05E00298406C08210CF07A
:106720008BFBFFE70298C06B11F05AFB30B1FFE71B
:106730000298C06B052105F073F805E00298C06B64
:10674000082105F06DF8FFE70298D0F888000A21CB
:1067500001F036FE04B080BD80B58CB00B900B9874
:10676000099090F8730001460A9150B1FFE70A982A
:10677000012800F0E980FFE70A98022800F08081F4
:1067800004E2099890F8710038BBFFE7099890F887
:106790006F0010BBFFE70998406C02210CF04CFB26
:1067A0000998C06B072105F03BF8FFF745F80B216E
:1067B000FFF7BAFA0998D0F888000021089101F093
:1067C000FFFD09980899D0F8880001F005FE0998A6
:1067D0000899406C0DF018FEB5E0099890F871002A
:1067E000012827D1FFE7099890F86F0010BBFFE759
:1067F0000998406C05210CF01FFB0998C06B012122
:1068000005F00EF8FFF718F80D21FFF78DFA09983B
:10681000D0F888000021079101F0D2FD099807996E
:10682000D0F8880001F0D8FD09980799406C0DF068
:10683000EBFD87E0099890F86F0001281CD1FFE775
:10684000099890F87000B8B9FFE70998406C0521E5
:106850000CF0F2FA0998C06B0721069104F0E0FFF2
:10686000FEF7EAFF0699FFF75FFA0998D0F888006B
:10687000092101F0A5FD64E0099890F86F00012856
:1068800022D1FFE7099890F8700001281CD1FFE79A
:10689000099890F87100B8B9FFE70998C06B072113
:1068A00004F0BEFF0998406C03210CF0C5FAFEF716
:1068B000C3FF08210591FFF737FA09980599D0F829
:1068C000880001F07DFD3BE0099890F86F000128F9
:1068D00022D1FFE7099890F8700001281CD1FFE74A
:1068E000099890F87100012816D1FFE70998C06B4C
:1068F000032104F095FF0998406C05210CF09CFAE7
:10690000FEF79AFF0921FFF70FFA0998D0F88800DF
:10691000012101F055FD12E00998D0F8880000210E
:10692000049101F04DFD09980499D0F8880001F018
:1069300053FD09980499406C0DF066FDFFE7FFE7F1
:10694000FFE7FFE7FFE722E10998C06B072104F0AA
:1069500067FF099890F86F00012865D1FFE7FEF7FF
:106960006BFF0A21FFF7E0F90998D0F888000621AB
:1069700001F026FD0998406C01210CF05DFA0998A0
:1069800090F87400012820D1FFE749F26300C2F2B9
:1069900000400078C8B9FFE7099890F86600012820
:1069A00013D0FFE70998406C012103910DF02CFDF5
:1069B00009980399D0F8880001F00EFD039849F278
:1069C0006301C2F2004108700CE0099890F874006D
:1069D00038B9FFE749F26301C2F2004100200870B4
:1069E000FFE7FFE70998406C11F092FFD8B1FFE78D
:1069F0000998D0F8880001F007FD30B1FFE7099849
:106A0000406C01210DF0B8F8FFE70998406C0DF0DB
:106A100013FD38B1FFE70998D0F88800002101F094
:106A20000FFDFFE7FFE72AE0099890F86F0028BB09
:106A3000FFE7FEF701FF0E21FFF776F9099890F8BE
:106A4000720038B9FFE70998D0F88800002101F0FA
:106A5000B7FC0DE0099890F87200012807D1FFE714
:106A60000998D0F88800012101F0AAFCFFE7FFE7B0
:106A70000998406C04210CF0DFF9FFE7FFE786E09E
:106A80000998406C05210CF0D7F9099890F86F002F
:106A900001284FD1FFE7FEF7CFFE0C21FFF744F9A5
:106AA0000998C16B0291D0F8880000F095FF01466B
:106AB000029804F0E5F90998C06B042104F0B0FED7
:106AC0000998D0F88800052101F07AFC099890F81F
:106AD0007400012820D1FFE749F26400C2F20040AF
:106AE0000078C8B9FFE7099890F86600012813D02C
:106AF000FFE70998D0F888000121019101F06CFCB2
:106B000009980199C06B05F093F9019849F2640165
:106B1000C2F2004108700CE0099890F8740038B98E
:106B2000FFE749F26401C2F2004100200870FFE76C
:106B3000FFE72AE0099890F86F0028BBFFE7FEF70F
:106B40007BFE0F21FFF7F0F80998C06B022104F0DB
:106B500067FE099890F8720038B9FFE70998D0F8F5
:106B60008800002101F02CFC0DE0099890F87200DB
:106B7000012807D1FFE70998D0F88800012101F02A
:106B80001FFCFFE7FFE7FFE7FFE700E0FFE70CB0D0
:106B900080BD00000000000080B582B00190019827
:106BA000009000F009F80098BC2120F0B9FB02B079
:106BB00080BD00000000000080B582B00190019807
:106BC00000900EF0E1FC009802B080BD00000000D3
:106BD00090F82C000438B0FA80F0400970470000AB
:106BE00070B5DDE907EC03EE10EA05EE10CA099C6A
:106BF00021F00041DDE9056535EE436A9DED042A8B
:106C000022F0004200EE101A26F000464160B0EE7D
:106C1000C24A24F00041816225F0004101EE102AB1
:106C200080ED044A03EE106A05EE101AB0EEC64A73
:106C3000B5EE406AF1EE10FA23F00043C0F81CE014
:106C4000C0E90223C0E90561C0F820C080ED094A0F
:106C500002DDB7EE006A06E0B5EE406AF1EE10FA2A
:106C600003DABFEE006A80ED0E6A23EE436A25EE7A
:106C7000457A71EE010AF0EE461AF0EE472AE2EE8E
:106C8000021AE2EE022A30EE002AC1EE821AC2EEA9
:106C9000A02A71EEA23AF4EE443AF1EE10FA22DDA7
:106CA00060EE051A61EE032A30EE010A25EE215A44
:106CB000A2EE835A21EE023AA3EE045A9FED0E3A59
:106CC00085EE000AB1EEC01AB5EE400AF1EE10FAF8
:106CD000B8BFB0EE431AA1EE016AA1EE017AC6EE8A
:106CE000021AC7EE202AC0ED0C1A0021C0ED0D2AB1
:106CF00080F82C1070BD00BF0000000000000000F4
:106D000090ED081A31EE401A90ED0A2AB0EEC11A41
:106D1000B4EE421AF1EE10FA05DA90ED060A0421FB
:106D200080F82C10704790ED071A30EE410A90ED74
:106D3000091AB0EEC00AB4EE410AF1EE10FA0EDA0A
:106D400030EE413AB0EEC33AB4EE423AF1EE10FA08
:106D50000FDA90ED061A042180F82C1043E090ED34
:106D6000060A042190ED0E1A80F82C1020EE010A7C
:106D7000704790ED0C2AB4EE420AF1EE10FA09DAEF
:106D800090ED011A002131EE011A20EE010A90ED7A
:106D9000051A19E090ED0D2A31EE422AB4EE420AAE
:106DA000F1EE10FA05DA012180F82C1090ED041AAA
:106DB00019E090ED022A31EE400A32EE022A90EDFF
:106DC000061A022120EE020AA1EE010AB1EEC01A53
:106DD0009FED082AB5EE400A80F82C10F1EE10FA6B
:106DE000B8BFB0EE421A90ED0E0A80ED101A21EEF7
:106DF000000A704700000000042180F82C100021D8
:106E00004162C0E90C11816370470000000000007E
:106E10002DE9F04F87B00DF1400B0F4604460430CA
:106E200024211D4616469BE8000FE9F7B6FC4CF2FC
:106E3000AC503946C3F22770A0624DF6FC003246D2
:106E4000C0F603002B4608302060042084F82C0094
:106E500000202064C4E90C00C4E90E0014980490DA
:106E60001598059020468DE8000FFFF7B9FE2046E3
:106E700007B0BDE8F08F000047F6F062C2F20042B2
:106E800011680B69834224D051680B69834220D07A
:106E900091680B6983421CD0D1680B69834218D07A
:106EA00011690B69834214D051690B69834210D078
:106EB00091690B6983420CD0D1690B69834208D078
:106EC000116A0B69834204D0516A0A69824218BF71
:106ED0000021084670470000B0B501F1080500F137
:106EE0002007D1E900CE3CCD3CC7C0E906CE896978
:106EF000016380ED100AB0BD10B52DED048BB0EE2E
:106F0000608AB0EE409A044610F05EFA11F024FE5A
:106F100094ED171A9FED593A30EE412A94ED101A6C
:106F2000B5EE402AF1EE10FAB5EE401A32FE033A01
:106F3000F1EE10FA84ED163A17DD94ED132A94ED74
:106F4000126A32EE024A21EE015A36EE497A24EEF6
:106F5000011AA2EE036AA5EE071A84ED126AB0EEDA
:106F6000469AA1EE432A84ED132A39EE481A94ED8D
:106F70000C4A84ED011AB0EEC12AB4EE442AF1EEB7
:106F800010FA03DA9FED3E1A002060602078012895
:106F900008D19FED3B2A00202070B0EE483AB0EEB9
:106FA000424A4EE094ED072A94ED094A21EE025A36
:106FB000B1EE446A94ED022A31EE427AC5FE440AEB
:106FC00094ED064AB4EE456AF1EE10FA24EE074A53
:106FD000B5EE403A36FE205A84ED0E4AF1EE10FA34
:106FE00084ED0D5A14DD94F84400B8EE006A94ED77
:106FF000083A01280FD1F0EE480A94ED147AE7EE32
:10700000060A94ED156A30EE866A23EE463A0CE0E5
:107010009FED1B3A09E0B0EE417AA2EE067A94EDBC
:10702000036A37EE066A23EE063A34EE054A94ED1B
:10703000055A84ED0F3A34EE034A94ED143A35EED6
:10704000044A94ED0B5A84ED170AB1EE456A84EDBB
:10705000148A84ED153A84ED021AB4EE446A84ED84
:10706000032A84FE454AF1EE10FA36FE040A84ED46
:10707000040A84ED050ABDEC048B10BD6F12833A3F
:10708000000000000000000080B547F65060C2F22A
:1070900000400078BFF35F8FC00704D049F268005A
:1070A000C2F2004080BD47F65060C2F2004021F0BD
:1070B0002DFB0028F2D049F26800C2F2004000F037
:1070C0008FF947F65060C2F2004021F035FBE5E74A
:1070D000F0B581B090F88A6004460022ADF8002037
:1070E0008DF8021096B104F15B076D46F81E03227D
:1070F0002946E9F77DFA28B1013E07F10507F5D1E8
:10710000002203E03878B0FA80F0420925469DF865
:107110000200BDF8001084F88D00A4F88B10A07454
:10712000204625F8101F694684F88E20E27400F08E
:107130000BF8E27C2046294601B0BDE8F04000F0A3
:10714000F3B80000000000002DE9F04790F88AA095
:10715000044690460E46BAF1000F00F1580910D0CF
:1071600004F15C07554600BF381F03223146E9F79A
:107170003FFAE8B1013D07F10507F5D1BAF10A0F71
:107180001DD20AEB8A00318809EB000229F80010B1
:10719000B0789070012294F88A0000EB80010130F1
:1071A000494484F88A0081F803800A71BDE8F087B9
:1071B000387807F8018C01303870BDE8F08794F812
:1071C0005F0089F80200B4F85D00A9F80000206EA5
:1071D000C4F85B00B4F86400A4F85F0094F866009B
:1071E00084F86100D4F86700C4F8620094F86B007A
:1071F00084F86600B4F86C00A4F8670094F86E0098
:1072000084F8690094F86F0084F86A0094F87000BC
:1072100084F86B0094F8730084F86E00B4F8710081
:10722000A4F86C0094F8740084F86F0094F875006A
:1072300084F8700094F8780084F87300B4F876004D
:10724000A4F8710094F8790084F8740094F87A0036
:1072500084F8750094F87D0084F87800B4F87B0019
:10726000A4F8760094F87E0084F8790094F87F0002
:1072700084F87A0094F8820084F87D00B4F88000E5
:10728000A4F87B0094F8830084F87E0094F88400CE
:1072900084F87F0094F8870084F88200B4F88500B1
:1072A000A4F8800094F8880084F8830094F889009A
:1072B00084F88400B07884F88700308884F8888067
:1072C000A4F88500012084F88900BDE8F08700005B
:1072D000002901604FF0000202714FF00103437773
:1072E00080F84420426508BF704710B500F11E03C6
:1072F0001E22044608461946F4F78AF92068102130
:1073000000680162BDE81040704700000000000006
:107310000168002908BF704701A1002200F004B8ED
:10732000FFFFFF0000000000D0F800C0BCF1000F1C
:1073300008BF7047B0B50446002545774FF6FC35C9
:1073400024F8145F02F001020D88C5828D7805765D
:107350000D784B7889782B4405461944494301F050
:107360003F0141EA8211082281F03F0141764FF648
:10737000FD61418360462146F5F70EFB286808222F
:107380002146F5F709FB286808222146F5F704FB9A
:10739000286808222146F5F7FFFA286808222146C6
:1073A000F5F7FAFA286808222146F5F7F5FA286871
:1073B00008222146F5F7F0FA286808222146F5F759
:1073C000EBFA286808222146F5F7E6FA2868082231
:1073D0002146BDE8B040F5F7DFBA0000000000002C
:1073E000B0B5044600250560432105710577C574D5
:1073F0000120607704F14C0084F83C50A4F8405020
:1074000084F84250C4F81E50C4F82250C4F82650E4
:10741000C4F82A50C4F82E50C4F83250C4F836507C
:107420006587C4E90255C4F80F5084F84850656474
:10743000E9F7B3F904F18F004021C4F8D050C4F843
:10744000D450C4F8D850E9F786F92046C4F8DC5087
:1074500084F8E050B0BD00000146006B70B191EDC2
:10746000331A9FED082A80FE411AB5EE400AF1EE6C
:1074700010FAB8BFB0EE421A81ED121A002818BFF8
:107480000120704700000000B0B50D46C9690446F0
:1074900008460A68D26A90470021284600F0A4F8FE
:1074A000286A84ED000A0168C96A884702212846D3
:1074B00000F09AF8686A84ED010A0168C96A884791
:1074C0000321284600F090F8A86A84ED020A0168BA
:1074D000C96A88470421284600F086F8E86A84EDE6
:1074E000030A0168C96A88470521284600F07CF82C
:1074F000286B84ED040A0168C96A8847012128467F
:1075000000F072F884ED050AB0BD00000000000034
:107510000146C06A002818BF81ED110A002818BF73
:1075200001207047000000000146006A70B191ED33
:10753000321A9FED082A80FE411AB5EE400AF1EE9C
:1075400010FAB8BFB0EE421A81ED0E1A002818BF2B
:1075500001207047000000000146406A70B191EDC3
:10756000321A9FED082A80FE411AB5EE400AF1EE6C
:1075700010FAB8BFB0EE421A81ED0F1A002818BFFA
:1075800001207047000000000146806A70B191ED53
:10759000321A9FED082A80FE411AB5EE400AF1EE3C
:1075A00010FAB8BFB0EE421A81ED101A002818BFC9
:1075B00001207047000000000146C06970B191EDE4
:1075C000311A9FED082A80FE411AB5EE400AF1EE0D
:1075D00010FAB8BFB0EE421A81ED0D1A002818BF9C
:1075E000012070470000000005292CD8DFE801F0D9
:1075F00003170D100A1E90ED051A20EE010A90EDFA
:10760000391A19E090ED031A04E090ED011A01E037
:1076100090ED021A20EE010A90ED3A1A0CE090ED7E
:10762000061A20EE010A90ED3B1A05E090ED041ACF
:1076300020EE010A90ED381A20EE010A9FED041A9F
:1076400080EE010A70479FED010A704700000000BC
:107650000000B4430000000005292CD8DFE801F049
:1076600003170D100A1E90ED051A20EE010A90ED89
:10767000391A19E090ED031A04E090ED011A01E0C7
:1076800090ED021A20EE010A90ED3A1A0CE090ED0E
:10769000061A20EE010A90ED3B1A05E090ED041A5F
:1076A00020EE010A90ED381A80EE010A9FED041ACF
:1076B00020EE010A70479FED010A704700000000AC
:1076C0000000B4430000000010B52DED0C8B044603
:1076D000C0690168C96A884794ED051A206A20EEDE
:1076E000010A94ED391A01689FED918A20EE010A92
:1076F000C96A80EE089A884794ED011A20EE010AC3
:10770000606A94ED3A1A016820EE010AC96A80EEB7
:1077100008BA884794ED021A20EE010AA06A94ED97
:107720003A1A016820EE010AC96A80EE08CA884741
:1077300094ED031A20EE010AE06A94ED3A1A01680A
:1077400020EE010AC96A80EE08DA884794ED041A2F
:1077500020EE010A206B94ED381A016820EE010A30
:10776000C96A80EE08AA884794ED061A84ED199A32
:1077700020EE010A94ED3B1A207884ED1ABA84EDCC
:107780001BCA20EE010A012884ED1CDA84ED1DAA33
:1077900080EE080A84ED1E0A40F08E8094ED110AF6
:1077A00094ED0E4A3AEE401A94ED0D2A94ED053A06
:1077B00022EE032A94ED013A81EE081A94ED395A2B
:1077C00024EE033A94ED024A82EE052A94ED0F5A14
:1077D000B8FE411A94ED036A25EE044A94ED105A5E
:1077E00025EE065A94ED046AA1EE080A94ED3A1AC1
:1077F00083EE013AE06984EE014A85EE011A0168E0
:1078000023EE083A20EE060A84ED143A94ED383A55
:1078100022EE082A84ED132A24EE082A80EE030AB9
:1078200084ED152A21EE081A84ED161A20EE080AB6
:1078300084ED180AC96A884794ED131A94ED402A1A
:1078400031EE403A94ED3D4AB7EEC44A94ED3C6ABD
:1078500094ED3E7A23EE025A9FED332B24EE024B39
:1078600085FE465AB1EE466AB7EEC44B85FE065A0F
:1078700037EE446A37EE044A85FE066AB4EE445A8F
:10788000F1EE10FAB0EEC35A34FE063A9FED294AE3
:1078900084ED3E3AB4EE445AF1EE10FA0FDAB0EE4F
:1078A000C34A9FED255AB4EE454AF1EE10FA06DAC6
:1078B0000020C4F8F8000AE0BDEC0C8B10BDB7EE58
:1078C000C31A21EE021BB7EEC11B30EE011AE069AC
:1078D000B0EE410A84ED3F1A016849698847206A81
:1078E00094ED140A016849698847606A94ED150AA5
:1078F000016849698847A06A94ED160A01684969D8
:107900008847E06A94ED180A016849698847206B46
:1079100094ED350AD4ED120ABDEC0C8BBDE8104095
:107920000DF0B2BB00BF00BFFCA9F1D24D62503FC9
:107930000000B4430AD7233CCDCCCC3D000000006E
:10794000C0E931120799009AC0F8D020019AC0F816
:10795000D420029AC0F8D820039AC0F8DC20049AF8
:10796000C0F8E020059AC0F8E420069AC0F8E820A4
:1079700041F60032C0F8EC1041F600314FF0010C36
:1079800080F800C040F2000CC4F6B712C4F63721EC
:10799000CBF6807CC0E93C2148F20001C0F80CC065
:1079A000C0E901CCC0F814C04FF07E5CC0F810C034
:1079B000C4F25441C0F818C04FF0000CC0E907CC25
:1079C000C0E909CCC0E90BCCC0F8CC30C0F8F8C095
:1079D000C0E93FC17047000080B584B002900298B2
:1079E000019090F87001C00720B3FFE7019890F86C
:1079F0006C01C007F0B1FFE7019890ED620A90EDCD
:107A0000631A0020B4EE410AF1EE10FAB8BF01206B
:107A1000FAF76EF900EE100AB8EEC00AB7EE001AD7
:107A2000B4EE410AF1EE10FA04DAFFE701208DF816
:107A30000F0003E000208DF80F00FFE79DF80F0016
:107A400004B080BD000000002DE9F04F81B02DEDA5
:107A5000048B92B00546084445F2550144F6645241
:107A6000B0EE428A8DED0C0A4056CDED0D0A8DED3B
:107A70000A1AAC18CDED0B1AFDF74AF90AAE0CA89C
:107A800031468DED080ACDED090A10F0CDFF02A8B0
:107A90008DED020ACDED030A10F0AAFF8DED040A68
:107AA00095ED850A04A8CDED050A10F0DDFF06A9C5
:107AB00030468DED060ACDED070A10F0E1FF94F88F
:107AC00021108DED100AD4E91BE9D4E91D70D4E929
:107AD0001FCAD4E921B60029D4F88C10CDED110AC3
:107AE0002BD1627C019644F63C26B0EE401AF0EEB3
:107AF000601A02EBC20305EB830303EB060843F8AD
:107B000006E04FF45A73C8E9030C12FB0350C8F89F
:107B100014A094EC020A00F21C60C8F818B0C8E97E
:107B20000197019AC8E90721FAF7F6FC607C10A9D1
:107B30000130607420460DF0EBFE08A80AA910F091
:107B400073FF10A88DED100ACDED110A10F050FF53
:107B5000B7EE001A8DED060ACDED070AB4EE410A24
:107B6000F1EE10FA1AD0BFEE001AB4EE410AF1EEAF
:107B700010FA02D1B0EE001A10E0B7EE000AF4EEEF
:107B8000400AF1EE10FA02D1B0EE081A06E0F4EE67
:107B9000410AF1EE10FA6AD1B1EE001A9DED0B0A1E
:107BA00006A838EE000A84ED2B1A8DED0B0A95ED30
:107BB000860A10F059FF0AA810A98DED100ACDED24
:107BC000110A10F05DFFB0EE408AB0EE609A94F8B2
:107BD00021108DED100AD4E924E3D4E9260BD4E971
:107BE0002876D4E92A980029D4F8B010CDED110AEE
:107BF0002DD1627C01961E46AA4644F63C2CB0EE7E
:107C0000481A02EBC203F0EE491A05EB830344F66F
:107C10003C251D4443F80CE04FF45A73C5E901605C
:107C20000198686112FB03A0C5F81890C5E903B775
:107C300000F21C6094EC020AC5E90781FAF76CFCBB
:107C4000607C10A90130607420460DF061FE4CF29A
:107C50000000C4F27940C4F8AC00B0EE480AF0EE7F
:107C6000490A12B0BDEC048B01B0BDE8F08F9FED66
:107C7000060A0EA8F0EE400A0DF042FE9DED0E8AB7
:107C80009DED0F9AE9E700BF000000000000000032
:107C900045F204029FED1E4A024492ED031A92ED52
:107CA000025A20EE012A92ED003AB0EEC11A20EEFF
:107CB000050AB0EEC55A22EE032AB4EE441A9FED2F
:107CC000151AF1EE10FA20EE030A92ED043AB4EE22
:107CD000445AB0EEC35A32FE012AF1EE10FA20EEF9
:107CE000833A82ED4B2A30FE010AB4EE445A82ED0B
:107CF0004C0AF1EE10FA33FE010A002982ED4D0A1A
:107D000008BF7047D0F88811C0F88C11704700BFC9
:107D1000CDCC4C3D0000000000F2444C90ED750AC3
:107D20009CED021AB4EE410A9CED030AF1EE10FA42
:107D30000AD190ED762AB4EE402AF1EE10FA03D182
:107D4000012280F8C8210DE090F8C821012A09D14C
:107D5000002280F8C82180F87021012280F86E216D
:107D600080F8CB2190ED772AB4EE412AF1EE10FA9B
:107D70000AD190ED782AB4EE402AF1EE10FA03D140
:107D8000012280F8C9210DE090F8C921012A09D10A
:107D9000002280F8C92180F87021012280F86E212C
:107DA00080F8CC2190ED792AB4EE412AF1EE10FA58
:107DB0000AD190ED7A2AB4EE402AF1EE10FA03D1FE
:107DC000012280F8CA210DE090F8CA21012A09D1C8
:107DD000002280F8CA2180F87021012280F86E21EB
:107DE00080F8CD2190F8C53190F86E21012B08BFA5
:107DF000002A2CD090F8C631012B3FD190F8CB113E
:107E0000C9073BD0D2BB90ED632A9FED5E3AB4EE3A
:107E1000432AF1EE10FA2AD09FED5B3AB4EE432AE2
:107E2000F1EE10FA23D090ED7D2AB4EE412AF1EE66
:107E300010FA40F08B8090ED7E2AB4EE402AF1EEED
:107E400010FA40F08380012180F8C41116E090ED13
:107E50007B2AB4EE412AF1EE10FA60D190ED7C2A33
:107E6000B4EE402AF1EE10FA59D1012363E0D0F8C4
:107E70000812C0F88C11002380F8C63143B990F87D
:107E8000C711C9071CBF90F8CC115FEAC17124D19A
:107E900090F8CE1101291FD19CED000A90ED8B1AAC
:107EA000B4EE401AF1EE10FA16D19CED010A90EDF5
:107EB0008C1AB4EE401AF1EE10FA0DD190ED600A72
:107EC00090ED8D1AB4EE410AF1EE10FAD8BF70476A
:107ED000D0F84812C0F88C117047002AD8D190ED24
:107EE000632A9FED283AB4EE432AF1EE10FA25D02A
:107EF0009FED253AB4EE432AF1EE10FA1ED090ED34
:107F00007F2AB4EE412AF1EE10FA2DD190ED801ABD
:107F1000B4EE401AF1EE10FA26D101212FE090F8CC
:107F2000C431012B7FF466AFD0F80432C0F88C3135
:107F3000002380F8C53180F8C4315BE7D0F80C121B
:107F4000C0F88C11002180F8C711A1E790F8C41186
:107F5000012993D10023D0F80812C0F88C1180F8C1
:107F6000C63180F8C43189E790F8C41101298FD156
:107F7000D0F80C12C0F88C11002180F8C71180F8DD
:107F8000C41185E70000B4C20000B4420000000044
:107F9000F0B581B02DED0A8B86B0044644F69051C1
:107FA00004F52A7547180020059094ED600AD4ED79
:107FB000610A05A9284604F5C076FAF749FD9DED4A
:107FC000050A2846FAF7F0FED4F84C040190D4F8DC
:107FD0005004029001A8314610F026FD03A88DED53
:107FE000030ACDED040A10F0F7FCB0EEC00A97EDDD
:107FF000061AB4EE410AF1EE10FA18DA95ED000A0D
:108000009FED7D1AB4EE410AF1EE10FA80F2B080D5
:108010009FED7A0A03ADF0EE400A28460DF070FCA1
:1080200044F69050294620440DF072FCDEE003A88F
:108030000DF06AFC9DED050A2846FAF775FC97EDF0
:10804000061A30EE019A95ED000AB4EE409AF1EE70
:1080500010FA80F2A480B7EE00BA9DED05CAB6EE24
:1080600000AA28463CEE0B0A20EE0A8AB0EE480A27
:10807000FAF75AFCB4EE409A2846F1EE10FA38FEB0
:108080000CCA3BFE08BA3CEE0B0A20EE0A8AB0EEA0
:10809000480AFAF749FCB4EE409A2846F1EE10FA85
:1080A00038FE0CCA3BFE08BA3CEE0B0A20EE0A8AE8
:1080B000B0EE480AFAF738FCB4EE409A2846F1EEE2
:1080C00010FA38FE0CCA3BFE08BA3CEE0B0A20EE52
:1080D0000A8AB0EE480AFAF727FCB4EE409A28461E
:1080E000F1EE10FA38FE0CCA3BFE08BA3CEE0B0A61
:1080F00020EE0A8AB0EE480AFAF716FCB4EE409A6F
:108100002846F1EE10FA38FE0CCA3BFE08BA3CEEE7
:108110000B0A20EE0A8AB0EE480AFAF705FCB4EE24
:10812000409A2846F1EE10FA38FE0CCA3BFE08BA17
:108130003CEE0B0A20EE0A8AB0EE480AFAF7F4FB8E
:10814000B4EE409A2846F1EE10FA38FE0C0A3BFED7
:1081500008BA30EE0B0A20EE0A8AB0EE480AFAF7A7
:10816000E3FBB4EE409AF1EE10FA3BFE080A18E089
:1081700004F24C40D4ED600A90ED000A90ED018AC3
:1081800044F6A8602044FBF727FC44F6FC6087ED2A
:10819000000A2044D4ED610AB0EE480A22E0B7EEAE
:1081A000000A2846FAF700FE03A801A98DED010A8E
:1081B000CDED020A0DF0ACFB97F8110244F6A86170
:1081C00084F8700160189DED030AD4ED600AFBF796
:1081D00003FC44F6FC6087ED000A20449DED040A90
:1081E000D4ED610AFBF7F8FB87ED010A06B0BDECA0
:1081F0000A8B01B0F0BD00BF17B7D13800000000F6
:1082000070B52DED028B88B0044644F6A17004F5DC
:10821000C075261806A928468DED060ACDED070A79
:1082200010F002FC04A88DED040ACDED050A10F053
:10823000D3FB96F87D00F0EE400A30B996F89D0128
:10824000092802D144F6A47001E044F6507020449D
:108250009FED200AFBF7C0FB06A92846B0EE408A36
:1082600010F0E2FB68468DED000ACDED010A10F03A
:10827000BFFB8DED020AB0EE480A02A8CDED030A5D
:108280001FF052F804F5BC7004A98DED040ACDED81
:10829000050A0DF03DFB317896F87D0084F87011E9
:1082A000D4E95E23C6F88F210129C6F8933108BFAF
:1082B000002803D008B0BDEC028B70BD96F89D017C
:1082C0000928F7D106F28F1006F2931100220260FE
:1082D0000A60EFE70000000070B545F214019FED61
:1082E000331A461896ED000AB4EE410AF1EE10FA80
:1082F00006DD49F24C110122C2F200410A6024E07D
:1083000049F24C15C2F200452968012917DB9FED9F
:10831000281AB4EE410AF1EE10FA10DAD0F8202251
:108320007AB906293CD30121C0F81C12044601F099
:108330006BFA20460021296096ED000A05E0D0F88E
:108340002022012A01D1002129609FED1A1A49F249
:108350005014B4EE410AC2F20044F1EE10FA02DA0F
:108360000120206070BD2168012911DB9FED121AE8
:10837000B4EE410AF1EE10FA0ADDD0F820224AB933
:1083800006290FD30121C0F81C1201F03DFA04E0C8
:10839000D0F82022012A18BF70BD0020206070BDD7
:1083A0000131D1E7481C206070BD00BFCDCC4CBD71
:1083B000CDCC4CBFCDCC4C3DCDCC4C3F00000000D3
:1083C00082B001908DF8031001999DF8030045F2E9
:1083D0003E12885402B0704783B002908DF80710A7
:1083E000029800909DF80700012805D1FFE7009949
:1083F0000120C1F8740104E000990020C1F8740163
:10840000FFE703B07047000083B00190019800902F
:1084100090F87001C00750B1FFE7009890F86E0126
:10842000C00720B1FFE701208DF80B0003E000201A
:108430008DF80B00FFE79DF80B0003B070470000BC
:1084400082B001908DF8031001999DF8030000F0AF
:10845000010081F86E0102B07047000000000000CA
:108460002DE9F04F93B044F6505804460027C0F869
:108470008C7100EB0806C0F81876D0F8B807119098
:1084800044F66450D4F8BC172518129111A9284657
:108490000DF03EFAD4E96001CDE9110111A9284699
:1084A000B78444F80870C6E90177B78610950DF0D7
:1084B0002FFA94ED610AD4ED681A96F83500B4EEFF
:1084C000610AF1EE10FA46DA06F16C0E94ED651AC7
:1084D00094ED662AC107D6E91775D6E919AB9EE86F
:1084E0000842B26FD6F87C808DED111A8DED122AFC
:1084F00031D196F825000F9244F63C22F0EE421A54
:1085000000EBC00104EB810101EB020C8F500CF178
:108510000401CCE9043981E8200C4FF45A7196ED3E
:10852000050A10FB0140D6ED060ACCF818E00F99B9
:1085300000F21C60CCE90718F9F7EEFF96F8250069
:1085400011A9013086F8250010980DF0E1F996F890
:108550003500D4ED681A06F59E7B94ED671AD6E9CE
:108560004D379BE8200CD6E9528ED6F85011C00743
:10857000D6F854918DED111ACDED121A2BD196F833
:1085800025000F9144F63C2200EBC00104EB810171
:1085900001EB020C8B504FF45A7110FB0140CCF8E8
:1085A0001480CCE903AB00F21C6096ED050AD6ED11
:1085B000060ACCF818E0CCE901750F99CCE9071947
:1085C000F9F7AAFF96F8250011A9013086F82500D1
:1085D00010980DF09DF996F8CE0201281CD00028C5
:1085E00040F0EE8004F5D270109004F5D47E06F1D0
:1085F000C80106F1CC000F9006F1D0000E9006F1F4
:10860000D40506F1D80706F1DC0A06F1E00206F10E
:10861000E40306F1E80CB4E096F83500D4ED6C1AEA
:1086200094ED6B1AD6F830E1D6E944CAD6E946B1E2
:10863000D6E94832D6E94A898DED111ACDED121AE4
:1086400080BB96F8250044F63C27CDF83C90E146E7
:1086500000EBC00504EB850505EB070C45F807901A
:108660004FF45A7710FB0740CCF81420CCE90313E1
:1086700000F21C6096ED050AD6ED060ACCF81880CB
:10868000CCE901AB0F99CCE9071EF9F745FF96F845
:10869000250011A9013086F8250010980DF038F951
:1086A00096F8350006F588710D9106F58A710F91DF
:1086B00006F58C710E9106F58E710C9106F5907190
:1086C0000B9106F5927A06F59471099106F596716B
:1086D000089106F598710A9194ED6D1AD4ED6E1A11
:1086E000F16ED6E91785D6E919CBC007D6F8709098
:1086F000D6E91D30F76F8DED111ACDED121A35D177
:1087000096F82520D646CDE906071F46584602EBC7
:10871000C20AE34604EB8A0344F63C2A03EB0A0C44
:1087200043F80A800CF10C03F246CCF8187083E889
:1087300003024FF45A73069812FB0341CCF81C0055
:108740000798CCF8200001F21C6096ED050AD6EDE2
:10875000060ACCE9015BF9F7DFFE96F8250011A9BE
:10876000013086F8250010980DF0D2F804F5E07E6F
:1087700004F5DE70DDE90C51DDE90AC7DDE90832F8
:108780001090D2F800900E9AD3F80080D7F800B07D
:1087900013680F9A109F04F5C26012680968DEED35
:1087A000000A97ED000ADAF800A02D68DCF80070E6
:1087B000CDE9005BCDE902A9CDE904870DF0D8FE33
:1087C000D6E90A01119044F6FC701291204411A9D7
:1087D0000DF09EF813B0BDE8F08F0000000000001F
:1087E0002DE9F04F81B02DED0A8BACB090ED608A91
:1087F0000446B5EE408A0020F1EE10FAC0F2F4878C
:10880000B1EE080AB4EE408AF1EE10FA00F3EC87FC
:10881000B2EE04CA94ED619AB4EE4C9AF1EE10FAFD
:1088200000F3E287B5EE409AF1EE10FAC0F2DC8771
:1088300094F8D101002794F8D2314FF0000A94F94E
:10884000D01140EA0302D2B20029C8BF0127B2FA10
:1088500082F25BB2560942B216EA070018901CD1A8
:1088600057B200200029C8BF0120002F4FF0000799
:10887000C8BF01273840012808BF002B0DD05FB2C8
:10888000002F4FF00007C8BF0127384001284FF0E4
:10889000000040F0A9874FF0010A9FEDC4AAB0EE96
:1088A000480AF0EE490AB0EE4A1A44F6505004EB7A
:1088B000000B26A8FBF780FC45F2500026AF2118DC
:1088C0000BF541768CCF22502A980861BDF8AC0098
:1088D00088829DF8AE008875299A9BF913034B6036
:1088E0009BF914338F60CA609BF91513375C15939D
:1088F00016F80390199678B216F801804FFA89F5A8
:108900000F90FCF705FA04F5EA7026A98DED260A0A
:10891000CDED270A0CF0FCFF189858B19FEDA30A83
:1089200026AEF0EE400A30460CF0EAFF04F5EE7099
:10893000314609E02846FCF7EBF98DED260A04F5EF
:10894000EE70CDED270A26A90CF0E2FF4FFA88F071
:10895000BAF1000F0E9009D0FCF7DAF98DED260A76
:1089600004F5F270CDED270A26A90AE09FED8F0AE3
:1089700026AEF0EE400A30460CF0C2FF04F5F2706D
:1089800031460CF0C5FF40F64000192FC0F221001F
:1089900000F2CD800121B94001420ED148F20042DF
:1089A000C0F21022114200F0C28094F86F119FEDC6
:1089B000800A002900FE0A0A06E094F86F119FED74
:1089C0007C0A00290AFE000A189984ED810A01BB7D
:1089D000B9F1190F00F2BC80012101FA09F101423D
:1089E0000ED148F20042C0F21022114200F0B080D5
:1089F00094F86F119FED6E1A002901FE0A1A06E025
:108A000094F86F119FED6A1A00290AFE011A84ED8D
:108A1000821ABAF1000F04F5F76920D0B8F1190FE6
:108A200000F2A180012101FA08F101420ED148F2C1
:108A30000040C0F21020014200F0958094F86F01D0
:108A40009FED5B1A002801FE0A1A06E094F86F01F8
:108A50009FED571A00280AFE011A84ED831A94ED3F
:108A6000821A0020B4EE410A0027F1EE10FA18BF76
:108A70000120199A189994ED830A884300211278ED
:108A8000B4EE401A84F8C601F1EE10FA18BF0121C5
:108A90000AEA010084F8C701D2B39BF80503E8B3E2
:108AA0009BF80603E8B39BF8070300284AD09BF81D
:108AB0000803002849D09BF8090300285ED09BF8E2
:108AC0000A0300285DD09BF80B0300285CD09BF8BC
:108AD0000C0300285BD09BF80D0300285AD09BF8AC
:108AE0000E03002859D09BF80F03002858D09BF89C
:108AF0001003002857D09BF811032E4600285FD0A2
:108B00009BF812030F21002808BF0E21179159E08E
:108B10002E464FF000080020179055E02E46012009
:108B20004FE02E46022017904FF001084CE00F99BD
:108B30000FF6C4421B39C9B2042938BF043292ED82
:108B4000000A41E72E4603203BE02E46042038E091
:108B5000A5F11B010FF6A042C9B2042938BF0432A7
:108B600092ED001A53E70E980FF68C411B38C0B2F5
:108B7000042838BF043191ED001A6EE72E46052017
:108B80001FE02E4606201CE02E46072019E02E4648
:108B9000082016E02E46092013E02E460A2010E099
:108BA0002E460B200DE02E460C200AE000000000AF
:108BB00000003443666626403333333F9A99A94018
:108BC0000D2017904FF000081FED08BAB0EE4B0AC9
:108BD000F0EE4B0AD4E96001CDE9240122A80CF0A3
:108BE0008FFEB0EE4B0AF0EE4B0A20A80CF088FE88
:108BF0000BF11405C4F81876D9E90001CDE9260176
:108C000026A928460CF084FED4E96001CDE92601AE
:108C100026A92846ABF82470CBE90077CBF808707A
:108C2000ABF8347011950CF073FEB0EE480AF0EE1C
:108C3000490AB0EE4A1AFBF767FA0028169441D0A9
:108C400019980127354600781E2841D848F6404239
:108C500007FA00F1C0F23122114240F08E84012166
:108C600001FA00F01C21C3F6000108422CD1222198
:108C7000C4F2004108422BD094ED610A1FED331A73
:108C8000B4EE410A0020F1EE10FA00F3AD85B2EE29
:108C9000011AB4EE410AF1EE10FAC0F2A58594ED86
:108CA000600A1FED3B1AB4EE410AF1EE10FA00F330
:108CB0009B851FED3E1AB4EE410AF1EE10FA07DA79
:108CC00000F092BD00273546D4F80402C4F88C01A8
:108CD000CDE90C5A1898159D00282946179818BFF9
:108CE000014604F5C26012908F42139180F21D81FB
:108CF00017984FF0000A0138149022A81FED548AEB
:108D00000430079004F5FA70109044F63C2020449B
:108D10000B9004F21C600A900AE0169C159D24A892
:108D200022A90CF0F5FD01371398B84200F0FD8040
:108D30001498C01B1899B0FA80F040090840012827
:108D400000F03E84199810F807904FFA89F84046D1
:108D5000FBF7DEFF22A826A98DED260ACDED270A16
:108D60000CF0D6FDB9F11E0F16D80120222100FA11
:108D700009F0C4F2004108420ED094F8C60101285F
:108D800008D194ED810AB4EE480AF1EE10FA4CD104
:108D9000012651E000264FE00F989DED221A8045F4
:108DA000DDED231A40F07F809BF835108DED261AFB
:108DB000DBE932E3DBE934A2DBE936C9DBE9385031
:108DC0000029DBF8E810CDED271A2BD109929BF88A
:108DD00025201E46E046DDF82CC002EBC2030CEB5A
:108DE00083044CF823E004F10C0C099BC4E9065001
:108DF00021620A984FF45A718CE8080312FB0100B3
:108E00009BED050ADBED060AC4E9016A169CF9F739
:108E100083FB9BF8250026A901308BF825001198CB
:108E20000CF076FD4FF0010A78E7B5EE400A002617
:108E3000F1EE10FA08BF012600EE106A09F0FB00FF
:108E40000128DDED250ADDED231A2046B8EE400AA3
:108E50003946B1EE401A01FE000A94ED841A20EE64
:108E6000012A9DED240A9DED221AFEF7EDFD20A8B2
:108E700026A98DED260ACDED270A0CF049FD9DEDC2
:108E8000200AB5EE400AF1EE10FA00F00C8406EA72
:108E90000A0001287FF443AF109820A90CF038FD98
:108EA0004FF0000A3BE70BF180099BF83510DBE936
:108EB000234899E80C02DBF894600029DBE926508E
:108EC000DBF8A0108DED261ACDED271A7FF425AF23
:108ED000089414469BF8252009961E46DDF82CE0E0
:108EE00002EBC2030EEB830C4EF82340089BCCE947
:108EF00007010A984FF45A71CCE90338099B12FB19
:108F00000100CCE905359BED050ADBED060ACCE94D
:108F10000169F9F701FB9BF8250026A901308BF8C0
:108F2000250011980CF0F4FCF7E61798A84240F3DE
:108F300050841898B7EE009A80F001000B901798B3
:108F40000DF18808A0F1010904F5FE700F9044F6B8
:108F50003C2026AE9FED7EAA9FED7EBA20441FEDF9
:108F6000ED8A14901FEDEECA04F21C6013900020ED
:108F70001890CDF840900EE0DDE91554DDF84090F2
:108F80000DF1880824A841460CF0C2FC0135179861
:108F9000A84200F01E84A94540F0AE80199810F94F
:108FA0000900FBF7B5FE404631468DED260ACDEDB2
:108FB000270A0CF0ADFC94F8CE01002800F0CE801A
:108FC0009DED240AB4EE4A0AF1EE10FA40F0E48076
:108FD0009BF8350015959DED221ADDED231ADBE98E
:108FE00020CEDBE922A7DBE92464DBE92651DBF8AC
:108FF000A0208DED261ACDED271A38BB9BF8250051
:10900000DDF8509000EBC00309EB830849F823C05A
:10901000C8E9071213994FF45A72C8E90376C8E9F0
:10902000054510FB02109BED050ADBED060AC8E9B9
:1090300001EAF9F771FA9BF8250026A901308BF8AF
:10904000250011980CF064FC9BF835001699C007B8
:10905000DBE93BE891ED8B1AD1ED8C1ADBE93DA7FA
:10906000DBE93F65DBE9419CDBF80C018DED261A5D
:10907000CDED271A25D19BF82510149C01EBC102D8
:1090800004EB820344F822E003F1140218621398FF
:1090900082E820124FF45A72DBED060AC3E9037628
:1090A00011FB02009BED050AC3E9018AF9F734FAC6
:1090B0009BF8250026A901308BF8250011980CF0AB
:1090C00027FC169C0BF1C803DBE9350794ED980AE1
:1090D000D4ED990A0ECBDBE93765DBE939ECCDE954
:1090E00000071298CDE90265CDE904EC0DF040FAD5
:1090F000159DDDF8409063E1199810F805A04FFA2E
:109100008AF73846FBF704FE404631468DED260AC5
:10911000CDED270A0CF0FCFBBAF11E0F00F25481D2
:109120000120222100FA0AF0C4F20041084200F0B6
:109130004B8194F8C70101280ED194ED820AB4EE58
:109140004C0AF1EE10FA40F09C810127A0E100BF2B
:109150009A99193F9A990941002799E10BF1C8039F
:109160009DED220ADDED230ADBF8DC600ECBDBE9A6
:109170003507AE46DBF8E8C0DBE93854CDE9000737
:109180001298029626AE039575460494169CCDF867
:1091900014C00DF0EDF9F9E69DED250AB4EE4B0A89
:1091A000F1EE10FA7FF4F2AE24A8414615950FF0C7
:1091B0003BFC1AA88DED1A0ACDED1B0A0FF018FC26
:1091C0008DED1C0A94ED850A1CA8CDED1D0A0FF04B
:1091D0004BFC40461EA98DED1E0ACDED1F0A0FF077
:1091E0004FFC9BF835008DED260ADBE920E2DBE938
:1091F00022A6DBE92478DBE926540028DBF8A0006E
:10920000CDED270A2DD19BF825100A961646DDF8DC
:1092100050C0B0EE401AF0EE601A01EBC1020CEB48
:1092200082034CF822E003F10C0C0A9A186213989E
:109230008CE884014FF45A729BED050A11FB020081
:10924000DBED060AC3E9016AC3E90654F9F764F9DC
:109250009BF8250026A901308BF8250011980CF009
:1092600057FBB0EE480AF0EE490A1CAC20460CF061
:1092700047FB169890ED850A20460FF0F5FB22A8D3
:109280001EA98DED1E0ACDED1F0A0FF0F9FBDBF8CC
:10929000A4000A909BF83500DBF8B820DBE92A87A8
:1092A000DBE92CA1DBE92F4EDBF8C4508DED260A5B
:1092B000CDED270A78BB9BF825000992DDF850C058
:1092C000B0EE401A0A9EF0EE601A00EBC0020CEB02
:1092D00082034CF8226003F11402C3E903A1099947
:1092E0009BED050A82E8124013994FF45A7210FB65
:1092F0000210DBED060AC3E901871D62F9F70CF9DC
:109300009BF8250026A901308BF8250011980CF058
:10931000FFFA9BF835001699C007DBE93BE891EDB1
:109320008B1AD1ED8C1ADBE93DA7DBE93F65DBE960
:109330004141DBF80C018DED261ACDED271A27D11E
:109340000A919BF82510DDF850C001EBC1020CEB2F
:1093500082034CF822E00A9AC3E9072013984FF4DD
:109360005A72C3E90376C3E9055411FB02009BED71
:10937000050ADBED060AC3E9018AF9F7CDF89BF887
:10938000250026A901308BF8250011980CF0C0FAB1
:10939000169C0BF1C803DBE9350794ED980AD4ED70
:1093A000990A0ECBDBE93765DBE939ECCDE900073B
:1093B0001298CDE90265CDE904EC0DF0D9F8159DC0
:1093C0000DF1880826AEE1E50E9815950C99381A2E
:1093D000B0FA80F0791AB1FA81F140090D9A4F097B
:1093E000024204BF0B9810EA070000F088809BF847
:1093F00035109DED221ADDED231A8DED261ADBE9DD
:1094000032E3DBE934A2DBE93686DBE938500029B8
:10941000DBF8E810CDED271A28D10A929BF8252019
:109420001C46DDF8509002EBC20309EB830C49F8AF
:1094300023E00A9BCCE9070113984FF45A71CCE959
:109440000338CCE9056512FB01009BED050ADBED55
:10945000060ACCE9014AF9F75FF89BF8250026A92E
:1094600001308BF8250011980CF052FA18980DF184
:10947000880838431890DDE91554DDF8409026AE91
:1094800080E5B5EE400A0027F1EE10FA08BF01278B
:1094900000EE107A0AF0FB000128DDED250ADDED73
:1094A000231A2046B8EE400A2946B1EE401A01FEC2
:1094B000000A94ED841A20EE012A9DED240A9DED08
:1094C000221AFEF7C1FA20A831468DED260ACDED0D
:1094D000270A0CF01DFA9DED200AB5EE400AF1EEC8
:1094E00010FA00F0E0801898384001287FF44AAD67
:1094F0000F9820A90CF00CFA0020189042E59BF878
:1095000035009DED221ADDED231A8DED261ADBE9DB
:1095100020CEDBE9228ADBE92479DBE92654002826
:10952000DBF8A000CDED271A7FF426AD9BF82510BF
:10953000149E01EBC10206EB820346F822C04FF4F1
:109540005A7226AEC3E907401398C3E903A7C3E9DB
:10955000059511FB02009BED050ADBED060AC3E948
:1095600001E8F8F7D9FF9BF82500314601308BF868
:10957000250011980CF0CCF9FEE4B8F1000F7FF44F
:10958000A7AB9BF8051300201E2900F22D810122B4
:1095900022238A40C4F200431A4200F0258194ED50
:1095A000621A94ED810A31EE401AB0EEC11AB4EE9F
:1095B0004C1AF1EE10FA31DA84ED630AFFF788BB3A
:1095C000199814994056FBF7A3FB22AD26A928460B
:1095D0008DED260ACDED270A0CF09AF994F8CE010C
:1095E000C0B19DED240A9FED861AB4EE410ADDF864
:1095F00048A0F1EE10FA58D10BF180039DED220A3C
:10960000DDED230A0ECBDBE92307DBE92565DBE98A
:10961000274CA3E0DDF848A00798C3E048B2012139
:1096200084F8C511441E9DED248A9DED259AFBF713
:109630006FFB169814F0FB0FF0EE601AF0EE490A7B
:1096400090ED841A169CB1EE412A4FF0010120469C
:1096500002FE012AB0EE401AB0EE480AFEF7F4F915
:1096600020A826A98DED260ACDED270A0CF050F989
:109670009DED200AB5EE400AF1EE10FA13D004F584
:10968000F67020A90CF044F99BF90503FBF740FBA9
:1096900024A826A98DED260ACDED270A0CF038F96D
:1096A0000227FFF715BB00209EE09DED250A9FEDE8
:1096B000551AB4EE410AF1EE10FA40F08A800DF12D
:1096C000880824A841460FF0AFF91CA88DED1C0AAC
:1096D000CDED1D0A0FF08CF98DED1E0A94ED850A73
:1096E0001EA8CDED1F0A0FF0BFF926A940468DED4B
:1096F000260ACDED270A0FF0C3F90BF180030BF119
:10970000980CDBE923070ECBDBF89460A1469CE8BC
:109710003010CDE900075046CDE90264CDE9045C84
:109720000DF0BEF8F7EE000A1EA89FED320A0CF00D
:10973000E7F899ED850A0FF097F926A940468DEDD7
:10974000260ACDED270A0FF09BF90BF1A403DBE904
:109750002C070ECBDBE92E65DBE9304CCDE90007A9
:109760005046CDE90265CDE9044C0DF099F8169C00
:109770000BF1EC03DBE93E0794ED8B0AD4ED8C0A88
:109780000ECBDBE94065DBE942ECCDE90007504652
:10979000CDE90265CDE904EC0DF082F804F5187509
:1097A00004F519700BF1C80395ED000AD0ED000A1D
:1097B0000ECBDBE93507DBE93765DBE9394CCDE971
:1097C00000075046CDE90265CDE9044C0CF0D0FE0F
:1097D000169CDBE90A01269044F6FC702791204490
:1097E00026A90CF095F801202CB0BDEC0A8B01B035
:1097F000BDE8F08F000000000000B4C20000B442D9
:109800009A99193F9A9909412DE9F0438BB0044682
:1098100044F6505800EB0806D0F84802C4F88C0112
:10982000D4F8B807099044F664502518D4F8BC174A
:109830000A9109A928460027C4F818760CF068F8A0
:10984000D4E96001CDE9090109A92846B78444F8A3
:109850000870C6E90177B7860CF05AF8D4E9870199
:10986000012904F5147101EB001006D190ED020AF4
:10987000D4ED610A07A80CF043F806F1C80E06F112
:10988000E00C90EC020A9EE8AE409CE800138DE8E4
:10989000A0400DF10C0E04F5C2608EE800130CF030
:1098A00067FED6E90A01099044F6FC700A9120444B
:1098B00009A90CF02DF80BB0BDE8F0830000000002
:1098C0002DE9F04F89B0044644F6505800EB080BE0
:1098D000D0F84C02C4F88C01D4F8B807079044F6CD
:1098E00064502518D4F8BC17089107A9284600270A
:1098F000C4F818760CF00CF89BF8CE02ABF8247084
:1099000044F80870ABF83470CBE9017760B30128F4
:1099100075D1D4F824020130D4E9601200EBD07381
:1099200023F00103C01AC4F82402CDE9071207A9E5
:1099300028460BF0EDFFD4F8240244F6386C44F6C8
:10994000346E44F6306804EBC00044F62C6900F530
:10995000207144F6286A44F6246744F6206344F6EE
:109960001C6244F618652FE0D4F8280245F25651DF
:109970000130C5F2555150FB01F1D4E96023CDE926
:10998000072301EBD17101EB4101401AC4F8280211
:1099900007A928460BF0BCFFD4F828024FF49D4CD1
:1099A00044F67C6E44F6786804EBC00044F67469B3
:1099B00000F5247144F6706A44F66C6744F66863F7
:1099C00044F6646244F6606591EC020A6159A2585B
:1099D000E358E55954F80A7054F8096054F80880BF
:1099E00054F80EE054F80CC004F5C260CDE90057FD
:1099F00002ADCDF814C085E840410CF0B9FDDBE9BB
:109A00000A01079044F6FC700891204407A90BF066
:109A10007FFF09B0BDE8F08F70B52DED028B82B0ED
:109A20000446D0F8040138B1D4F8080100281CBF5E
:109A3000D4F80C01002804D145F20800002121547B
:109A400003E0D4F810010028F6D09FED228A40F2FE
:109A50004435B0EE480A44F6A860C2F200452044FE
:109A60002946012684F82061F9F7A6FFB0EE480ADE
:109A700044F6FC6020442946F9F79EFFB0EE480A00
:109A800044F6507040F21C312044C2F20041F9F714
:109A900093FFB0EE480A44F6A47040F2003120442F
:109AA000C2F20041F9F788FF45F26140616804F1B4
:109AB00008032825C0F602004FF48062CDE9005368
:109AC000234620F085FA45F20800265402B0BDEC8A
:109AD000028B70BD000000002DE9F0412DED028BDE
:109AE00082B044F650510446451895F8B802012852
:109AF00040F0AF8447F64867C2F200473878BFF3BA
:109B00005F8FC00700F0488548F68026C2F2004605
:109B1000D6F8E800C4F888014CF23440C2F20040A4
:109B2000F9F79EFB05F52F71F9F746FC3878BFF37E
:109B30005F8FC00700F0478595F8EE03D6E926123F
:109B40000A28C4E9601200F2EE8104F2444804F5E8
:109B5000C076DFE810F0ED012A0225010B00E801D4
:109B60000B0091004C01A5017302640295F8EF13FC
:109B7000814227D004F52A700027A4F86C7184F87C
:109B80006E7184F87071A4F89071C4E97177A4F8CB
:109B9000CC71F9F7C5F8D8E9DD01009044F66450BE
:109BA000019120446946C4F818760BF0B1FE44F6E2
:109BB000FC7031462044AF84C5E90077AF60AF86C2
:109BC0000BF0A6FED4F87401012815D104F52A7013
:109BD0000021C4F87411A4F86C1184F86E1184F893
:109BE0007011A4F89011C4E97111A4F8CC11F9F71F
:109BF00097F82046FEF734FC98ED021A04F5C87079
:109C000094ED670AB4EE410A98ED030AF1EE10FAFA
:109C100006D194ED682AB4EE402AF1EE10FA09D08C
:109C20000078012808D1002084F8900184F87001A0
:109C300004F5B6700121017095F8CE02012800F0FC
:109C40003F82002840F0948294ED692AB4EE412AC4
:109C5000F1EE10FA40F07A8294ED6A1AB4EE401AEE
:109C6000F1EE10FA40F0728295F83410002900F0FD
:109C70006D8204F2911179E295F8EF03062827D05E
:109C800004F52A700027A4F86C7184F86E7184F8CA
:109C90007071A4F89071C4E97177A4F8CC71F9F7E8
:109CA0003FF8D8E9DD01009044F66450019120446A
:109CB0006946C4F818760BF02BFE44F6FC7031466A
:109CC0002044AF84C5E90077AF60AF860BF020FE7B
:109CD000D4F87401012815D104F52A700021C4F8C4
:109CE0007411A4F86C1184F86E1184F87011A4F842
:109CF0009011C4E97111A4F8CC11F9F711F82046BC
:109D0000FEF76EFD95F83400002800F07F8395F88B
:109D10002500D4F818164FF45A7204F21C6310FB95
:109D20000237814201FB02321646A8BFA7F55A76D8
:109D3000002804F52A7008BF164640F299123146F1
:109D4000E6F7C7FC06F5CE7140460BF0E1FD04F2E4
:109D50004C4006F5D2710BF0DBFD04F2544006F5E1
:109D6000D6710BF0D5FD04F25C4006F5DA710BF00C
:109D7000CFFD04F2644006F5DE710BF0C9FD04F27C
:109D80006C4006F5E2714FF4D272E6F7A2FC204671
:109D9000FDF7C2FF94F86E01002840F0368214E30C
:109DA00095EDB00A95EDAD2AB0EEC01A95EDAF4A2B
:109DB00020EE020A9FEDDF3AB0EEC45AB4EE431A29
:109DC0009FEDDD1AF1EE10FA22EE042A30FE010AB0
:109DD000B4EE435A85EDF80AF1EE10FAB1EE400AFE
:109DE00032FE012A85EDF92AF1EE420A09E195F8E1
:109DF000EF0307282DD004F52A700027A4F86C7112
:109E000084F86E7184F87071A4F89071C4E9717768
:109E1000A4F8CC71F8F784FFD8E9DD01009044F68E
:109E20006450019120446946C4F818760BF070FD27
:109E300044F6FC7031462044AF84C5E90077AF603A
:109E4000AF860BF065FD4FF0FF30C4E98707C4E92A
:109E5000897095F8CF02012800F0F081002840F0C9
:109E60000682002085F8EC03204600F01DFCB7EECA
:109E7000000A01212046F0EE400AFDF709FF95EDAA
:109E8000F80A95EDF91AB1EE400A4AF2C820F1EE4F
:109E9000410A95EDFA1AC2F2004007F03DFC42E398
:109EA00095F8EF0308282DD004F52A700027A4F8B0
:109EB0006C7184F86E7184F87071A4F89071C4E9C3
:109EC0007177A4F8CC71F8F72BFFD8E9DD01009089
:109ED00044F66450019120446946C4F818760BF0AA
:109EE00017FD44F6FC7031462044AF84C5E9007785
:109EF000AF60AF860BF00CFD4FF0FF30C4E9870771
:109F0000C4E9897095EDB10A9FED8C1AB4EE410A4F
:109F1000F1EE10FA40F3E68049F254100121C2F24A
:109F200000400160BBE1D4F88811C4F88C117BE0DB
:109F300095EDB00A9FED821A20EE012A9FED7D4A31
:109F4000B0EEC00A95EDAF5A95EDAD3A22EE032A78
:109F5000B4EE440A25EE010A9FED771AB0EEC55A19
:109F6000F1EE10FA23EE000A95EDB13AB4EE445A40
:109F7000B0EE085A32FE012AF1EE10FAB0EEC36AD2
:109F800085EDF82A30FE017A23EE050A85EDF97A8F
:109F9000B4EE446AF1EE10FAF1EE470A30FE011A0F
:109FA000B1EE420A85EDFA1A2EE095EDB00A9FED6A
:109FB000651A20EE012A9FED5F4AB0EEC00A95EDCA
:109FC000AF5A95EDAD3A22EE032AB4EE440A25EEDF
:109FD000010A9FED591AB0EEC55AF1EE10FA23EEC0
:109FE000000A32FE012AB4EE445A85EDF82AF1EE59
:109FF00010FA30FE013AB1EE420A85EDF93AF1EE7F
:10A00000430A0020C5F8E803D4F88801C4F88C019D
:10A010004AF2C820C2F2004007F07EFB15E2D4F8F5
:10A020008801C4F88C010A2085F8EF034AF2C820A1
:10A03000C2F20040012180F814170AE295F8EF03FC
:10A0400009282DD004F52A700027A4F86C7184F833
:10A050006E7184F87071A4F89071C4E97177A4F8F6
:10A06000CC71F8F75DFED8E9DD01009044F664504C
:10A07000019120446946C4F818760BF049FC44F677
:10A08000FC7031462044AF84C5E90077AF60AF86ED
:10A090000BF03EFC4FF0FF30C4E98707C4E989703C
:10A0A000D4F87401012805D10020C4F874012046B9
:10A0B000FFF706FC95F83400002840F04681A5E142
:10A0C00094ED6B2A04F29111B4EE412AF1EE10FAEC
:10A0D00006D194ED6C1AB4EE401AF1EE10FA45D0A8
:10A0E000097835E049F25416C2F20046306801287A
:10A0F000C0F2CF809FED141AB4EE410AF1EE10FACF
:10A1000080F2C780D4F82012002940F0C4800628CD
:10A11000C0F0C681D4F81C02012802DC0130C4F86A
:10A120001C022046FFF770FB0020306095EDB10A5D
:10A13000B5E000BFCDCC4C3D00000000CDCC4CBD07
:10A14000CDCCCC3F9A99193FCDCC4CBF94F891110E
:10A1500001290DD10021C4F2B421C4F88C110021D1
:10A1600084F8911184F8701104F26D1101220A70C3
:10A1700095F8341000294DD095F82500D4F818161C
:10A180004FF45A7204F21C6310FB0237814201FB48
:10A1900002321646A8BFA7F55A76002804F52A70A1
:10A1A00008BF164640F2991208F108073146E6F753
:10A1B00090FA06F5CE7140460BF0AAFB06F5D27177
:10A1C00038460BF0A5FB04F2544006F5D6710BF0AF
:10A1D0009FFB04F25C4006F5DA710BF099FB04F288
:10A1E000644006F5DE710BF093FB04F26C4006F55B
:10A1F000E2714FF4D272E6F76CFA94F86D0194F8BC
:10A200006C11C0B2084300F0E08098ED000AD8ED70
:10A21000010AFFE094F87011012940F0F78001284D
:10A2200000F01C81002840F01081B7EE080A5FEDB5
:10A230003E0A00212046FDF72BFDEEE095F8D00206
:10A24000012800F01E8190B9012085F8EC0320461A
:10A2500000F02AFA95F83400002840F0318195ED9D
:10A26000AB0AD5EDAC0A2046FDF7CAFF43E1042056
:10A2700085F8EC03D4F88801C4F88C014AF2C820B0
:10A280000121C2F2004080F81417042085F8ED0384
:10A29000DBE0D4F82012012901D1002030609FEDCD
:10A2A000D68A49F25816B4EE480AC2F20046F1EED8
:10A2B00010FA01DA01201FE03068012817DB9FED5A
:10A2C000D21AB4EE410AF1EE10FA10DDD4F82012E1
:10A2D00079B90628C0F0E680D4F81C020128A4BF92
:10A2E0000138C4F81C022046FFF78EFA03E0D4F8C8
:10A2F0002012012901D100203060D4F87401012816
:10A300001FD104F52A700026A4F86C6184F86E61F0
:10A3100084F87061A4F89061C4E97166A4F8CC6116
:10A32000F8F7FEFCD4F82002013000EBD07121F0E8
:10A330000101401AC4F820022046FFF765FAC4F86C
:10A34000746195F83400002843D095F82500D4F8BE
:10A3500018164FF45A7204F21C6310FB0237814244
:10A3600001FB02321646A8BFA7F55A76002804F56D
:10A370002A7008BF164640F299123146E6F7A9F94D
:10A3800006F5CE7140460BF0C3FA04F24C4006F5D8
:10A39000D2710BF0BDFA04F2544006F5D6710BF001
:10A3A000B7FA04F25C4006F5DA710BF0B1FA04F288
:10A3B000644006F5DE710BF0ABFA04F26C4006F572
:10A3C000E2714FF4D272E6F784F9204600F020F9EA
:10A3D00023E094F87001C8B195EDB00A9FED8B1A97
:10A3E00020EE011A95EDAD2AB0EEC00A0020C5F8A6
:10A3F000E00321EE021AB4EE480A9FED7E0AF1EE68
:10A4000010FA31FE000A85EDF90A06E095EDAB0A77
:10A41000D5EDAC0A2046FDF7F3FE94ED630A9FEDFF
:10A42000781A20EE010A9FED771A95EDF92A4AF283
:10A43000C820F1EE420AC2F2004080EE011A95ED0A
:10A44000F80AB1EE400A07F06BF895F8EE0385F8CC
:10A45000EF0302B0BDEC028BBDE8F081B7EE080A55
:10A4600001212046F0EE400AFDF712FC95EDF80AB6
:10A4700095EDF91AB1EE400AF1EE410A95EDFA1A9E
:10A48000C6E595F8CC0278B10421012808BF032164
:10A4900085F8EC137FF4EEAE204600F005F942E0BB
:10A4A0000130FBE6013027E7022085F8EC03204667
:10A4B00000F0FAF82046FDF70FFF95F83400B8B326
:10A4C00095F82500D4F818164FF45A7204F21C635C
:10A4D00010FB0237814201FB02321146A8BFA7F5EB
:10A4E0005A71002804F52A7008BF1146F8F7C8FC15
:10A4F000204600F08DF894ED630A9FED411A20EE9E
:10A50000010A9FED401A95EDF92A4AF2C820F1EEB2
:10A51000420AC2F2004080EE011A95EDF80AB1EE4F
:10A52000400A06F0FDFF95F8EC0385F8ED038CE793
:10A5300094F8700100283FF492AE95EDB00A9FEDBB
:10A540002E2AB0EEC01AB4EE421AF1EE10FA1BDD5C
:10A550009FED2A1A94F86F0120EE010A95EDAD1ACD
:10A56000BFEE002A20EE010A01EE100AB8EE411AF1
:10A5700020EE011AB7EE000AB5EE401AF1EE10FA1D
:10A5800018BFB0EE420A01E09FED1A0A85EDF90A04
:10A590000020C5F8E003AEE747F64860C2F200408D
:10A5A0001EF0B4F800283FF4AFAA48F68020C2F2AB
:10A5B0000040F9F7A9F947F64860C2F200401EF0E2
:10A5C000BBF8FFF7A1BA47F64860C2F200401EF0A0
:10A5D0009DF800283FF4B0AA48F68020C2F200405F
:10A5E000F9F792F947F64860C2F200401EF0A4F86D
:10A5F000FFF7A2BA00000000CDCC4C3D9A99993EDD
:10A60000DB0F494000003443CDCC4C3F9A9919BF31
:10A6100070B582B0044644F69850261804F5C2601E
:10A6200094ED600AD4ED610A0CF00EF844F68850FF
:10A63000694620448DED000ACDED010A0BF068F962
:10A640002046FDF7A5FC44F6905096ED000A25182B
:10A6500028461CF069FE694628468DEC020A0BF07C
:10A6600057F9204600F07CF804F5BC756946284689
:10A670008DEC020A0BF04CF994F8100601280AD16F
:10A6800096ED020A28460EF0EFF9694628468DEC51
:10A69000020A0BF03DF9D4E95E01C6E9E60102B019
:10A6A00070BD000000000000F0B583B044F65051CA
:10A6B000451895F8EC1395F8ED238A4234D000F54F
:10A6C0002A710024A0F86C4100F5F76780F86E410C
:10A6D000064680F87041A0F89041C0F8C441C0F827
:10A6E000C841A0F8CC410846F8F71AFBD7E90001A9
:10A6F000019044F664500291304401A9C6F818460E
:10A700000BF006F944F6FC7006F5C0713044AC84D9
:10A71000C5E90044AC60AC860BF0FAF84FF0FF30AE
:10A72000C6E98704C6E9894003B0F0BD0000000017
:10A7300082B001908DF803108DF802208DF8013061
:10A7400001999DF8030081F8D0019DF8020081F87D
:10A75000D1019DF8010081F8D20102B070470000DC
:10A76000F0B581B02DED028B8EB044F65C510446FD
:10A77000471840580C9078680D900CA80EF038F9E6
:10A780000AAE8DED0A0A3046CDED0B0A0EF01CF92B
:10A7900044F688508DED080A251897ED100A2846D2
:10A7A000CDED090A0EF060F944F6905031460444AC
:10A7B0008DED040A2046CDED050A0EF0EDF804A853
:10A7C00002A98DED020ACDED030A0EF059F906A893
:10A7D0008DED060ACDED070A0EF0FEF82846B0EE24
:10A7E000408A0EF0F9F8B4EE408AF1EE10FA15DD69
:10A7F00006AE30460EF0FCF828468DED020ACDED8F
:10A80000030A0EF0E9F802A80EF02EF904A930466A
:10A810008DED040ACDED050A0BF07AF808A9204663
:10A820000EF0BAF804A88DED040ACDED050A0EF07D
:10A83000D3F897ED121AB4EE410AF1EE10FA12DDD8
:10A8400004AC20460EF0D4F88DEC020A97ED120A03
:10A8500068460EF009F902A920468DED020ACDEDF9
:10A86000030A0BF055F806A804A90EF009F9D7F869
:10A870009C02411C0428C8BF0021C7F89C120EB0DE
:10A88000BDEC028B01B0F0BD2DE9F04F81B02DED94
:10A89000068B04464DF66820C0F6030044F698592E
:10A8A000083020600FF20840606004F13400002599
:10A8B000A5604FF0010AC4F80CA04FF0FF3884F8EF
:10A8C00010A004EB0906C4E90555C4E90755656203
:10A8D000C4F82880C4F82CA084F83050F8F734FC71
:10A8E0009FEDF88A4DF61410B0EE480AF0EE480AD3
:10A8F000C0F6030084F8705100F108012430606351
:10A900004FF08070C4F86C0104F5BC702160C4F88D
:10A9100074510AF0F5FFB0EE480AF0EE480A04F56B
:10A92000C0700AF0EDFFB7EE009A04F5CA70DFEDD3
:10A93000E60AA4F89051C4F88851B0EE490AC4F868
:10A940008C510AF0DDFF04F5CE709FEDE00ADFEDDB
:10A95000E00A0AF0D5FF9FEDDFAA04F5D270B0EE51
:10A960004A0ADFEDDD0A0AF0CBFFB0EE4A0A04F531
:10A97000D670DFEDDA0A0AF0C3FFF0EE490A04F5FB
:10A98000DA709FEDD70A0AF0BBFF04F5DE709FED89
:10A99000D50ADFEDD50A0AF0B3FFB0EE480AF0EEB3
:10A9A000480A04F5EA70A4F8CC51C4E9715584F85A
:10A9B000CEA1A4F8D05184F8D2510AF0A1FFB0EE94
:10A9C000480AF0EE480A04F5EE700AF099FFB0EE7E
:10A9D000480AF0EE480A04F5F2700AF091FFB0EE72
:10A9E000480AF0EE480A04F5F6700AF089FFB0EE66
:10A9F000480AF0EE480A04F5FA700AF081FFB0EE5A
:10AA0000480AF0EE480A04F5FE700AF079FF4CF6A9
:10AA1000CD4041F27B41C3F6CC50C4F8100204F59E
:10AA20000570C3F62E614CF6CD47C4F80C52C3F640
:10AA3000CC67C4F8205280E8820404F50B70C4E9A6
:10AA40008155C4E989A80AF01FF904F52A70F8F7BE
:10AA5000F3F904F5C2600BF067FFB0EE480AF0EEC0
:10AA6000480A44F6885020440AF04AFFB0EE480AEB
:10AA7000F0EE480A44F6905020440AF041FF4FF0AF
:10AA80007F50B0604FF07C50F06046F2666106F196
:10AA90008400C3F6667140F2000C4CF6CD42C4F25D
:10AAA000200C80E8221006F19000C3F64C724CF6A0
:10AAB000CD4E41F26F233761C3F64C5EC3F683235C
:10AAC0004CF2000780E80C4049F69A10C4F279472E
:10AAD000C6E91D574FF08047C3F61970C6E92D70BF
:10AAE00006F1CC004FF07E5844F8098040F200098E
:10AAF00080E822104DF20A70C4F2A019C3F6A350E8
:10AB00007560C6E93730C6E9410544F6BC6072623B
:10AB1000C6E90591C6E90E91C6E91F39C6E9299132
:10AB2000C6E93139C6E93B9144F6AC692044242199
:10AB30003564C6E90752C6E90A2EC6E90C53C6E9D0
:10AB400011C2C6E9132EC6E91553C6E91755C6E961
:10AB50001952C6E91B22C6E92753C6F8AC50C6F8FD
:10AB6000B07004EB0907C6E92FE5C6F8D820C6E99E
:10AB70003953C6E93D58C6E93F23C6F80C3186F87B
:10AB80001051E5F70AFE44F610704DF20A7B20449E
:10AB90002421C3F6234BC6F85CB1A6F86051C6E980
:10ABA0005255C6E954B544F80950C7E90155FD604E
:10ABB00004F59E4786F858A186F86451E5F7EDFD47
:10ABC0004FF49E4044F654792421C6F8B0B1255084
:10ABD00044F664702044A6F8B451C6E96755C6F837
:10ABE000A4B1C6F8A851C7E90155FD6004EB0907F7
:10ABF00086F8ACA186F8B851E5F7CFFD44F6B870F9
:10AC000044F8095044F6A87920442421C6F804B237
:10AC1000A6F80852C6E97C55C6E97EB5C7E90155D4
:10AC2000FD6004EB090786F800A286F80C52E5F7F0
:10AC3000B4FDB0EE480AF0EE480A44F6FC70C6F8DF
:10AC400058B22044A6F85C52C6E99155C6E993B5BE
:10AC500044F80950C7E90155FD6086F854A2C6F8CA
:10AC600060520AF04DFE45F25000C6F86C82211881
:10AC700086F8705225501A20C1E90155C1E90355E3
:10AC80008D824CF2C84186F8CE026420C2F20041A7
:10AC9000C6F8A053C6E9B401C6E9E65540F60A2055
:10ACA000A6F8A6032046BDEC068B01B0BDE8F08FE8
:10ACB0004F6D6E69436861737369735F5365747533
:10ACC00070000000000000006666663F7D3F1D408A
:10ACD0003333533FB81E1D4014AE973F6666A63F00
:10ACE0009A995940CDCC6C40A470FD3E0000000004
:10ACF00010B504463430F8F733F945F240112046D8
:10AD0000BDE810401CF00CBB10B504463430F8F719
:10AD100027F9204610BD0000B0B582B00C460546AC
:10AD200091ED020A684601A91CF0CEFD9DED001AC6
:10AD30009DED010AB1EE412A85ED000A85ED012A5B
:10AD40002068A86085ED031A85ED040A60686861D3
:10AD50000020C5E906004FF07E50286202B0B0BD69
:10AD600010B504464FF0031140F8241FA462F6F713
:10AD700063FF204610BD0000B0B52DED048B86B0FA
:10AD80000D46044691ED040A91ED058A91ED069A6F
:10AD900005A804A91CF098FDB0EE480A03A802A972
:10ADA0001CF092FDB0EE490A01A869461CF08CFD2A
:10ADB0009DED000A9DED031A9DED013A9DED044ABB
:10ADC0009DED055A20EE012A24EE436A9DED027A9C
:10ADD00065EE030A002060EE071AA063A2EE056A82
:10ADE000C4ED001AE2EE040A21EE032A60EE042A02
:10ADF00084ED016A25EE400AC4ED020A27EE033A0B
:10AE0000E2EE052A84ED043AA2EE040AC4E90C003D
:10AE1000C4ED052A4FF07E5084ED060AB1EE410ADA
:10AE200027EE051A84ED080A27EE040A84ED091AB4
:10AE300084ED0A0AE0632868E0606868E061A86859
:10AE4000E06206B0BDEC048BB0BD00000000000065
:10AE500010B504464FF00410C4E910042046FFF773
:10AE60008BFF204610BD000010B504464FF00411C2
:10AE700040F8401F6464F6F7DFFE204610BD000076
:10AE800082B001908DF8031001999DF8030000F045
:10AE9000010081F8380102B0704700000000000096
:10AEA000B0B52DED048B8CB004460120254605F885
:10AEB000340F95F84E02002849D068462946FCF721
:10AEC000E3FA684629469DED018AFCF7DDFAB5EE06
:10AED000000A94ED3F1A94ED402A0020002100233F
:10AEE00021EE001A22EE000AB4EE418A9DED051A09
:10AEF000F1EE10FAC8BF012094F89C22B4EE401A7B
:10AF0000F1EE10FA02F00102C8BF012184F86401D9
:10AF1000504094F89E2284F8650184F86B1102F089
:10AF2000010094F86C21484094F8A11284F86A0159
:10AF300094F8680184F8661101F0010184F8823206
:10AF400084F86901484084F86D2184F8670194ED24
:10AF5000A50AB0EEC01A9FED828BB7EEC11AB4EE0F
:10AF6000481BF1EE10FA06DA002084F8D80201201E
:10AF700084F86E0157E0B6EE001AB4EE410AF1EE25
:10AF800010FA26DD94F86E01012822D194F84002CF
:10AF900001281ED194ED2A0A9FED759A30EE090A18
:10AFA0009FED721A012084F8D80230EE010AF6F7FC
:10AFB00017FE80EE090A4CF68531C2F20041BFFE51
:10AFC000401ABBFE400A11EE100A20EE090A087072
:10AFD00025E0BEEE001AB4EE410AF1EE10FA22DAD4
:10AFE00094F86E0101281ED194F8400201281AD16C
:10AFF00094ED2A0A9FED5C1A30EE010A9FED5B1A70
:10B00000012084F8D80230EE010AF6F7E9FD9FED41
:10B01000581A80EE010ABBFE400A20EE010A002009
:10B0200084ED1E0AA4E794EDA60AB0EEC01AB7EEAE
:10B03000C11AB4EE481BF1EE10FA02DA002084F8CF
:10B04000D802B6EE001AB4EE410AF1EE10FA08DDAD
:10B0500094ED1A1A94ED3E2AB4EE421AF1EE10FA6B
:10B0600014DDBEEE001AB4EE410AF1EE10FA0ADA6F
:10B0700040F2883094ED1A2AC2F2004090ED001A96
:10B0800032EE411A0AE094ED1A1A09E040F28830D3
:10B09000C2F2004090ED002A31EE021A84ED1A1A35
:10B0A00094ED3E2AB4EE421AF1EE10FA06DCB5EE4B
:10B0B000401AF1EE10FA03DA9FED2E2A84ED1A2AD7
:10B0C00094F89C1294F8A13294F8652194F86701E1
:10B0D00001F0010585EA020184F8641103F0010121
:10B0E000954281EA000284F8682102D19FED211A7D
:10B0F0000AE0814206D140F23C30C2F2004090EDBD
:10B10000001A01E094ED3F1A94F89E2294F86A0127
:10B1100094F83E1284ED1B1A02F0010284ED1C1A11
:10B1200082EA000384ED1D1A012984F86B3108BFFF
:10B13000012B05D041B1824206D19FED0E1A01E0EC
:10B140009FED0B1A84ED1F1AD4F89402C4F8D002B4
:10B1500084EDB50A0CB0BDEC048BB0BD00BF00BFE0
:10B160009A9999999999B93F0000B4C20000344264
:10B170000000B4420000000082B001908DF803107E
:10B180008DF802208DF8013001999DF8030000F040
:10B19000010081F86F019DF8020000F0010081F8C4
:10B1A00070019DF8010000F0010081F8710102B00A
:10B1B0007047000000000000B0B52DED068B04467E
:10B1C0000120254605F8340F95F83B2195F83C11F0
:10B1D00095F83D0185F8202285F82112002A85F88E
:10B1E000220208BF002904D1002804BF002384F8EC
:10B1F0004432002A94ED3F0A9FED301A01FE008A86
:10B20000002901FE009A0028284601FE00AAB0EE9F
:10B21000480AFCF789F9B0EE490A2846FCF79CF980
:10B22000B0EE4A0A2846FCF7AFF994F8580184EDCD
:10B230001B8A84ED1C9A84ED1DAA18B994F8441257
:10B2400001291DD194ED510A94ED541A30EE410AB2
:10B25000B7EE001AB4EE410AF1EE10FA0DDB60B160
:10B260004AF653510120C2F2004184F84402002200
:10B2700084F85821087801300870BDEC068BB0BD09
:10B280000CF0A2F80DF068FC4AF6545094ED511AF7
:10B29000C2F2004031EE401AB7EE002A84ED540AA3
:10B2A0000178B4EE421A0131F1EE10FA01704FF05C
:10B2B000010084F85801D3DADFE700BF0000000086
:10B2C000B0B504460120254605F8340F95F84F0225
:10B2D00004281ED8DFE800F003A922800A0094F8B1
:10B2E0003D02B0B1022084F88302B0BD0020A4F872
:10B2F0003C024FF48031C4F8481284F85A0184F8B3
:10B30000830284F84C0284F88002C4F84102A4F855
:10B3100045022046BDE8B04000F09ABA94F84202D7
:10B32000002800F0AE802046FFF746FF94F8440264
:10B33000012840F0A58094ED3E0A284694ED9A1A23
:10B3400021EE000AFCF738F994ED260A94ED3E1A36
:10B3500094ED9A2AA2EE410A9FED891AB0EEC00A36
:10B36000B4EE410AF1EE10FA80F28A809FED830A72
:10B370002846FCF7CDF894F85A0140B9012084F82A
:10B380005A010CF021F80DF0E7FB84ED570A94ED1B
:10B390002A0AF6F725FC94ED1E1A30EE410A9FEDBD
:10B3A0007B1AB0EEC00AB4EE410AF1EE10FA67DA89
:10B3B00094ED510A94ED571A30EE410AB7EE001A97
:10B3C000B4EE410AF1EE10FA5ADB032084F883024E
:10B3D0000020A4F84402B0BD94F84102002875D0C2
:10B3E0002046FFF7E9FE94F84402012848D194ED85
:10B3F0003E0A284694ED961A21EE000AFCF7DCF886
:10B4000094ED260A94ED3E1A94ED962AA2EE410A96
:10B41000B6EE001AB0EEC00AB4EE410AF1EE10FA30
:10B420002EDA012084F88302B0BD9FED540A28462D
:10B43000FCF712F894F84B0258B994ED3E0A2846EE
:10B4400094ED9C1A20EE010AFCF7B6F8012084F86E
:10B450004B0294ED260A94F87C0294ED3E1A94ED8A
:10B460009C2AA1EE420A9FED461AB0EEC00AB4EE45
:10B47000410AF1EE10FA51DAC007002851D059D133
:10B48000B0BD204600F05CF994F845020128F7D1E0
:10B4900094ED3E0A94ED991A21EE000A2846FCF735
:10B4A0008BF894ED260A94ED992A94ED3E1AA2EEBB
:10B4B000410A9FED331AB0EEC00AB4EE410AF1EE34
:10B4C00010FADDDA012084F8420223E0204600F081
:10B4D00037F994F845020128D2D194ED3E0A94ED53
:10B4E0009B1A21EE000A2846FCF766F894ED260A1E
:10B4F00094ED9B2A94ED3E1AA2EE410A9FED201A8C
:10B50000B0EEC00AB4EE410AF1EE10FAB8DA01204A
:10B5100084F84102002084F84502B0BDC007AFD0D6
:10B5200008E00BF051FF0DF017FB84ED9E0A01209F
:10B5300084F87C020BF048FF0DF00EFB94ED9E1A90
:10B540009FED102A30EE410AB4EE420AF1EE10FAF5
:10B5500096DD9FED0D0AB4EE401AF1EE10FAD8BF59
:10B56000B0BD002084F87C0294ED430A2846FCF725
:10B5700023F8042084F88302B0BD00BF000000005F
:10B580000AD7A33CCDCCCC3ECDCCCC3DCDCC4C3E93
:10B59000B0B52DED028B04460120254605F8340F89
:10B5A00095F80F02002801D022D126E094ED3E0A42
:10B5B000284694ED961A21EE000AFBF7FDFF94ED64
:10B5C000260A94ED3E1A94ED962AA2EE410A9FEDCA
:10B5D000541AB0EEC00AB4EE410AF1EE10FA03DAE2
:10B5E000012084F8430203E094F84302C00704D02A
:10B5F0009FED4C0A2846FBF78BFF94ED2A0AF6F7DD
:10B60000EFFA9FED491A30EE010A9FED481AB0EEAD
:10B61000C00AB4EE410AF1EE10FA24DA94F84802B6
:10B6200008BB9FED430A2846FBF716FF94ED3E0A40
:10B6300094ED971A21EE000A2846FBF7BDFF94ED22
:10B64000260A94ED972A94ED3E1AA2EE410A9FED48
:10B65000341AB0EEC00AB4EE410AF1EE10FA02DA82
:10B66000012084F8480294F83C0201284DD194F856
:10B670004802012849D19FED2F0A2846FBF7ECFE2E
:10B6800094ED2B0A9FED2C1A30EE010A01209FED5C
:10B69000228B84F84902B0EEC00AB7EEC00AB4EEBD
:10B6A000480BF1EE10FA30DA94F8441284F8710184
:10B6B00049B194ED3E0A284694ED981A21EE000A0D
:10B6C000FBF77AFF02E02046FFF776FD94F844028C
:10B6D00001281AD194ED260A002094ED3E1A94ED2B
:10B6E000982AA2EE410AB0EEC00AB7EEC00AB4EE44
:10B6F000480BF1EE10FA05DA84F84402012001212A
:10B7000084F84612BDEC028BB0BD0020BDEC028B6C
:10B71000B0BD00BF00BF00BF7B14AE47E17A943FCD
:10B720000AD7A33C00003443000034C3CDCCCC3D49
:10B73000000000000000B4420000B4C2000000009D
:10B74000B0B52DED048BB6EE080A044690ED3F1A15
:10B7500004F1340590F8540221EE002A002894F8F0
:10B76000550201FE020A002894F8560284ED1B0AD5
:10B7700001FE028A0028284684ED1C8A01FE029AF6
:10B7800084ED1D9AFBF7D0FEB0EE480A2846FBF781
:10B79000E3FEB0EE490A2846FBF7F6FE94F859019D
:10B7A00018B994F8451201291DD194ED510A94ED70
:10B7B000551A30EE410AB7EE001AB4EE410AF1EE26
:10B7C00010FA0DDB60B143F208010120C2F2024120
:10B7D00084F84502002284F8592108780130087065
:10B7E000BDEC048BB0BD0BF0EFFD0DF0B5F994EDA1
:10B7F000511A012084F8590143F2090031EE401A30
:10B80000B7EE002AC2F2024084ED550A0178B4EE88
:10B81000421AF1EE10FA01F101010170D3DADFE70B
:10B8200083B002908DF80710029900919DF80700EF
:10B8300081F881029DF80700062805D0FFE70099EE
:10B84000002081F88602FFE703B070470000000087
:10B85000B0B58CB004460120254605F8340F95F8A4
:10B860004E02072854D068462946FBF70DFE08987B
:10B87000C4F8E8000998C4F8EC000A98C4F8F0008D
:10B880000B98C4F8F4000098C4F8C8000198C4F8F4
:10B89000CC000298C4F8D0000398C4F8D4000498EF
:10B8A000C4F8D8000598C4F8DC000698C4F8E00095
:10B8B0000798C4F8E400D4F8E800C4F88800D4F885
:10B8C000EC00C4F88C00D4F8F000C4F89000D4F870
:10B8D000F400C4F89400D4F8C800A066D4F8CC00F2
:10B8E000E066D4F8D0002067D4F8D4006067D4F8BC
:10B8F000D800A067D4F8DC00E067D4F8E000C4F812
:10B900008000D4F8E400C4F88400072084F88202A0
:10B9100094ED1A0A2846FBF74FFE94ED1B0A2846C1
:10B92000FBF702FE94ED1C0A2846FBF715FE94ED8A
:10B930001D0A2846FBF728FE94ED1E0A2846FBF751
:10B94000E7FD0CB0B0BD0000B0B52DED028B044694
:10B950000BF03AFD0DF000F94CF2344084ED510A41
:10B96000C2F20040F7F77CFC04F52371F7F724FDE1
:10B970004AF66150C2F2004001780131017001784D
:10B98000152906D3D4F8DC12012281F844200021C5
:10B9900001704CF67C30C2F2004001784A1E082A41
:10B9A00007D8D4F8DC22013101700C2082F8440061
:10B9B0000EE064290CD140F23833D4F8DC22C2F214
:10B9C0000043002101700721187882F84410107795
:10B9D0004AF66050C2F2004000780028606E05D040
:10B9E00018B1052180F8901000E00020D4F8DC1296
:10B9F00091ED0A0A43F6B421C2F2024184EDB80A7D
:10BA000081ED000A90F8461011B194F83E1229B960
:10BA1000042180F89010012084F83E0294ED1A1A57
:10BA200094ED260AB4EE410AF1EE10FA0CDA94ED28
:10BA30002B1A9FED6C2AB0EEC11AB4EE421AF1EE49
:10BA400010FA01DA002000E0012084F83F0294EDB2
:10BA5000441A002094F84D11B4EE410A04F1340563
:10BA6000F1EE10FAA8BF012084F8400229B920465F
:10BA700000F0C2F8082084F881024CF25C50C2F257
:10BA800000400078012835D1062084F8810294F81E
:10BA90008002012184F83410022800F091800128EE
:10BAA00000F08880002840F0958094F84C0201282E
:10BAB00040F08A80002084F8830284F88012A4F881
:10BAC0006F0184F87101A4F8540284F8560284F8D6
:10BAD0007C02C4F87802C4F85001C4F85401C4F8D8
:10BAE0005701A4F83C02C4F84102C4F84502C4F866
:10BAF00048026FE094F88102092807D8DFE800F0D7
:10BB0000460606064A0A05066A2EC0E72046FFF7E3
:10BB10009FFE5FE0606D9FED368AB0EE480A00221E
:10BB2000016884F83420C9688847A06DB0EE480ADF
:10BB30000168C9688847E06DB0EE480A0168C968C5
:10BB40008847206DB0EE480A0168C9688847206EB2
:10BB5000B0EE480A0168C96888473BE094ED3E0AA8
:10BB60002846FBF729FD94ED3E0A9FED1F1A30EEA3
:10BB7000010A94ED261AB4EE401AF1EE10FA29DA11
:10BB80009FED1A0A2846FBF767FC23E02046FFF7E3
:10BB900087F91FE094F88002022811D0012809D00B
:10BBA000C0B994F84C0201280ED1002084F8830219
:10BBB000012182E72046FFF7EBFC58B1022007E0A5
:10BBC0002046FFF77DFB05E02046FFF741FE002001
:10BBD00084F880022846BDEC028BBDE8B040FBF73C
:10BBE00073BD00BF0AD7A33C0AD7A3BC0000B44270
:10BBF0000000000000000000F0B581B02DED048BC6
:10BC0000044690F84D01002840F0058125460020AB
:10BC10009FED838A05F8340FB0EE480A286A016860
:10BC2000C9688847686AB0EE480A0168C9688847E9
:10BC3000A86AB0EE480A0168C968884795F81801F3
:10BC400040B90BF0C1FB0CF087FF84ED520A0120D4
:10BC500084F84C0194F83E0240B9606E00281CBF85
:10BC6000042180F89010012084F83E02D4F8DC0210
:10BC7000006BD0B394EDB80A05212846FBF7B4FC5D
:10BC80004CF67830C2F2004080ED000AF5F7A8FFCC
:10BC900049F6C4500521C2F2004080ED000A284652
:10BCA000FBF7DAFC266E4CF68030C2F2004096EDCF
:10BCB000091A20EE011A80ED000A06F15000B0EEDC
:10BCC000410A06F049FE96ED0A0A96ED151A9FED17
:10BCD000558A21EE000AF0EE480A86ED0E0A1FF0A2
:10BCE0003FFB30EE080A86ED0D0A94ED510A94ED03
:10BCF000521A30EE410AB0EE001AB4EE410AF1EEEB
:10BD000010FAC0F28880606D9FED478AB0EE480A55
:10BD10000168C9688847A06DB0EE480A0168C96823
:10BD20008847E06DB0EE480A0168C9688847676DCA
:10BD300007F1500097ED090A30EE000A06F00CFEFC
:10BD400097ED0A0A97ED151A9FED369A21EE000A33
:10BD5000F0EE490A87ED0E0A1FF002FBA66D30EEE9
:10BD6000090A87ED0D0A06F1500096ED091A31EE29
:10BD7000011AB0EE410A06F0EFFD96ED0A0A96EDC3
:10BD8000151A21EE000AF0EE490A86ED0E0A1FF0A0
:10BD9000E7FAE76D30EE090A86ED0D0A07F150006B
:10BDA00097ED091A31EE011AB0EE410A06F0D4FD02
:10BDB00097ED0A0A97ED151A21EE000AF0EE490AEE
:10BDC00087ED0E0A1FF0CCFA30EE090A266D87EDDA
:10BDD0000D0AB0EE480A06F1500006F0BDFD96EDE2
:10BDE0000A0A96ED151A21EE000AF0EE490A86EDD0
:10BDF0000E0A1FF0B5FA94F83E0230EE090A86EDFD
:10BE00000D0A012804D19FED080A2846FBF724FB00
:10BE1000012084F84D01BDEC048B01B0F0BD00BFE2
:10BE200000007A440000B44300000000000000005D
:10BE300082B001908DF8031001999DF8030000F085
:10BE4000010081F84C02002081F8800202B07047A6
:10BE50002DE9F04F89B004464DF66820C0F6030086
:10BE60009C4613460A46083020604EA060600025BC
:10BE7000A5600126E66026744FF0FF306561DDF8AD
:10BE800048E0A561DDF86080E56119992562139F9E
:10BE90006562DDF85490A06204F13400E662DDF8DA
:10BEA00058A084F83050DDF85CB0CDF800E00DF11A
:10BEB000080E0197149FCDE9068111461A46634684
:10BEC0008EE8800EFBF73CFD4DF644104CF2BC02B0
:10BED000C0F6030040F20111C4F868116421C2F2F7
:10BEE00000420830C4E95D124FF07C51C4F858128A
:10BEF00046F266614CF6CD4220604FF07E50C4E9B8
:10BF00005005C3F6E661C3F64C72C4E9981244F2D8
:10BF1000AE71C4F8680249F69A10C3F6E151C3F64F
:10BF2000197084F83851C4E99B1040F2005084F82D
:10BF30003C51C4F84851C0F20500A4F84C51C4E982
:10BF40005455C4F85751C4E95755C4F86451C4F85E
:10BF50006E5184F84C52C4E98F55C4E99155C4F828
:10BF60005062A4F8545284F85652C4F85C5284F8D3
:10BF70007452C4F8785284F87C52C4F88002204687
:10BF8000A4F8846284F88652C4F88852C4E9B4558F
:10BF900084F8D852C4F8DC52C4F8E05209B0BDE8C5
:10BFA000F08F00BF576561706F6E536167655F53B7
:10BFB00065747570000000004FF439711BF0B0B962
:10BFC0007047000000000000F0B581B02DED0A8B35
:10BFD000B7EE008A04464FF610560025CFF6FF76DE
:10BFE0009FED3A9A9FED3AAA01209FED3ABA84F864
:10BFF000100384F8D45609E001210520BC3687F8E7
:10C00000440687F8481687F847565AD0A719D7F834
:10C010001C06A7F88C56C7F8B856C7F8BC5618B314
:10C020000168496A884707F5D26107F29462D7F838
:10C030001C0681ED000A82ED000AB0EE490AC8B183
:10C0400007F2146191ED000A0168B5EE400AF1EEC5
:10C0500010FAC96A08FE00CA884720EE0A0A80EE74
:10C060000B0A2CEE000A05E0C7F89056B0EE490A1C
:10C07000C7F8945607F5D360C7F89C56C7F8A05682
:10C0800080ED000A97F82406C7F8B0560128C7F8D3
:10C09000B35687F84556D7F83C06C7F84956C7F84F
:10C0A0004D56C7F85056C7F85456C7F85856C7F8F3
:10C0B0005C06A1D1D7F8280600289DD000200021D9
:10C0C0009CE70020BDEC0A8B01B0F0BD0000000031
:10C0D000DB0FC9400000B44305F03EFD0000000046
:10C0E00070B52DED028B002900F284611FD09FED09
:10C0F000DD2A90EDB13A20EE020A20EE825A23EEBC
:10C10000024A9FEDD93A80EE036A85EE030A9FED5D
:10C11000D75A84EE034A36EE406AB4EE456AF1EE31
:10C1200010FA17DD9FEDD27A36EE076A1BE082ED3A
:10C13000000A00F5367283ED001A002380F8943669
:10C140004B61382180F89C361046E4F726FBBDECA5
:10C15000028B70BD9FEDE17AB4EE476AF1EE10FA02
:10C1600001DA36EE026A9FEDDF7A64EE070A24EE0A
:10C17000474A86FE607AB4EE464AF1EE10FA34FE83
:10C18000074A30EE040AB4EE450AF1EE10FA04DD77
:10C190009FEDD34A30EE040A08E09FEDD04AB4EE9A
:10C1A000440AF1EE10FA01DA30EE020A20EE030A38
:10C1B00090F89466B7EE008A80EE024A9FEDCA0AB4
:10C1C000A6B191ED055A90EDB37A34EE456ADFEDF4
:10C1D000C70A87FE487AB4EE606AF1EE10FA80F280
:10C1E000218187FE007ADFEDC30A09E0B0EE445AF0
:10C1F000012680F8946681ED054A1FE036EE036A59
:10C20000B4EE606AF1EE10FA14DA36EE036AB4EEB8
:10C21000606AF1EE10FA0DDA36EE036AB4EE606A87
:10C22000F1EE10FABEBF36EE036AB4EE606AF1EECC
:10C2300010FAE3DBA7EE065A81ED055A82ED005AAB
:10C240004FF0814681ED004A91EDEE4AC0F8D86288
:10C250001668C0F8DC6280EDB84A002692ED005AFC
:10C26000C0F8886635EE447A9FEDA05AB4EE457A60
:10C27000F1EE10FA4FDA9FED9F6A01E037EE037A94
:10C28000B4EE467AF1EE10FA14DA37EE037AB4EE31
:10C29000467AF1EE10FA0DDA37EE037AB4EE467A0A
:10C2A000F1EE10FABEBF37EE037AB4EE467AF1EE45
:10C2B00010FAE3DB90F8D46680EDBA1A27EE027A22
:10C2C00090F88246002E90F871664FF00005C0F895
:10C2D000045300FE081A002E90F8CD6680EDC01AB7
:10C2E00000FE081A002ED1F8BC63C0F8F46290F882
:10C2F000C06287EE037A80EDC21A00FE081AB442CB
:10C3000080EDB97A80EDC31AC0E9BB55C0E9BE55CE
:10C3100020D2F431D5E09FED766A37EE067AB4EE9E
:10C32000457AF1EE10FAA6DB37EE067AB4EE457ADE
:10C33000F1EE10FAA2BF37EE067AB4EE457AF1EECE
:10C3400010FA98DB37EE067AB4EE457AF1EE10FA81
:10C35000E3DA90E792ED001A80F8825631EE447AE3
:10C36000B4EE457AF1EE10FA21DBDFED610A00BF91
:10C3700037EE207AB4EE457AF1EE10FAA1BF37EE2F
:10C38000207AB4EE457AF1EE10FA37EE207AA4BFA7
:10C39000B4EE457AF1EE10FA09DB37EE207AB4EE0E
:10C3A000457AF1EE10FAE3DA01E037EE037AB4EE03
:10C3B000467AF1EE10FA14DA37EE037AB4EE467AE2
:10C3C000F1EE10FA0DDA37EE037AB4EE467AF1EEBA
:10C3D00010FABEBF37EE037AB4EE467AF1EE10FAE9
:10C3E000E3DB27EE025A90F89C1600F53B75012915
:10C3F00085EE036A90EDB45AB0EEC55AB0EEC66A47
:10C4000038D190EDB57A0024B0EEC77A87FE055A90
:10C41000B4EE456AB0EE405AF1EE10FA4BDB80F80C
:10C420009C462CE0DFED321A36EE216AB4EE606AEB
:10C43000F1EE10FAA1BF36EE216AB4EE606AF1EEB9
:10C4400010FA36EE216AA4BFB4EE606AF1EE10FA7B
:10C45000FFF6C7AE36EE216AB4EE606AF1EE10FA6E
:10C46000E2DABEE60000B443DB0FC940000034430B
:10C470000000B4C3B4EE456AF1EE10FA15DD21EE0A
:10C48000020A00F51B7124EE021A044608461E46F5
:10C4900080EE030AC1EE030AF7F79EFA204694F8ED
:10C4A00082463346B0EE485A05E0B0EE405A0024CA
:10C4B000012180F89C1683ED000A194680EDBF5AD1
:10C4C0002B4691ED000A83ED000A80EDBC0A611C49
:10C4D00080F88216BDEC028B70BD00BF000034C333
:10C4E0000000B4C36F12833A00000000DB0F494024
:10C4F000DB0FC9C0DB0F49C02DE9F0412DED0A8BE0
:10C50000002900F2846400F0968094ED001A9FEDFB
:10C51000E3BA94EDEE2A002131EE420AC0F8D812B7
:10C5200080EDB71A80EDB82AB4EE4B0AF1EE10FA9E
:10C5300080F295809FEDDA8AB4EE480AF1EE10FAA7
:10C540001DDA9FEDD83A30EE030AB4EE480AF1EE58
:10C5500010FA14DA30EE030AB4EE480AF1EE10FADB
:10C56000BEBF30EE030AB4EE480AF1EE10FA06DA66
:10C5700030EE030AB4EE480AF1EE10FAE3DB9FED69
:10C58000CAAAD0F8881620EE0A0A9FEDC69AD4F8F7
:10C59000BC73C0F8F47290F8D476B7EE00CA80EE9F
:10C5A000090AF5EE400A80EDB90A00EE101A002FD4
:10C5B00090F871764FF00005C0EDBA0AB8EE400A67
:10C5C000C0F8FC5280EDBE0A9FEDB80A00FE0C3A9E
:10C5D000002F90F8CD7680EDC03A00FE0C3AC0F8FE
:10C5E0000453002F80EDC23AC0E9BB5500FE0C4A4F
:10C5F000F1EE10FA80EDC34A52D1002900F0B38069
:10C6000090F894760139C0F88816002F84ED002A3E
:10C6100000F0B68094ED051A90EDB33A32EE412A5F
:10C6200083FE4C3AB4EE4B2AF1EE10FA80F26D81A3
:10C6300083FE000AACE082ED000A00F53672C3ED1D
:10C64000000A002180F89416616180F89C16382158
:10C650001046E4F7A2F8BDEC0A8BBDE8F0819FED2F
:10C66000943A00BF30EE030AB4EE4B0AF1EE10FA32
:10C67000A1BF30EE030AB4EE4B0AF1EE10FA30EE31
:10C68000030AA4BFB4EE4B0AF1EE10FAFFF652AF64
:10C6900030EE030AB4EE4B0AF1EE10FAE2DA49E7A3
:10C6A00084ED002A4FF07E5182ED002AC3ED000A8E
:10C6B000C0F8D81294EDEE0A65611168C0F8DC127A
:10C6C00080EDB80AD0F8C81292ED001AC0F88816AA
:10C6D00031EE400A80F8945680F89C56B4EE4B0A2E
:10C6E000F1EE10FA21DB9FED721A00BF30EE010A65
:10C6F000B4EE4B0AF1EE10FAA1BF30EE010AB4EE2F
:10C700004B0AF1EE10FA30EE010AA4BFB4EE4B0A68
:10C71000F1EE10FA09DB30EE010AB4EE4B0AF1EE4D
:10C7200010FAE3DA01E030EE090AB4EE480AF1EE5D
:10C7300010FA80F2A08030EE090AB4EE480AF1EE59
:10C7400010FA80F2988030EE090AB4EE480AF1EE51
:10C7500010FABEBF30EE090AB4EE480AF1EE10FA44
:10C7600080F28980DFE790F8821682ED001A90F857
:10C77000C072B94280F09E8004F1F4051E464AE181
:10C78000012780F8947684ED052A21E032EE092A0B
:10C79000B4EE482AF1EE10FA14DA32EE092AB4EEB9
:10C7A000482AF1EE10FA0DDA32EE092AB4EE482AE0
:10C7B000F1EE10FABEBF32EE092AB4EE482AF1EECD
:10C7C00010FAE3DBA0EE021A84ED051AB0EE412A5E
:10C7D00082ED002A00271F604FF08047C0F8D87212
:10C7E00094EDEE0A1768C0F8DC7280EDB80A92ED9D
:10C7F000001A31EE400AB4EE4B0AF1EE10FA20DBDB
:10C800009FEDB81A30EE010AB4EE4B0AF1EE10FAC1
:10C8100017DB30EE010AB4EE4B0AF1EE10FAA2BFBC
:10C8200030EE010AB4EE4B0AF1EE10FA09DB30EEFD
:10C83000010AB4EE4B0AF1EE10FAE3DA01E030EE51
:10C84000090AB4EE480AF1EE10FA14DA30EE090AD9
:10C85000B4EE480AF1EE10FA0DDA30EE090AB4EE41
:10C86000480AF1EE10FABEBF30EE090AB4EE480AEB
:10C87000F1EE10FAE3DB20EE0A0A80EE090A80ED01
:10C88000B90A00EE101A1A68C0F8F022B8EE400A91
:10C8900080EDBE0ABDEC0A8BBDE8F081DB0F49409C
:10C8A000DB0F49C0DB0FC9400000B44300000000AB
:10C8B000DB0FC9C094EDEE2A002131EE423A80F838
:10C8C0008216B4EE4B3AF1EE10FA41DB9FED854A49
:10C8D00033EE043AB4EE4B3AF1EE10FAA1BF33EE68
:10C8E000043AB4EE4B3AF1EE10FA33EE043AA4BF38
:10C8F000B4EE4B3AF1EE10FA2ADB33EE043AB4EE22
:10C900004B3AF1EE10FAE3DA22E09FED764A00BFEF
:10C9100032EE042AB4EE4B2AF1EE10FAA1BF32EE49
:10C92000042AB4EE4B2AF1EE10FA32EE042AA4BF28
:10C93000B4EE4B2AF1EE10FAFFF67AAE32EE042A8C
:10C94000B4EE4B2AF1EE10FAE2DA71E633EE093A70
:10C95000B4EE483AF1EE10FA14DA33EE093AB4EED6
:10C96000483AF1EE10FA0DDA33EE093AB4EE483AED
:10C97000F1EE10FABEBF33EE093AB4EE483AF1EEEA
:10C9800010FAE3DB23EE0A3A90F89C1600F53B76AA
:10C99000012983EE094A90EDB43AB0EEC33AB0EE05
:10C9A000C44A10D190EDB55A0021B0EEC55A85FEAB
:10C9B000033AB4EE434AB0EE403AF1EE10FA25DB0A
:10C9C00080F89C1604E0B4EE434AF1EE10FA17DD4D
:10C9D00021EE0A0A00F51B7122EE0A1A804608466B
:10C9E0001F4680EE090A1546C1EE090AF6F7F4FF64
:10C9F00098F882162A463B464046B0EE4C3A05E08F
:10CA0000B0EE403A012180F89C16002183ED000A27
:10CA10001D4680EDBF3A2F683760002794EDEE0A7F
:10CA2000C4F24007C0F8D8721768C0F8DC7280ED15
:10CA3000B80A013192ED001A80F8821631EE400AF0
:10CA4000B4EE4B0AF1EE10FA21DB9FED261A00BF7F
:10CA500030EE010AB4EE4B0AF1EE10FAA1BF30EE4F
:10CA6000010AB4EE4B0AF1EE10FA30EE010AA4BF4F
:10CA7000B4EE4B0AF1EE10FA09DB30EE010AB4EE27
:10CA80004B0AF1EE10FAE3DA01E030EE090AB4EEF7
:10CA9000480AF1EE10FA14DA30EE090AB4EE480A48
:10CAA000F1EE10FA0DDA30EE090AB4EE480AF1EEB2
:10CAB00010FABEBF30EE090AB4EE480AF1EE10FAE1
:10CAC000E3DB20EE0A0A80EE090A80EDB90A196854
:10CAD000C0F8F0120021C0F8F812BDEC0A8BBDE8D6
:10CAE000F08100BFDB0FC9C0F0B581B02DED028B26
:10CAF0000D460126A1F884600027C1F8B470D1F872
:10CB0000B8100131C5F8B810072185F83C106969E3
:10CB100004462F6585F84070C5E91877AF6611B3F4
:10CB20009FED148A0868B0EE480AC268084690472C
:10CB30006869B0EE480A0168C0F89470C0E92177CE
:10CB4000C0E92377C0E93277C0E9347780F88060A4
:10CB5000C0E94677C0E93977C0E93B77876480F858
:10CB60002861C968884784F8D466BDEC028B01B09F
:10CB7000F0BD00BF000000002DE9F04F81B02DEDA9
:10CB8000108B064690F81C074FF0FF3506F5D86469
:10CB900096F83871B0EE41AA55FA80F0B0EE609A7E
:10CBA000B0FA80F0B0EE408A55FA87F796F839511E
:10CBB000B7FA87F7400960EA05007F0900EA07092C
:10CBC0001F46B9F1010F90468B46D4ED3B0A28D1A0
:10CBD00006F59E70B0EE480A06F5DB6190EC061A89
:10CBE0000BF052FA8BED000A06F59E70B0EE490A82
:10CBF000D4ED3C0A06F2E46190EC061A0BF044FA1C
:10CC000088ED000A06F5AA70B0EE4A0AD4ED3D0A96
:10CC100006F5DE6190EC061A0BF036FAB0EE40AA8B
:10CC20005FE138EE600A96ED5F2A96ED601AB5EE88
:10CC3000400AF1EE10FA10DDF5EE400AF1EE10FABE
:10CC40000BDD9FEDE41A22EE011AB4EE410AF1EE7B
:10CC500010FA4FDD30EE812A57E0B5EE400A002091
:10CC6000F1EE10FA4FF00001F5EE400AB8BF0121D5
:10CC7000F1EE10FAB8BF01200142E2D1F5EE400A10
:10CC8000F1EE10FADDD0F5EE400A0020F1EE10FAD8
:10CC9000B5EE400A4FF00002B8BF0120F1EE10FAE5
:10CCA000F5EE400A4FF00003B8BF0122F1EE10FA92
:10CCB000C8BF01230021B5EE400AF1EE10FAC8BF4B
:10CCC00001211A4203D1B0EE482A08401DD09FED41
:10CCD000C12A21EE423A21EE021AB4EE430AF1EEE5
:10CCE00010FA10DBB0EE482AB4EE410AF1EE10FA69
:10CCF000B0DC0AE0B1EE412AB4EE420AB0EE482AB6
:10CD0000F1EE10FA01DA30EEC12A8BED002A94ED33
:10CD10003C0A96ED5F3A39EE401A96ED602AB5EE80
:10CD2000401AF1EE10FA10DDB5EE400AF1EE10FAFD
:10CD30000BDD9FEDA82A23EE022AB4EE421AF1EE93
:10CD400010FA4FDD30EE023A57E0B5EE401A0020FF
:10CD5000F1EE10FA4FF00001B5EE400AB8BF012124
:10CD6000F1EE10FAB8BF01200142E2D1B5EE400A5F
:10CD7000F1EE10FADDD0B5EE400A0020F1EE10FA27
:10CD8000B5EE401A4FF00002B8BF0120F1EE10FAE4
:10CD9000B5EE400A4FF00003B8BF0122F1EE10FAE1
:10CDA000C8BF01230021B5EE401AF1EE10FAC8BF4A
:10CDB00001211A4203D1B0EE493A08401DD09FED3F
:10CDC000853A22EE434A22EE032AB4EE441AF1EEEB
:10CDD00010FA10DBB0EE493AB4EE421AF1EE10FA56
:10CDE000B0DC0AE0B1EE423AB4EE431AB0EE493A92
:10CDF000F1EE10FA01DA30EE423A88ED003A94EDA5
:10CE00003D0A96ED622A3AEE401A96ED613AB5EE89
:10CE1000401AF1EE10FA10DDB5EE400AF1EE10FA0C
:10CE20000BDD9FED6C2A23EE022AB4EE421AF1EEDE
:10CE300010FA4DDD30EE02AA53E0B5EE401A0020A4
:10CE4000F1EE10FA4FF00001B5EE400AB8BF012133
:10CE5000F1EE10FAB8BF01200142E2D1B5EE400A6E
:10CE6000F1EE10FADDD0B5EE400A0020F1EE10FA36
:10CE7000B5EE401A4FF00002B8BF0120F1EE10FAF3
:10CE8000B5EE400A4FF00003B8BF0122F1EE10FAF0
:10CE90004FF00001B5EE401AC8BF0123F1EE10FAC1
:10CEA000C8BF01211A4208BF10EA010019D09FED46
:10CEB000493A22EE434A22EE032AB4EE441AF1EE36
:10CEC00010FA0CDBB4EE421AF1EE10FAB2DC08E014
:10CED000B1EE423AB4EE431AF1EE10FA01DA30EE56
:10CEE00042AA87ED00AA29EE090A98ED001A9BEDE7
:10CEF000002A21EE011A9FED38EAA8EE080A96ED05
:10CF0000713A9FED34FAB0EE4EAAA2EE021A96EDF7
:10CF1000702AC2FE0ECA9FED31DA83FE0E2AD6EDCC
:10CF2000638AF1EEC0AA00203CEE8F0AC4ED01AA8C
:10CF3000B4EE6C2A86F8CC06F1EE10FAB1EEC1BA66
:10CF4000206172FE00BA84ED02BAF4EE4DAAF1EE51
:10CF500010FA07DDB0EE490AF0EE480A1EF002F8BA
:10CF6000B0EE40AA96F8BD0680B9B4EE4DBAF1EE27
:10CF700010FA0BDD98ED000ADBED000A1DF0F2FF60
:10CF800084ED000A012086F8BD0600E020B194ED92
:10CF9000000A4FF0010A07E0D4ED3B0A94ED3C0A89
:10CFA0001DF0E0FF4FF0000AF4EE4DAA9FED0CCA11
:10CFB000F1EE10FADFED0B9A3EDD3AEE401A9FEDEE
:10CFC0000A2AB4EE421AF1EE10FA80F2A7809FED21
:10CFD000072A0FE06F12833A00000000BD37863544
:10CFE000DB0FC9400000B443DB0F4940DB0F49C0F1
:10CFF00031EE0C1AB4EE421AF1EE10FA14DA31EEF8
:10D000000C1AB4EE421AF1EE10FA0DDA31EE0C1AE7
:10D01000B4EE421AF1EE10FABEBF31EE0C1AB4EEC5
:10D02000421AF1EE10FAE3DBB0EEC11A21EE291A32
:10D0300081EE0C1A84ED041A96F8BC76012F0ED1FD
:10D04000F4EE6BAA0025F1EE10FA04DAB4EE6BBA36
:10D05000F1EE10FA14DB86F8BC56002710E0F4EE6F
:10D060006CAA0025F1EE10FA0ADCB4EE6CBAF1EE0F
:10D0700010FA05DC0127012586F8BC7686F8CC7607
:10D08000B4EE4DBAF1EE10FA28DDB9F1000F2ED151
:10D0900096F8280201282AD196ED8D1AB5EE401A8D
:10D0A000F1EE10FA31FE2B1AF4EE41AAF1EE10FA6D
:10D0B0001DDDF0EE40AAB0EE490AF0EE480A1DF080
:10D0C00051FF30EE6A0A9FEDCA1AB4EE410AF1EE42
:10D0D00010FA80F26D819FEDC81A0BE10020CBF8A9
:10D0E0000000C8F8000086F8BD062060DAE00020E5
:10D0F00086F8CD0697B315B9022086F8CC06BAF1AA
:10D10000000F00F0CF8094ED000A1AF0DBFA2BEE4E
:10D11000000A8BED000A94ED000ABDE09FEDB53AE0
:10D1200031EE031AB4EE421AF1EE10FAA1BF31EE5D
:10D13000031AB4EE421AF1EE10FA31EE031AA4BF4C
:10D14000B4EE421AF1EE10FAFFF641AF31EE031AD7
:10D15000B4EE421AF1EE10FAE2DA38E788FE8E0AEF
:10D16000DBED000A20EE0C0A80EE290A20EE0F8A81
:10D1700098ED000A1DF0F6FEBAF1000F04D184ED1F
:10D18000000A012086F8BD06B4EE4D8AF1EE10FAD1
:10D1900076DD94ED003A9FED961A30EE430AB4EE38
:10D1A000410AF1EE10FA80F282809FED932A01E0AD
:10D1B00030EE0C0AB4EE420AF1EE10FA14DA30EE58
:10D1C0000C0AB4EE420AF1EE10FA0DDA30EE0C0A57
:10D1D000B4EE420AF1EE10FABEBF30EE0C0AB4EE25
:10D1E000420AF1EE10FAE3DBB1EE484A80FE485AFB
:10D1F000B4EE404AF1EE10FA34FE050A33EE000AAE
:10D20000B4EE410AF1EE10FA20DB9FED7A3A30EEEF
:10D21000030AB4EE410AF1EE10FA17DB30EE030A0E
:10D22000B4EE410AF1EE10FAA2BF30EE030AB4EEFA
:10D23000410AF1EE10FA09DB30EE030AB4EE410ABE
:10D24000F1EE10FAE3DA01E030EE0C0AB4EE420A35
:10D25000F1EE10FA14DA30EE0C0AB4EE420AF1EEF6
:10D2600010FA0DDA30EE0C0AB4EE420AF1EE10FAC2
:10D27000BEBF30EE0C0AB4EE420AF1EE10FAE3DB68
:10D2800084ED000AB0EE408A1AF01CFA2BEE000A78
:10D290008BED000AB0EE480A1AF08EFB2BEE000A66
:10D2A00088ED000ABDEC108B01B0BDE8F08F9FED5A
:10D2B000512A00BF30EE020AB4EE410AF1EE10FA34
:10D2C000A1BF30EE020AB4EE410AF1EE10FA30EEE0
:10D2D000020AA4BFB4EE410AF1EE10FAFFF665AF00
:10D2E00030EE020AB4EE410AF1EE10FAE2DA5CE73F
:10D2F00030EE0C0AB4EE410AF1EE10FA14DA30EE18
:10D300000C0AB4EE410AF1EE10FA0DDA30EE0C0A16
:10D31000B4EE410AF1EE10FABEBF30EE0C0AB4EEE4
:10D32000410AF1EE10FAE3DBB0EEC00A96ED8B1A7B
:10D330009FED323AB5EE401A96ED8C2AF1EE10FAD6
:10D34000B8BFB0EE431A96F8CD0620EE290A9FED3D
:10D350002C3AB5EE402AF1EE10FAB8BFB0EE432AEF
:10D36000002880EE0C0A4FF0000001FE021AB4EE15
:10D37000410AF1EE10FAA8BF012086F8CD06FFF6AB
:10D38000B9AEB0EE4A0A1AF09DF92BEE000A8BED09
:10D39000000AB0EE4A0A1AF00FFB2BEE000A4FF417
:10D3A000807088ED000AA6F8BC0684ED00AA79E733
:10D3B0009FED102A30EE020AB4EE410AF1EE10FAA7
:10D3C000A1BF30EE020AB4EE410AF1EE10FA30EEDF
:10D3D000020AA4BFB4EE410AF1EE10FAFFF67BAEEA
:10D3E00030EE020AB4EE410AF1EE10FAE2DA72E629
:10D3F000DB0F4940DB0FC9C0DB0F49C0000007430A
:10D400000000D242000000002DE9F04F81B02DED68
:10D41000108B96B0884601F22C45B0211646044682
:10D42000E3F7BBF996ED019A96ED00AA29EE090AF9
:10D43000A14600204FF07E5149F8C00FAAEE0A0A1B
:10D44000C9F8041049E9041149E9021198F8BD1618
:10D4500089F80800C9E90300B1EEC08A012989F8FA
:10D46000140002D195EDA5BA17E095EDE10AD5EDCE
:10D47000E00A20EE001A9FEDBC2AA0EEA01AB1EE41
:10D48000C11AB4EE421AF1EE10FA04DD1DF06AFD85
:10D49000B0EE40BA01E09FEDB5BA9FEDB30AA9F135
:10D4A000A0001090A9F190000F90A9F17007A9F1C8
:10D4B00030001190B4EE408A4FF0000AF1EE10FAFD
:10D4C0004FF0000040F3898098F82802012840F0CE
:10D4D000838098ED8D0AB5EE400AF1EE10FA13DC68
:10D4E00098ED700A9FEDA11A98ED712A80FE010A4D
:10D4F00082FE011A9FEDD82A30EE022AB4EE401ABD
:10D50000F1EE10FA31FE020AB4EE408AF1EE10FAA2
:10D5100062DDB0EE490AF0EE4A0A1DF023FD30EE5E
:10D520004B0A9FEDE51AB4EE410AF1EE10FA81F2D2
:10D53000FB809FEDE21AB4EE410AF1EE10FA1DDA1B
:10D540009FEDDF2A30EE020AB4EE410AF1EE10FA46
:10D5500014DA30EE020AB4EE410AF1EE10FABEBF60
:10D5600030EE020AB4EE410AF1EE10FA06DA30EEBD
:10D57000020AB4EE410AF1EE10FAE3DBB0EEC00AA3
:10D580009FEDE21A9FEDE23A98ED8C2A20EE010A17
:10D5900098ED8B1AB5EE401AF1EE10FAB8BFB0EE66
:10D5A000431A98F8CD06B5EE402A9FEDDA3AF1EE2F
:10D5B00010FAB8BFB0EE432A00289FEDC13A80EEC2
:10D5C000030A4FF0000001FE021AB4EE410AF1EE28
:10D5D00010FAA8BF012000E0002098ED700ADFEDEE
:10D5E00063BA98ED881A8DED071A98ED891A8DEDBA
:10D5F000061A80FE2B9A98ED8E0A9FEDE61A3246A7
:10D6000080FE410A08F54671089106F17C010E91F1
:10D6100092F83E10D2ED10DADFEDA78AD2ED12FAC1
:10D620008DED048A129102F19C010D9198F8CD16AE
:10D63000C0FE2BCA02F18C033DEEA8CA0C93B1EEDA
:10D640006F8A92F83D300397A9F1B00BAC3698ED94
:10D650005BAA02F14C070843D2ED11EA9FED98DA7C
:10D66000DFEDCD9A08F5CB619FED94FA09919FED1E
:10D67000A7EA05920293D9070B91C0070A9000BF51
:10D6800006EB8A0090ED00BAB4EE49BAF1EE10FA5A
:10D6900012DC0B98002861D0D8F8480201285DD12F
:10D6A0000898BC210AFB0100D0ED000A90ED010AA8
:10D6B0001DF058FC5EE000BF0D990C9A0E9801EB2E
:10D6C0008A0102EB8A0200EB8A0091ED000AD2ED9A
:10D6D000000AD0ED00AA1DF045FC01E030EE290A59
:10D6E000B4EE4D0AF1EE10FA14DB30EE290AB4EE76
:10D6F0004D0AF1EE10FA0DDB30EE290AB4EE4D0AB8
:10D70000F1EE10FAA2BF30EE290AB4EE4D0AF1EEA6
:10D7100010FAE3DAB5EE400AF1EE10FA18DA30EE5C
:10D720000D0AB5EE400AF1EE10FA11DA30EE0D0AEC
:10D73000B5EE400AF1EE10FABEBF30EE0D0AB5EEBE
:10D74000400AF1EE10FA03DA30EE0D0AE2E700BF0C
:10D750008AEE8A2A04EB8A0084E000BF07EB8A0085
:10D7600090ED000A40E000BFBD37863500000000A4
:10D7700030EE290AB4EE4D0AF1EE10FA14DB30EE69
:10D78000290AB4EE4D0AF1EE10FA0DDB30EE290A4B
:10D79000B4EE4D0AF1EE10FAA2BF30EE290AB4EE53
:10D7A0004D0AF1EE10FAE3DAB5EE400AF1EE10FAA6
:10D7B00054DA30EE0D0AB5EE400AF1EE10FA4DDA09
:10D7C00030EE0D0AB5EE400AF1EE10FABEBF30EEB3
:10D7D0000D0AB5EE400AF1EE10FA3FDA30EE0D0A0E
:10D7E000E2E700BF30EE290AB4EE4D0AF1EE10FA7E
:10D7F00014DB30EE290AB4EE4D0AF1EE10FA0DDB1F
:10D8000030EE290AB4EE4D0AF1EE10FAA2BF30EE66
:10D81000290AB4EE4D0AF1EE10FAE3DAB5EE400A49
:10D82000F1EE10FA1ADA30EE0D0AB5EE400AF1EE1A
:10D8300010FA13DA30EE0D0AB5EE400AF1EE10FAE6
:10D84000BEBF30EE0D0AB5EE400AF1EE10FA05DA71
:10D8500030EE0D0AE2E700BF6F12833A04EB8A0054
:10D86000B0EE6B2A80ED000A30EE283A0BEB8A000E
:10D8700080ED002AB4EE4D3AF1EE10FA24DB33EEDF
:10D88000293AB4EE4D3AF1EE10FA1DDB33EE293AA7
:10D89000B4EE4D3AF1EE10FAA2BF33EE293AB4EEEF
:10D8A0004D3AF1EE10FA0FDB33EE293AB4EE4D3A71
:10D8B000F1EE10FAE3DA07E0DB0F4940DB0F49C075
:10D8C000DB0FC94033EE0D3AB5EE403AF1EE10FAF7
:10D8D00014DA33EE0D3AB5EE403AF1EE10FA0DDA05
:10D8E00033EE0D3AB5EE403AF1EE10FABEBF33EE2C
:10D8F0000D3AB5EE403AF1EE10FAE3DB07EB8A00A1
:10D9000090ED001A30EE410A08E000BF0000B44379
:10D91000000007430000D24230EE290AB4EE680A44
:10D92000F1EE10FA14DB30EE290AB4EE680AF1EEDB
:10D9300010FA0DDB30EE290AB4EE680AF1EE10FAA7
:10D94000A2BF30EE290AB4EE680AF1EE10FAE3DA6B
:10D95000B4EE4F0AF1EE10FA18DA30EE0D0AB4EE1A
:10D960004F0AF1EE10FA11DA30EE0D0AB4EE4F0A5A
:10D97000F1EE10FABEBF30EE0D0AB4EE4F0AF1EE32
:10D9800010FA03DA30EE0D0AE2E700BF33EE413A57
:10D9900006E000BF00003443DB0FC9C033EE293A74
:10D9A000B4EE683AF1EE10FA14DB33EE293AB4EE35
:10D9B000683AF1EE10FA0DDB33EE293AB4EE683A2C
:10D9C000F1EE10FAA2BF33EE293AB4EE683AF1EE66
:10D9D00010FAE3DAB4EE4F3AF1EE10FA18DA33EE59
:10D9E0000D3AB4EE4F3AF1EE10FA11DA33EE0D3A89
:10D9F000B4EE4F3AF1EE10FABEBF33EE0D3AB4EE8C
:10DA00004F3AF1EE10FA03DA33EE0D3AE2E700BFD7
:10DA100031EE000A0020B4EE49BAF1EE10FA60DDF2
:10DA200098F81C1200295CD031EE033A0A9830EEC7
:10DA3000414A33EE415AB0EEC44AB0EEC55A24EE24
:10DA40000E4A25EE0E5A84EE0D6A85EE0D5A48B147
:10DA500035EE2C4AB4EE464AF1EE10FA12DAB1EE87
:10DA6000424A39E00998B1EE424A10F80A0001280A
:10DA70001ED19DED076AB4EE465AF1EE10FA2BDD89
:10DA800000202EE036EE2C4A0020B4EE454AF1EE9E
:10DA900010FA26DB099A0021B4EE465AF1EE10FA8C
:10DAA00012F80A20B8BF01211143C907D7D118E0E5
:10DAB0009DED067A00200021B4EE476AF1EE10FADF
:10DAC000C8BF0120B4EE465AF1EE10FAB8BF0121EA
:10DAD00008424FF0000004D0B0EE442AB0EE430AF2
:10DAE00001201299002900F050813DEEC10A01E0A9
:10DAF00030EE290AB4EE680AF1EE10FA14DB30EECB
:10DB0000290AB4EE680AF1EE10FA0DDB30EE290AAC
:10DB1000B4EE680AF1EE10FAA2BF30EE290AB4EEB4
:10DB2000680AF1EE10FAE3DAB4EE4F0AF1EE10FAF9
:10DB300018DA30EE0D0AB4EE4F0AF1EE10FA11DAEF
:10DB400030EE0D0AB4EE4F0AF1EE10FABEBF30EE21
:10DB50000D0AB4EE4F0AF1EE10FA03DA30EE0D0AB8
:10DB6000E2E700BFB0EE4C2AB4EE4DCAF1EE10FA77
:10DB70001EDB32EE292AB4EE4D2AF1EE10FA17DB45
:10DB800032EE292AB4EE4D2AF1EE10FAA2BF32EE9F
:10DB9000292AB4EE4D2AF1EE10FA09DB32EE292AD9
:10DBA000B4EE4D2AF1EE10FAE3DA01E032EE0D2A7E
:10DBB000B5EE402AF1EE10FA14DA32EE0D2AB5EE87
:10DBC000402AF1EE10FA0DDA32EE0D2AB5EE402AB7
:10DBD000F1EE10FABEBF32EE0D2AB5EE402AF1EE9C
:10DBE00010FAE3DB32EE412A02E000BF32EE292ACE
:10DBF000B4EE682AF1EE10FA14DB32EE292AB4EE04
:10DC0000682AF1EE10FA0DDB32EE292AB4EE682A0A
:10DC1000F1EE10FAA2BF32EE292AB4EE682AF1EE34
:10DC200010FAE3DAB4EE4F2AF1EE10FA18DA32EE17
:10DC30000D2AB4EE4F2AF1EE10FA11DA32EE0D2A67
:10DC4000B4EE4F2AF1EE10FABEBF32EE0D2AB4EE5A
:10DC50004F2AF1EE10FA03DA32EE0D2AE2E700BFA6
:10DC600031EE022A32EE413A02E000BF33EE293AA9
:10DC7000B4EE683AF1EE10FA14DB33EE293AB4EE62
:10DC8000683AF1EE10FA0DDB33EE293AB4EE683A59
:10DC9000F1EE10FAA2BF33EE293AB4EE683AF1EE93
:10DCA00010FAE3DAB4EE4F3AF1EE10FA18DA33EE86
:10DCB0000D3AB4EE4F3AF1EE10FA11DA33EE0D3AB6
:10DCC000B4EE4F3AF1EE10FABEBF33EE0D3AB4EEB9
:10DCD0004F3AF1EE10FA03DA33EE0D3AE2E700BF05
:10DCE00031EE000A30EE414A02E000BF34EE294A2C
:10DCF000B4EE684AF1EE10FA14DB34EE294AB4EEC1
:10DD0000684AF1EE10FA0DDB34EE294AB4EE684AA7
:10DD1000F1EE10FAA2BF34EE294AB4EE684AF1EEF1
:10DD200010FAE3DAB4EE4F4AF1EE10FA18DA34EEF4
:10DD30000D4AB4EE4F4AF1EE10FA11DA34EE0D4A04
:10DD4000B4EE4F4AF1EE10FABEBF34EE0D4AB4EE17
:10DD50004F4AF1EE10FA03DA34EE0D4AE2E700BF63
:10DD6000B0EEC33A0020B0EEC44AB4EE443AF1EE4D
:10DD700010FAB8BF0120B4EE434AF1EE10FA38FEB3
:10DD80002F3A32FE000A2EEE832A30EE411A109905
:10DD900009F80A0001EB8A01B4EE681AF1EE10FAF4
:10DDA00081ED000A1EDB31EE291AB4EE681AF1EE9D
:10DDB00010FA17DB31EE291AB4EE681AF1EE10FAF8
:10DDC000A2BF31EE291AB4EE681AF1EE10FA09DB9F
:10DDD00031EE291AB4EE681AF1EE10FAE3DA01E036
:10DDE00031EE0D1AB4EE4F1AF1EE10FA14DA31EEEC
:10DDF0000D1AB4EE4F1AF1EE10FA0DDA31EE0D1ADB
:10DE0000B4EE4F1AF1EE10FABEBF31EE0D1AB4EEB9
:10DE10004F1AF1EE10FAE3DB0F98B0EEC10A119938
:10DE200000EB8A0001EB8A010AF1010ABAF1040F42
:10DE300080ED000A81ED002A7FF422AC98F8A00161
:10DE400098ED690A98ED6B1A9FEDA42A002898F8BE
:10DE5000A8019FEDA38A04F1340102FE000A002804
:10DE600021EE082A9FED9F3A08F20C604FF0000265
:10DE7000B1EE401AAC4603FE022A2B4680FE083A59
:10DE8000A71813ED435A13ED2F6A08EB020697ED1E
:10DE9000084A06F5C16634EE454A8518D6ED001AE3
:10DEA0008E1871EEC22A083234EE464A72EE211AFA
:10DEB00084EE087AF0EEC43AC7FE400AB4EE471A80
:10DEC000F1EE10FA71FE200AC0FEA22AF4EE610AF9
:10DED000F1EE10FA71FEA20AB4EE601AC0FEC00A9A
:10DEE000F1EE10FA71FE200A60EE881AF0EEE12AD7
:10DEF000F4EE632AF1EE10FA37FE207A34FE214A5E
:10DF000087ED187AD5ED001AF0EEC70A36EE044A0E
:10DF100087ED104A71EEC22AB4EE608AF1EE10FA73
:10DF200035EE044A16ED015A33FE206A87ED144A95
:10DF300094ED344A72EE211A85EE065A93ED006A8A
:10DF400085FE044A84ED344A13ED144A97ED095ACC
:10DF500003F5BC7335EE445A35EE465A85EE087A21
:10DF6000F0EEC53AC7FE400AB4EE471AF1EE10FAD9
:10DF700071FE200AC0FEA22AF4EE610AF1EE10FA48
:10DF800071FEA20AB4EE601AC0FEC00AF1EE10FAE9
:10DF900071FE200A60EE881AF0EEE12AF4EE632AA0
:10DFA000F1EE10FA37FE207A35FE215A87ED197A04
:10DFB000F0EEC70A36EE055A87ED115AB4EE608AC4
:10DFC000F1EE10FA34EE054A96ED005A33FE206A5F
:10DFD00087ED154A94ED344A102A85EE065A85FEDF
:10DFE000044A84ED344A7FF44BAF039F1098DFED71
:10DFF0003EDA97ED000A90ED001A31EE40AAB4EE39
:10E0000068AAF1EE10FA80F21281059E6546B4EE20
:10E010004FAA03E03AEE0DAAB4EE4FAAF1EE10FAC1
:10E0200014DA3AEE0DAAB4EE4FAAF1EE10FA0DDAB8
:10E030003AEE0DAAB4EE4FAAF1EE10FABEBF3AEED8
:10E040000DAAB4EE4FAAF1EE10FAE3DB94ED092A23
:10E0500094ED151A32EE41BA02E000BF3BEE29BA48
:10E06000B4EE68BAF1EE10FA14DB3BEE29BAB4EE66
:10E0700068BAF1EE10FA0DDB3BEE29BAB4EE68BADD
:10E08000F1EE10FAA2BF3BEE29BAB4EE68BAF1EE97
:10E0900010FAE3DAB4EE4FBAF1EE10FA17DA3BEE0B
:10E0A0000DBAB4EE4FBAF1EE10FA10DA3BEE0DBA3B
:10E0B000B4EE4FBAF1EE10FABEBF3BEE0DBAB4EEBD
:10E0C0004FBAF1EE10FA02DA3BEE0DBAE2E794ED48
:10E0D0000A3A94ED162A73EE42AA0BE00024744922
:10E0E0006F12833A0150C347BD37863500000000E8
:10E0F0007AEEA9AAF4EE68AAF1EE10FA14DB7AEE31
:10E10000A9AAF4EE68AAF1EE10FA0DDB7AEEA9AA3C
:10E11000F4EE68AAF1EE10FAA2BF7AEEA9AAF4EE24
:10E1200068AAF1EE10FAE3DAF4EE4FAAF1EE10FA73
:10E1300017DA7AEE8DAAF4EE4FAAF1EE10FA10DAA1
:10E140007AEE8DAAF4EE4FAAF1EE10FABEBF7AEE87
:10E150008DAAF4EE4FAAF1EE10FA02DA7AEE8DAA49
:10E16000E2E794ED0B4A94ED173A74EE43BA01E0FE
:10E170007BEEA9BAF4EE68BAF1EE10FA14DB7BEE8E
:10E18000A9BAF4EE68BAF1EE10FA0DDB7BEEA9BA8B
:10E19000F4EE68BAF1EE10FAA2BF7BEEA9BAF4EE83
:10E1A00068BAF1EE10FAE3DAF4EE4FBAF1EE10FAD3
:10E1B00017DA7BEE8DBAF4EE4FBAF1EE10FA10DA00
:10E1C0007BEE8DBAF4EE4FBAF1EE10FABEBF7BEEE5
:10E1D0008DBAF4EE4FBAF1EE10FA02DA7BEE8DBA98
:10E1E000E2E798F8B0011FED3FCA012806D1129866
:10E1F000002804BF02985FEAC07038D098EDC84A82
:10E2000098EDF75A84ED200A30EE440A95ED1B4A4A
:10E2100084ED211A31EE451A84ED1C0A32EE440ACF
:10E2200084ED222A84ED1D1A84ED1E0ACCE0059EA1
:10E230003AEE29AAB4EE68AAF1EE10FAFFF6E6AEBD
:10E240003AEE29AAB4EE68AAF1EE10FAA2BF3AEEAD
:10E2500029AAB4EE68AAF1EE10FAFFF6D7AE3AEEAC
:10E2600029AAB4EE68AAF1EE10FAE1DACEE698ED4A
:10E270006D4AB5EE404AF1EE10FABFDD98ED6E5AE8
:10E28000B5EE405AF1EE10FAB8D084FE0C6A94ED67
:10E29000184AB0EEC55A66EE040A98ED6F4AB1EE20
:10E2A000457AB0EEC44AC0FEC51AB4EE607AF1EE0B
:10E2B00010FAB4EE6D4A77FE210AF1EE10FA0CDD89
:10E2C0000F98F7EE002AD0ED001AC1EE841AC1FEB5
:10E2D000E21AC1FE8C1A60EEA10AD4ED191A70EE92
:10E2E000200A66EE211AC4ED200A81FEC50AB4EEAA
:10E2F000617AD8EDC81AF1EE10FA70EEE11A37FE25
:10E30000000AC4ED1C1AB4EE6D4AF1EE10FA0BDDF2
:10E31000D4ED0D0AF7EE001AC0EE840AC0FEE10A41
:10E32000C0FE8C0A20EE200AD4ED1A0A31EE001A43
:10E3300066EE200A84ED211A80FEC50AB4EE607AEA
:10E34000D8EDF70AF1EE10FA71EE600A37FE000A16
:10E35000C4ED1D0AB4EE6D4AF1EE10FA0BDD94ED3A
:10E360000E1AF7EE000A81EE041A81FE601A81FE91
:10E370000C1A20EE010A94ED1B1A32EE002A26EE4A
:10E38000011A84ED222A81FE450A95ED1B5AB4EE4E
:10E39000417AF1EE10FA32EE451A37FE000A84EDAA
:10E3A0001E1AB4EE6D4AF1EE10FA0BDD94ED0F1A61
:10E3B000B7EE002A81EE041A81FE421A81FE0C1A81
:10E3C00020EE010A33EE003A95ED4A0A129833EE38
:10E3D000400A84ED233A84ED1F0A48B9404631468D
:10E3E0003A46119B0AF0E4F998ED700A80FE0C9A07
:10E3F00098F83C02F7EE00CA96ED330A01284FF078
:10E400000000D6F8D410C5F8501288F8810626D13D
:10E4100098ED711A39EE082A81FE0C1A00210023AA
:10E42000B4EE491AF1EE10FA31FE021A96ED352AD1
:10E43000B4EE412AF1EE10FAC8BF012198F8802607
:10E44000B4EE492AF1EE10FAC8BF0123002A08BF32
:10E450000B4688F880362BB1012188F881169DED96
:10E46000048A5FE0B0EECA1A94ED0C2AB4EE490AB1
:10E470009DED048AF1EE10FAB4EE498A94ED0D3A5E
:10E4800031FE021A94ED0E4AF1EE10FAB4EE490A8A
:10E4900032FE011AB0EECB2AF1EE10FAB4EE498A40
:10E4A00032FE032AF1EE10FAB4EE490A33FE022AD4
:10E4B000B0EEEA3AF1EE10FA81FE0C1A33FE043A9D
:10E4C000B4EE498AF1EE10FAB4EE490AB0EEEB0A66
:10E4D00082FE011A34FE032A94ED0F3AF1EE10FA8F
:10E4E000B4EE498A30FE030AF1EE10FA82FE011AF8
:10E4F00098ED902A33FE000AB7EE003A22EE0D2A7C
:10E5000080FE010A82EE0E1A98ED912A82FE432ABD
:10E51000B4EE410A82FE0C0AF1EE10FA20FE030A64
:10E52000C0FE43CACDE9140013A814A915AB119A73
:10E53000CDE900104046394609F0E6FE002869D0D2
:10E54000B4EE6D8AF1EE10FA64DD9DED140A9DEDD6
:10E55000151A20EE002AA1EE012AB1EEC22AB4EE6D
:10E560006D2AF1EE10FA55DDB1EE40AAD6ED000AA3
:10E5700096ED010AB1EE419A1CF0F4FCB0EE40BAFF
:10E58000B0EE4A0AF0EE490A1CF0ECFC30EE4B0A01
:10E5900001E030EE290AB4EE680AF1EE10FA14DB5D
:10E5A00030EE290AB4EE680AF1EE10FA0DDB30EE17
:10E5B000290AB4EE680AF1EE10FAA2BF30EE290A79
:10E5C000B4EE680AF1EE10FAE3DAB4EE4F0AF1EEB7
:10E5D00010FA17DA30EE0D0AB4EE4F0AF1EE10FA27
:10E5E00010DA30EE0D0AB4EE4F0AF1EE10FABEBFAB
:10E5F00030EE0D0AB4EE4F0AF1EE10FA02DA30EE08
:10E600000D0AE2E7B0EEC00A20EE0E0A80EE0D0A17
:10E6100084ED330A96F83E0050B1B7EE000A0028A8
:10E620004FF07E50C4F8C40011D198F8710617E07D
:10E63000B0EE480A94ED331AD4ED340A404602F0A5
:10E64000D7FD96F83E0084ED310AC007EDD0F7EE15
:10E6500000CA4FF07E50C5F84002002088F87106CD
:10E660002CEE800AB7EE004A94ED252A84F8C80003
:10E6700094ED275A98F8900180FE440AC4ED2CCA04
:10E680000128C4ED2DCAC4ED2ECA80FE0C3A94EDCB
:10E69000240AC4ED2FCA20EE031A94ED260A22EEB6
:10E6A000032A20EE030A25EE033A27D1B0EEC14A31
:10E6B0000020B0EEC25AB7EE006A84FE0C4A85FE16
:10E6C000044AB0EEC05A85FE044AB0EEC35A85FE35
:10E6D000044A98ED655AB0EEC55AB4EE454AF1EEDB
:10E6E00010FAC8BF012085EE044AC007B4EE6D5A87
:10E6F00006FE044AF1EE10FA34FE064A24EE011A30
:10E7000024EE022A84ED281A24EE000A84ED292A38
:10E7100024EE031A84ED2A0A84ED2B1A16B0BDEC00
:10E72000108B01B0BDE8F08F9FED102A30EE020A89
:10E73000B4EE410AF1EE10FAA1BF30EE020AB4EED7
:10E74000410AF1EE10FA30EE020AA4BFB4EE410A1B
:10E75000F1EE10FAFEF6EDAE30EE020AB4EE410A2A
:10E76000F1EE10FAE2DAFEF7E4BE00BFDB0FC9C03B
:10E7700010B590F89C2390F8583490F814C590F890
:10E78000D0E51A43D0F8804742EA0C0300F22C424D
:10E7900043EA0E03D0F874E7DBB2C0F8ECE7B3FA53
:10E7A00083F3D0F87CE74FEA531CD0F8703711EAB6
:10E7B0000C01C0F8E837D0F87837C0F8F037C0F867
:10E7C000F4E7D0F88437C0F8F847C0F8FC37D0F841
:10E7D0008837C0F8003804D10023C2F8C433C2E936
:10E7E000EF3390EDC80A002990EDDC1AD0F87433AD
:10E7F00031EE000A90EDF71A82EDF60A92ED000A6A
:10E8000030EE010A92ED1B1A82EDF70A92ED2F0A03
:10E8100030EE010A92ED4A1A82EDF80A92ED5E0A94
:10E8200030EE010AC2F8E8335368C2F8EC33D2F88C
:10E83000C030C2F8F03382EDF90AD2F87C11C2F888
:10E84000F41309D000F5FD6100F2EC7200F5FE63EF
:10E85000BDE8104009F008BF0020C2F8C403C2E9B7
:10E86000EF0010BD000000002DE9F0412DED028BFE
:10E870000C46097F012924D10546206A08B3A18CE2
:10E88000E9F7AEFB064600280746606918BF012776
:10E8900068B394ED030AB7EE001AB5EE400A0168BA
:10E8A000F1EE10FAC96A01FE008A88479FEDE51A69
:10E8B00020EE010A9FEDE41A80EE010A28EE000A1C
:10E8C00017E0052084F83C00012084F84000616BCB
:10E8D00061650021E187C4F84210C4F84610A4F82D
:10E8E0004A10A16DE164BDEC028BBDE8F0819FEDA3
:10E8F000D70A94F8841002291AD194F885000128C7
:10E9000016D1002084F88500012184F83C10206590
:10E9100084F83D70C4F83F00C4F84300C4F84700D1
:10E9200084F84B0085F8D416BDEC028BBDE8F0816D
:10E9300094F83C20062A00F2A6810120DFE812F0BC
:10E9400007001A00420016004600A401800095F856
:10E950001003012807D1012084F83C000020206525
:10E96000C4E91000A06484F83D708CE1042084F8B0
:10E970003C0088E194ED221AB0EEC12AB7EE001AED
:10E9800094F84100B4EE412AF1EE10FA00F3D18080
:10E9900094ED252AB4EE412AF1EE10FA00F3C98075
:10E9A000002840F0C88094ED261A9FEDBF2AB4EEEF
:10E9B000421A0022F1EE10FA226500F31F819FED4A
:10E9C000B41AC0E0032084F83C005CE102294FF057
:10E9D0000001E06C20664FF0050084F83C0084F8EC
:10E9E0003F1040F046816069A4F884100028C4F804
:10E9F000B010C4F8B41000F02B810168496A884750
:10EA0000606984ED220A002884ED230A00F0268143
:10EA100094ED030AB7EE001AB5EE400A0168F1EE74
:10EA200010FAC96A01FE008A88479FED9A1A20EE03
:10EA3000010A9FED991A80EE010A28EE000A0FE103
:10EA400094ED021A94ED160A30EE012A9FED930A16
:10EA5000B1EE423AB4EE402AF1EE10FA7BDDB4EEAC
:10EA6000403AF1EE10FA1DDA9FED8A4A33EE043A8D
:10EA7000B4EE403AF1EE10FA14DA33EE043AB4EEA2
:10EA8000403AF1EE10FABEBF33EE043AB4EE403A2B
:10EA9000F1EE10FA06DA33EE043AB4EE403AF1EE53
:10EAA00010FAE3DB32EE033A9FED7E4A33EE422A60
:10EAB000B4EE442AF1EE10FA6FDA33EE411AB4EEF6
:10EAC000402AF1EE10FA1DDA9FED723A32EE032A77
:10EAD000B4EE402AF1EE10FA14DA32EE032AB4EE64
:10EAE000402AF1EE10FABEBF32EE032AB4EE402AFD
:10EAF000F1EE10FA06DA32EE032AB4EE402AF1EE15
:10EB000010FAE3DB95EDC50A9FED623A20EE030AA9
:10EB10009FED613AB0EEC22A84ED181A80EE030A26
:10EB2000B4EE402AF1EE10FA58DD012084F83F00DF
:10EB3000A9E0002860D094ED141A9FED5C2A31EE14
:10EB4000021A84ED141AA04618F83D2FBA426DD16E
:10EB500000285DD195E09FED524A9FED525A33EE69
:10EB6000043AB4EE453AF1EE10FAA1BF33EE043A9E
:10EB7000B4EE453AF1EE10FA33EE043AA4BFB4EE27
:10EB8000453AF1EE10FAFFF66AAF33EE043AB4EE0E
:10EB9000453AF1EE10FAE2DA61E79FED415A32EEC2
:10EBA000052AB4EE442AF1EE10FAFFF686AF32EEF3
:10EBB000052AB4EE442AF1EE10FAA2BF32EE052A7D
:10EBC000B4EE442AF1EE10FAFFF677AF32EE052AE2
:10EBD000B4EE442AF1EE10FAE1DA6EE702294FF0C2
:10EBE000050084F83C004FF0000084F83F0040D15D
:10EBF000214600F091FE3CE000202065A046012067
:10EC000018F83D2F88F80400BA420FD19FED201A62
:10EC100094ED0E0AB4EE401AF1EE10FA31DD02293D
:10EC20002CD128462146FDF75FFF2AE0B6FA86F090
:10EC300021464009024084F83E2002F0ADFB00B3BB
:10EC400002201CE0DB0FC9400000B44300000000BC
:10EC500000209FED0F0AC4E9220001E09FED0C0A9D
:10EC600084ED240A0020C4E92500C4F8A800C4F8F3
:10EC7000AB000120BDEC028BBDE8F081072084F8D9
:10EC80003C0088F800700020BDEC028BBDE8F081EC
:10EC900000000000DB0FC9400000B443DB0F49C097
:10ECA000DB0FC9C0DB0F494017B7D1386F12833A69
:10ECB0002DE9F04F81B02DED108BA0B0044690F8F7
:10ECC0009C0304F5926594F8582494F81435104385
:10ECD00094F8D025184394F8F0311043C2B2D4F818
:10ECE0009006002A18BF0122002818BF0120012B1E
:10ECF00081F0010384F8D42642EA030210920BD17A
:10ED000094F81427002A01BF94F8382A109B1A435C
:10ED10005FEAC27200F09C84002084F8A50684F8A3
:10ED20008D060022C4F89026C4F8A6260020C4F858
:10ED3000AC26C4F8B026C4F8B4260E90C4F8B826A1
:10ED4000B7EE00AA94F814070028B0EE4ABA40F0D3
:10ED5000A38094F8380AB0EE4ABAC00740F09C800D
:10ED600094F89801B0EE4ABA012840F0958005F277
:10ED7000945000299FED791A95ED622A90ED000AD2
:10ED8000B7EE005A01FE000A94ED673A002030EE1B
:10ED9000420AB0EEC32A9FED723AB0EEC04A22EEAC
:10EDA000030A9FED702AB4EE424A80EE043AF1EE77
:10EDB00010FAD8BF012083FE453AC007B4EE440ADA
:10EDC00005F5B36003FE053AF1EE10FA90ED004A46
:10EDD0004FF0000025FE033A002995ED635A01FE2D
:10EDE000044A34EE454AB0EEC44A80EE045AB4EE0A
:10EDF000424AF1EE10FAD8BF012085FE435AC007FF
:10EE0000B4EE440A05F29C5005FE035AF1EE10FAE6
:10EE100090ED004A4FF0000023FE053A002995EDE1
:10EE2000645A01FE044A34EE454AB0EEC44A80EE0C
:10EE3000045AB4EE424AF1EE10FAD8BF012085FE22
:10EE4000435AC007B4EE440A05F5B46005FE035A00
:10EE5000F1EE10FA90ED004A4FF0000023FE053A63
:10EE6000002901FE041A95ED654A31EE441AB0EE10
:10EE7000C11A80EE014AB4EE421AF1EE10FAD8BF80
:10EE8000012084FE432AC007B4EE410A02FE032A91
:10EE9000F1EE10FA23FE02BA04F5467B04F5C366D0
:10EEA00004F29C774FF000094FF0BC089FED2B8ACD
:10EEB0009FED2DCA4FF0000A9FED2CDA04F62420B6
:10EEC0009FED2BEA0D909FED2BFA04F6F410DFED89
:10EED0002A8A0C90DFED299A04F61420DFED20AA8F
:10EEE0000B90DFED27EA04F6E4100A9004F28C7030
:10EEF0000F9004F5C16009900AE000BFB0EE480A27
:10EF0000C96888470AF1010ABAF1040F00F09A8330
:10EF100094F814070AFB08B5012833D1686985F80D
:10EF20006D90C5F87090C5F87490C5F87890C5F8E4
:10EF30007C90C5F88090C5F8649047F82A9046F810
:10EF40002A9020B10168B0EE480AC9688847A869CC
:10EF50000028D7D00168C0F86490CFE70000000017
:10EF60006F12833ABD378635DB0F49C0DB0FC940CE
:10EF70000000B443DB0FC9C0DB0F4940000034433D
:10EF800000C8AF481098002854D094F89801B0EE0B
:10EF9000480A85F86D900128C5F88090C5E91C994C
:10EFA000C5E91E9905D106EB8A0090ED000AA0EE96
:10EFB0004B0A94F8900101280BD194ED651AB1EE3B
:10EFC000412A80FE411AB4EE402AF1EE10FA32FED8
:10EFD000010A07EB8A01A86906EB8A0285ED190A86
:10EFE00081ED000A82ED000A30B10168B0EE480AF6
:10EFF000C0F86490C968884795F83C00062800F07E
:10F00000D480052800F0C280012840F0C8806869DB
:10F0100000283FF477AF95ED030A95ED0C1AB5EE95
:10F02000400A0168F1EE10FA89680AFE000A81EED2
:10F03000000A66E794F8380A01283FF46FAF0D998B
:10F0400094F8980101EB8A01012806EB8A0091ED02
:10F05000000A07D190ED001A30EE410AA0EE0B1A1B
:10F06000B0EE410A94F8901101290BD194ED651A84
:10F07000B1EE412A80FE411AB4EE402AF1EE10FAB8
:10F0800032FE010A94ED751A81FE691A94F8A516EC
:10F09000002907EB8A01C1FE08FA00FE089A94EDE8
:10F0A000760A80ED009A0C983FEEAA1A85ED199A1F
:10F0B000B4EE6F0A81ED009AF1EE10FA50F82A00D2
:10F0C000286630FE010A0B9894F8D01150F82A00F7
:10F0D000A86680FE691A0A98F4EE40FAF1EE10FA7A
:10F0E00050F82A007FFE81DA01290F9941F82A00A1
:10F0F00014D194F89D06012810D1D4F818070928D6
:10F100000CD0D4F84802012808D195F83C00052815
:10F1100004D195F88400002800F0EC8085F86D900B
:10F12000C5E91C99C5F87890C5F87C90C5F8809021
:10F130006869B0B195ED030A95ED182AB5EE400A5D
:10F1400095ED151AF1EE10FA32EE411A01680AFE39
:10F15000000A496981EE000A20EE0E0A80EE0D0ACF
:10F160008847B0EE490A94F8A5065FFA8AF20121B1
:10F17000CDE902100E980490002320462946CDF8D0
:10F180001490CDE9009901F033FFBBE695F84000FB
:10F19000012804D195F88400002800F08080686977
:10F1A00000283FF4AFAE0168A8E695F83F000128BB
:10F1B00029D195ED020A95ED161A31EE001AB1EE3D
:10F1C000412AB4EE4C1AF1EE10FA35DC32EE0F2A79
:10F1D000B4EE682AF1EE10FA2EDB32EE0F2AB4EE0E
:10F1E000682AF1EE10FAA2BF32EE0F2AB4EE682AB6
:10F1F000F1EE10FA20DB32EE0F2AB4EE682AF1EEBF
:10F2000010FAE3DA18E0686900283FF47BAE016881
:10F21000B0EE480AC9688847686900283FF472AEB2
:10F220000168B0EE480A896888476869016890ED0E
:10F23000080A5DE032EE0D2AB4EE4C2AF1EE10FA27
:10F2400014DA32EE0D2AB4EE4C2AF1EE10FA0DDA91
:10F2500032EE0D2AB4EE4C2AF1EE10FABEBF32EEB9
:10F260000D2AB4EE4C2AF1EE10FAE3DB31EE021A6D
:10F270006869002831EE400A85ED180A3FF442AE75
:10F2800095ED031AB5EE401A95ED152AF1EE10FA38
:10F2900030EE420A0AFE011A80EE010A23E00F98BE
:10F2A00095ED020A95ED131A099900EB8A0031EEEB
:10F2B000000A85ED181A80ED000A6869002841F8F7
:10F2C0002A903FF41FAE95ED030AB5EE400A95ED86
:10F2D000131AF1EE10FA95ED152A31EE421A0AFED4
:10F2E000000A81EE000A20EE0E0A016880EE0D0A87
:10F2F000496906E694ED770A8DED080A94ED780ADF
:10F300008DED070AD5ED000A95ED010AD5ED02BA9B
:10F31000D5ED16CA1BF026FE01E030EE0F0AB4EE62
:10F320004D0AF1EE10FA14DB30EE0F0AB4EE4D0A7E
:10F33000F1EE10FA0DDB30EE0F0AB4EE4D0AF1EEED
:10F3400010FAA2BF30EE0F0AB4EE4D0AF1EE10FA39
:10F35000E3DAB5EE400AF1EE10FA17DA30EE0D0AF4
:10F36000B5EE400AF1EE10FA10DA30EE0D0AB5EE05
:10F37000400AF1EE10FABEBF30EE0D0AB5EE400ABB
:10F38000F1EE10FA02DA30EE0D0AE2E73CEEAB1ACB
:10F3900030EE410A01E030EE0F0AB4EE680AF1EEF9
:10F3A00010FA14DB30EE0F0AB4EE680AF1EE10FA30
:10F3B0000DDB30EE0F0AB4EE680AF1EE10FAA2BFD0
:10F3C00030EE0F0AB4EE680AF1EE10FAE3DAB4EEAA
:10F3D0004C0AF1EE10FA17DA30EE0D0AB4EE4C0AD0
:10F3E000F1EE10FA10DA30EE0D0AB4EE4C0AF1EE3E
:10F3F00010FABEBF30EE0D0AB4EE4C0AF1EE10FA70
:10F4000002DA30EE0D0AE2E731EE000A30EE411A80
:10F4100001E031EE0F1AB4EE681AF1EE10FA14DBC7
:10F4200031EE0F1AB4EE681AF1EE10FA0DDB31EE80
:10F430000F1AB4EE681AF1EE10FAA2BF31EE0F1AED
:10F44000B4EE681AF1EE10FAE3DAB4EE4C1AF1EE0B
:10F4500010FA17DA31EE0D1AB4EE4C1AF1EE10FA7A
:10F4600010DA31EE0D1AB4EE4C1AF1EE10FABEBFFE
:10F4700031EE0D1AB4EE4C1AF1EE10FA02DA31EE5A
:10F480000D1AE2E795F86D10B0EEC11A0F9885EDF0
:10F490001D1A00EB8A0041BB2FEE8D2A82EE0E2A48
:10F4A000B4EE421AF1EE10FA1FDC012185F86D105E
:10F4B00094F8EC1130EE6B2A85ED1C2A0129C5F871
:10F4C0007C90C5F8809015D16A699AB1C2E92199FA
:10F4D000C2E92399C2F894900123C2E93299C2E9A2
:10F4E000349995F86D1082F88030022952D00129A4
:10F4F00040F0A5809DED080A95ED1C1A80FE690A72
:10F5000085ED181A0999C5F8689095ED022A80FED4
:10F51000080A41F82A9095ED163A95ED184A20EE22
:10F520000D0A34EE433A80EE0E0AB0EEC33AB4EE62
:10F53000403A31EE020A95ED1A1A80ED000AB0EE5B
:10F54000C10AF1EE10FA85ED1E0A20DC9DED071AC6
:10F5500081FE6E1A81FE081A21EE0D1A81EE0E1A36
:10F56000B4EE410AF1EE10FA11DCE86F4FF0FF3112
:10F57000013028BF0846D4F8E4118842E867FFF458
:10F58000D7AD05F18001022085F86D004CE0C5F88B
:10F590007C90CDE52DEE8D2A05F18001C5F878909F
:10F5A00082EE0E2AB4EE421AF1EE10FA3CDD0A6841
:10F5B0004FF0FF33013228BF1A46D4F8E8319A429F
:10F5C0000A6033D395ED021A012185F86D1030EEF3
:10F5D000410A94F8EC1185ED1C0AC5F87C900129CC
:10F5E000C5F8809012D1696981B1C1E92199C1E959
:10F5F0002399C1F894900122C1E93299C1E9349963
:10F6000095ED021A81F8802095ED1C0A85ED180A07
:10F6100030EE010A80ED000A0998C5F8689040F8BC
:10F620002A90C5F8789083E5C1F8009068690028B1
:10F630003FF497AD0168B0EE480AC96890E5C5F897
:10F6400070906FE520B0BDEC108B01B0BDE8F08F7D
:10F6500005F2945294ED5B8A9FEDAC9AB0EEC8FA35
:10F6600092ED000A05F5B36228EE000A94F8A5862B
:10F6700092ED001A05F29C5228EE011A95ED62DA1D
:10F68000B0EEC00A92ED002A28EE022A05F5B46217
:10F69000B0EEC11A95ED63CA80FE090A95ED64BA11
:10F6A00095ED65AAD4F83837129381FE000AD4F894
:10F6B0004037B0EEC21A92ED002A28EE022A94F8E2
:10F6C0008D261493D4F8483781FE000A1043B0EE1B
:10F6D000C21AD4F81827571EC007D4F8342711923D
:10F6E00081FE00EAB0EE490AD4F83C271392D4F820
:10F6F00044271592D4F84C271693D4F860371C93FE
:10F70000D4F85C371B93D4F858371A93D4F854378D
:10F710001993D4F850371893D4F864371792D4F863
:10F720006827CDE91D32D4F86C071F900CD111AABF
:10F7300020460E46114601F003FF3146B0EE490A5D
:10F74000002808BF9DED130A9DED121A94EDC62AFC
:10F75000B0EE413A94EDC74AB0EE416AB0EE417A5C
:10F7600094F89801082FA0EE423A9DED112AB0EED0
:10F77000425AF0EE420AA0EE045A94EDF54A23EE06
:10F78000033AA0EE446A94EDF64AA5EE053AB0EECF
:10F79000425AA0EE045A26EE064A95ED006AA0EE03
:10F7A000467A95ED2F6AA0EE461A95ED306AA0EEE6
:10F7B000062AA5EE054A95ED015AE0EE050A27EE68
:10F7C000075AB1EEC33A21EE010AB1EEC44AA0EEE7
:10F7D000A05A83FE093AA2EE020A84FE031AB1EE91
:10F7E000C52AB1EEC00A82FE011A94ED672AB0EE76
:10F7F000C22A80FE013A9FED461A22EE012A83FEBC
:10F800000E0A2FEE022A38BFB0EE430A002894F801
:10F810003A2A09FE022A002A04BF94F83B2A5FEA2A
:10F82000C27215D094F88D2692B988B19FED394AED
:10F83000B4EE442AF1EE10FA0ADD94ED705A9FED11
:10F84000336A85FE065AB4EE453AF1EE10FA34DD1D
:10F8500094ED702A9FED2D3A94F8A50682FE032AB6
:10F86000012815D194ED714A32EE011A84FE033A53
:10F870000020B4EE423AF1EE10FA33FE011AB4EE73
:10F88000410AF1EE10FAD8BF0120B4EE410A08E0B7
:10F890000020B4EE420AF1EE10FAD8BF0120B4EE17
:10F8A000420AF1EE10FA84F8A5063FF73AAA88F06A
:10F8B000010210400E90FFF743BAB4EE45EAF1EEB4
:10F8C00010FAC5DC28EE0D3A28EE0C5A28EE0B6A29
:10F8D000B0EEC33AB0EEC55A32EE042A83FE093ABE
:10F8E00085FE033AB0EEC65A28EE0A6A85FE033A50
:10F8F000B0EEC65A85FE033AB4EE423AF1EE10FA83
:10F90000A6DD002084F8A506FFF70BBA0000000072
:10F910006F12833ABD37863510B52DED028B0C463C
:10F9200000216069A4F88410C4F8B010C4F8B410C1
:10F9300000B30168496A8847606984ED220A84ED52
:10F94000230AC8B194ED030AB7EE001AB5EE400AD7
:10F950000168F1EE10FAC96A01FE008A88479FED3E
:10F960000E1A20EE010A9FED0D1A80EE010A28EE14
:10F97000000A03E0C4E922119FED060A84ED240A7F
:10F980000020C4E92500C4F8A800C4F8AB00BDEC11
:10F99000028B10BD00000000DB0FC9400000B44323
:10F9A0002DE9F04F81B02DED108BADF5227D044691
:10F9B00090F8A40604F2344683AD012840F0088193
:10F9C00094F8D0C9BCF1010F40F02E8106F5996181
:10F9D00004F51063D4F81459002891ED000A8DED58
:10F9E000160A0ECB9F91D4F81819CDE9A02306F57D
:10F9F0009B6206F59D63CDE99D51D4F8201999913C
:10FA000006F59F6192ED000A8DED0F0A93ED000A55
:10FA10008DED100A91ED000AD4F830199691D4F8C2
:10FA20003419979106F5A161D4F82429D4F828391E
:10FA30008DED110ACDE99A2306F20C5291ED000AE0
:10FA400006F5A2618DED140A92ED000A8DED150AFE
:10FA500006F2145291ED000A06F5A4618DED130A29
:10FA600092ED000A06F22452D1ED001A06F5A861C3
:10FA70000E9192ED007A06F244510D9106F5A961BE
:10FA80000C9106F24C510B9106F5AA610A9106F20F
:10FA90005451099106F5AB610891D4F8901906F21A
:10FAA0007450D4F898299592D4F894290490CDE90B
:10FAB000931206F5AD61079106F26C51069194F828
:10FAC000C71906F5AF608DF84A12B4F8C519ADF83C
:10FAD000481206F5AE610591D4F81079039006F24C
:10FAE0007C50029006F5B06001900E989C9706F24B
:10FAF0001C57D0ED008A0D98059997ED005A90EDAE
:10FB000000FA0C9806F22C57D1ED00DA90ED00EADD
:10FB10000B980499D4F83839989306F5A36397EDB8
:10FB2000001A089F90ED00DA0A98D1ED00CA0399F7
:10FB3000D3ED000A06F5A5638DED120A06F5A66E53
:10FB400090ED00CA099897ED000A079FD1ED005A81
:10FB5000029993ED002A06F2345806F5A76306F2DF
:10FB60003C55DEED007A06F2845B624606F28C5C60
:10FB700090ED00BA94F8C40906F2945ED7ED00BA8D
:10FB800006F5B367DDF81890D1ED004A0199D8ED7C
:10FB9000006AD3ED00AAD5ED009A94F8BCA994F8B8
:10FBA000BD898DED0E0A94F8BE59D9ED00EA94F89E
:10FBB000BF399BED000AD1ED003A9CED008A9446D6
:10FBC0009EED00AA864697ED009A40F030813EE116
:10FBD000086883904868849088688590C868869093
:10FBE0000869879048698890C86A8E90886A8D9065
:10FBF000486A8C90086A8B90C8698A908869899055
:10FC0000886B9190486B9090086B8F9020462946A6
:10FC100001F096FC00286FD005F108009FED010A65
:10FC200068E000BF00000000D4F83407839094ED32
:10FC30005C0A94ED5D3AB1EE401AD4F83817B1EE93
:10FC4000434AD4F83C279DED832AD4F8400782FE2E
:10FC5000400A8491D4F844178592D4F848278690B6
:10FC6000D4F84C078791D4F850178892D4F85427C9
:10FC70008B92D4F858378C93D4F860778E97D4F859
:10FC80005C778D97D4F864778F97D4F86837909322
:10FC9000D4F86C279192CDE98901B4EE421A9DED1A
:10FCA000842AF1EE10FAB4EE424A4FF0000131FE20
:10FCB000000A869182FE431A94ED5E2AB1EE425A02
:10FCC0009DED853AF1EE10FA83FE422A8DED830A0E
:10FCD00034FE011A05F11800B4EE435A8DED841A72
:10FCE000F1EE10FACDE9871135FE020A8DED850A95
:10FCF00096EDC60A80ED000A4DAD83AA284621463E
:10FD000000F096FC17A821462A46FDF77DFB1898BF
:10FD10009F901998A0901A98A1901C989C901D985B
:10FD20009D901E989E902098999021989A90229844
:10FD30009B902498969025989790269898903E9816
:10FD400095903D9894903C9893909DF8270194F855
:10FD5000A4169DF81CA18DF84A029DF81D819DF8FE
:10FD600030C19DF81E519DED2C5A9DF81F319DED1F
:10FD70002E7ABDF825019DED301A9DF824E1ADF8ED
:10FD800048029DED170A8DED160A9DED1B0A8DEDBB
:10FD90000F0A9DED1F0A8DED100A9DED230A8DEDD2
:10FDA000110A9DED270A8DED140A9DED280A8DEDAF
:10FDB000150A9DED290A8DED130A9DED2A0A8DED98
:10FDC000120ADDED2B0AC807DDED2D1ADDED326AD2
:10FDD0009DED2F2ADDED349ADDED317A9DED36FA79
:10FDE000DDED33AA9DED38DADDED358A9DED3ABAC9
:10FDF0009DED37EADDED40EA9DED39CADDED42CA01
:10FE00009DED3B0A8DED0E0ADDED3FBADDED444A76
:10FE1000DDED41DA9DED460ADDED435A9DED488A60
:10FE2000DDED453A9DED4AAA9DED4B9A0FD0DFEDF1
:10FE3000E6BAF0EE6BEAF0EE6BDAF0EE6BCAB0EE1B
:10FE40006B0AF0EE6B3AF0EE6B4AF0EE6B5A65EE31
:10FE500088FAB7EE003A28EE244A06F5806028EECC
:10FE6000236A06F5826168EE002A06F58467CFFEF4
:10FE7000C3FAC6EDD60A84FE434A86EDD75A86FEFB
:10FE8000436AC6EDD81A82FEC33ADFEDCF2A84FE5C
:10FE9000224A86EDD97ACFFEA2FA86ED8B4A83FEFE
:10FEA000223AC6ED8AFA86ED8D3A9DED0F3A80ED45
:10FEB000003A06F590609DED103A81ED003A9DED17
:10FEC000113A87ED003A9DED0E3A80ED003A06F2C8
:10FED000A44006F5946186FE224AC4EDDEAAC0ED78
:10FEE000004A06F2AC40C1ED005A06F5956180ED7E
:10FEF000000A06F5B460C1ED003A06F586619DED95
:10FF0000140A80ED000A06F2A45081ED000A06F200
:10FF100034419DED150A80ED000A06F5B56081EDCE
:10FF2000000A06F587619DED130A80ED000A06F2CE
:10FF3000AC5081ED000A9DED120A06F23C4180EDC5
:10FF4000000A06F5886081ED000A06F5B661C0ED8D
:10FF5000000A06F24440C1ED000A06F2B45180EDF9
:10FF6000005A06F5896081ED005A06F5B761C0EDCB
:10FF7000001A06F24C40C1ED001A06F2BC5180EDA9
:10FF8000007A06F58C6081ED007A06F5B861C0ED67
:10FF900000AA06F26440C1ED00AA06F2C451C0ED09
:10FFA000009A06F58D60C1ED009A06F5B961C0EDC5
:10FFB000008A06F26C40C1ED008A06F2CC5180ED59
:10FFC00000FA06F58E6081ED00FA06F5BA6180ED63
:10FFD00000EA06F2744081ED00EA06F2D45180EDA9
:10FFE00000DA06F58F6081ED00DA06F5BB6180ED81
:10FFF00000CA06F27C4081ED00CA06F2DC5180EDB9
:020000040802F0
:1000000000BA06F58A6086ED8C4A9DED160A80EDF1
:10001000002A06F5BC60C6ED009A80ED002A06F2C3
:100020005440C6ED2F8A80ED001A06F2E45086EDAA
:100030005EFA80ED001A06F58B6081ED00BAC0ED26
:10004000007A06F5BD6084EDE02AC0ED007A06F284
:100050005C4086ED752AC0ED006A06F2EC5086ED34
:10006000021AC0ED006A06F5926086ED761AC0EDC0
:1000700000BA06F5BE60C6ED317AC0ED00BA06F2F0
:100080009440C6ED777AC0ED00EA06F2F450C6ED72
:10009000606AC0ED00EA06F59360C6ED786AC0EDCF
:1000A00000DA06F5BF60C4EDDFBAC0ED00DA06F293
:1000B0009C40C6EDDABAC0ED00CA06F2FC50C6EDAF
:1000C00001EAC0ED00CA06F2BC40C6EDDBEA80EDF5
:1000D00000AA06F59860C6ED30DA80ED009A06F2C7
:1000E000B440C6EDDCDA80ED008A9F98C4F8280899
:1000F000A098C4F82C08A198C4F830089C98C4F8BB
:1001000038089D98C4F83C089E98C4F8400899980F
:10011000C4F848089A98C4F84C089B98C4F850084A
:100120009698C4F858089798C4F85C089898C4F84A
:1001300060089398C4F8B8089498C4F8BC089598D7
:10014000C4F8C008BDF84802A4F8ED089DF84A02BA
:10015000C6ED5FCAC6EDDDCA86EDFC0A86ED90AA43
:1001600086ED919A86ED8E8A84F884A384F858A649
:1001700084F8408484F8598684F8FC5484F85A56EC
:1001800084F8B83584F85B3684F8E4A884F8E58808
:1001900084F8E65884F8E73884F8ECE884F8EF0847
:1001A00084F8F8C884F834AA84F8358A84F8365A72
:1001B00084F8373A84F871E60DF5227DBDEC108B9A
:1001C00001B0BDE8F08F00BF00000000000000009B
:1001D000F0B581B02DED068B9FEDDB9A0C46B0EEAD
:1001E000498AB0EE49AA4969054600F5926609B305
:1001F0000868426A08469047B0EE408A6069B8B124
:1002000094ED030AB7EE001AB5EE400A0168F1EE6C
:1002100010FAC96A01FE00AA88479FEDCC1A20EEA9
:10022000010A9FEDCB1A80EE010A2AEE00AA01E036
:10023000B0EE49AA96EDAA0A96EDAB1AB0EE403A96
:1002400095EDC62A95EDC74AB0EE406AB0EE407A09
:1002500095F80102A1EE423A96EDA92AB0EE425A73
:10026000F0EE420A0128A1EE045A95EDF54A23EE7C
:10027000033AA1EE446A95EDF64AA5EE053AB0EED2
:10028000425AA1EE045A26EE064A96ED006AA1EE05
:10029000467A96ED2F6AA1EE460A96ED306AA1EEF7
:1002A000062AA5EE054A96ED015AE1EE050A27EE6B
:1002B000075AB1EEC33A20EE000AB1EEC44AA0EEEE
:1002C000A05A83FE093AA2EE020A84FE031AB1EE96
:1002D000C52AB1EEC00A82FE011A94ED242A80FEDE
:1002E000010A94ED231A20D195F89D0601284FF0BC
:1002F00000001BD195ED723A9FEDC64A95ED735AF9
:1003000083FE043A85FE044A9FEDC55A33EE055A32
:10031000B4EE434AF1EE10FA34FE053AB4EE430A65
:10032000F1EE10FAD8BF012000E0002094ED163A5B
:1003300094ED184A34EE433A9FEDBA4AB4EE443A8B
:10034000F1EE10FA5ADA9FEDB94AB4EE443AF1EE02
:1003500010FA1DDA9FEDB05A33EE053AB4EE443A86
:10036000F1EE10FA14DA33EE053AB4EE443AF1EE57
:1003700010FABEBF33EE053AB4EE443AF1EE10FA8D
:1003800006DA33EE053AB4EE443AF1EE10FAE3DB66
:1003900038EE414A95F814173AEE422AB0EEC31AE5
:1003A00021B995F8381A002900F0B2800022002106
:1003B000B0EEC83A0023B0EEC40A95ED824AB0EE22
:1003C000C22AB4EE443AF1EE10FA0EDB95ED813A12
:1003D000B4EE430AF1EE10FA07DC95ED833AB4EE81
:1003E000432AF1EE10FAD8BF012394F83C70052F90
:1003F00023D194F840703A401A401FE09FED8A5A8A
:1004000033EE053AB4EE443AF1EE10FAA1BF33EE02
:10041000053AB4EE443AF1EE10FA33EE053AA4BFD1
:10042000B4EE443AF1EE10FA8DDB33EE053AB4EE59
:10043000443AF1EE10FAE3DA85E7002284F8AC10D2
:1004400095F8001284ED228A002984ED250A84EDB6
:10045000262A84ED2A1A84F8AD0084F8AE2051D003
:1004600094F88400012875D0002840F0C780002A45
:1004700000F0A780D4F8B000013028BF4FF0FF3063
:10048000D5F810128842C4F8B000C0F09D80D4F8AE
:10049000B80001260130C4F8B800072084F83C00F9
:1004A00060690027A4F88460C4F8B470276584F8F4
:1004B0004070C4E91877A76608B39FED569A0168A3
:1004C000B0EE490AC96888476069B0EE490A016818
:1004D000C0F89470C0E92177C0E92377C0E932778A
:1004E000C0E9347780F88060C0E94677C0E93977A1
:1004F000C0E93B77876480F82861C968884785F838
:10050000D46661E00020A4F88400C4E92C0078E0FF
:1005100095ED723A9FED3F5A95ED736A83FE053A69
:1005200086FE055A9FED3E6A33EE066AB4EE435AE4
:10053000F1EE10FA35FE063AB4EE430AF1EE10FA87
:100540002CDD0122012133E700000000DB0FC94050
:100550000000B44395ED851AD4F8B400B4EE410A16
:10056000F1EE10FA02DB0130C4F8B400D5F818122D
:10057000884240D3207F00264FF48171A4F8841074
:1005800001284FF00000266523D1206A00B3A18C1A
:10059000E7F726FD002818BF01201AE095EDC50AEF
:1005A0009FED1D3A20EE030A9FED1C3A0021012227
:1005B00080EE030AB4EE401AF1EE10FAC8BF012132
:1005C000F6E60020C4F8B0000020C4F8B40012E041
:1005D000002084F83D00606BE687C4F84160C4F8F1
:1005E0004560A6646065E66484F8406084F83C6019
:1005F000C4E91866A66694F8840010B1012085F855
:10060000D40684ED238A84ED24AABDEC068B01B0C8
:10061000F0BD00BF00000000DB0FC9400000B44384
:100620006F12833ADB0F4940DB0FC9C0DB0F49C0B3
:100630002DE9F0412DED088B04460D4601F5866845
:10064000002707644FF07E50C4E9117004F14C009C
:100650008C211646E0F7A1F896ED022A84F83E7048
:10066000D6E900012060B068A06030692061B069FF
:10067000A061306A2062B06AA062306B206395F896
:100680003A0AB1EE424AA7876160F168E160716998
:100690006161F169E161716A6162F16AE162716BE4
:1006A0006163B16BA163002896ED001A96ED013AE3
:1006B000D5EDC65AD5EDC74AD5EDF53AD5EDF62AB2
:1006C000D8ED181AD8ED190A98ED477A98ED486ACE
:1006D00004BF95F83B0A5FEAC07000F0CA8023EEC1
:1006E000030A9FEDEA5AA1EE010AF1EEC06A95ED08
:1006F000700A80FE050AF4EE406AF1EE10FA00F38B
:10070000B880F0EE436AF0EE417AB0EE438AB0EE84
:10071000439AB0EE41AAB0EE43BAE4EE256AE2EEA7
:10072000247AA4EE238AA4EE219AA2EE20AA66EEF1
:10073000A66AA4EE07BA28EE088AE7EEA76AF0EEEA
:10074000417A29EE099AE2EE227AAAEE0A9AF1EEAD
:10075000E66A2BEE0BAAA7EEA78AF0EE417AC6FE58
:10076000856AE2EE067AB1EEC88AA7EEA7AAC8FEAD
:10077000266AF1EEC97AC7FEA66AF1EECA7AC7FE0A
:10078000A66AF4EE406AF1EE10FA72DCD8EDC26AA5
:10079000D8EDC37AB0EE668AA7EEE58AD8EDC15AE5
:1007A000B0EE659AA7EEA49A68EE084AB0EE668AA3
:1007B000A7EEE38AF0EE653AE9EE094AE7EEA23ADF
:1007C00068EE082AB0EE668AE7EEC76AF1EEE44A00
:1007D000A7EEE18AE3EEA32AF0EE653AE7EE865A49
:1007E00026EEA66AE7EEA03A28EE087AC4FE851A3D
:1007F000F1EEE20AA5EEA56AA3EEA37AC0FEA10A75
:10080000B1EEC66AB1EEC77A87FE207A86FE076A25
:10081000B4EE406AF1EE10FA2BDD95F88D0640BB80
:1008200095ED5B6AD8ED000A95EDDD7A66EE200A5B
:1008300026EE077AD8ED2F1A66EE211AD8ED5E2A39
:10084000F0EEE00AB0EEC77A26EE226A87FE055A7D
:10085000B0EEE17AB0EEC66A80FE855A87FE055A90
:1008600086FE055AB4EE405AF1EE10FAD8BF08F5EC
:10087000417696ED025AD6ED010AB1EE456A96ED43
:10088000007A95ED5B0A0020414600BFF0EE432A56
:10089000F0EE603A51ED461AF0EE414AF0EE475A5A
:1008A00051ED447AE4EE212A2218E6EE213A51ED88
:1008B000451AE2EE214A0830E5EE215A51ED301A90
:1008C00071EEA71AC2ED1B2A62EEA26AC2ED131ADC
:1008D00023EEA38AC2ED174AC2ED235A1028E4EE94
:1008E000A46AC2ED273AA5EEA58AF0EE415AF1EED0
:1008F000E61AF0EE476AF1EEC82AC2ED1F1AC2ED01
:100900002B2A11ED158AD4ED333AD4ED344AC1FEC9
:10091000A31A51ED2F3AF0EEE33AC4ED331AC2FEBA
:10092000A41AF0EE604AC4ED341A51ED172A63EEB2
:10093000801AF0EE433AC2ED2F1AE6EE224AE4EEB8
:10094000223AD4ED352AC1FEA21A51ED162AE2EE62
:10095000225AC4ED351AE5EE226A51ED012A24EE41
:10096000A49AC2ED1C3A63EEA37AC2ED185A72EE55
:10097000882AC2ED246AC2ED142AD1ED003AE5EED0
:10098000A57AC2ED284AA6EEA69A01F5BC71F0EE52
:10099000E33AF1EEE71AF1EEC92AC2ED201AC2EDF0
:1009A0002C2AD4ED334AC1FEA41AD4ED344AC4ED46
:1009B000331AC2FEA41AC4ED341A63EE801AC2EDD3
:1009C000301AD4ED352AC1FEA21AC4ED351A7FF4CF
:1009D0005DAF95ED722A9FED661A95ED733A82FE32
:1009E000012A83FE013A9FED634A95F89D06002196
:1009F00032EE044A0022B4EE423AF1EE10FA33FE2F
:100A0000043A94ED344AB4EE434AF1EE10FAD8BFFA
:100A10000122B4EE424AF1EE10FAD8BF01210028BB
:100A200018BF114695ED705A84F83C1008D0B4EE0A
:100A3000434AF1EE10FA22DD0020C5F8A00618E0C6
:100A4000B4EE424AF1EE10FA16DC85FE011AF4EE1D
:100A5000411AF1EE10FA0FDCD5F8A026013228BFBA
:100A60004FF0FF32D5F84C329A42C5F8A02606D393
:100A7000012085F89D0602E00022C5F8A026D5F8E1
:100A80001827092A04D1002003E000BF000000005D
:100A9000084098EDB71A9FED382A21EE021A9FED13
:100AA000373AA2F1090184F83D00B1FA81F181EEF3
:100AB000031A480984F83E00B4EE421AF1EE10FA27
:100AC00022DB9FED2F3A00BF31EE031AB4EE421A3B
:100AD000F1EE10FAA1BF31EE031AB4EE421AF1EEB4
:100AE00010FA31EE031AA4BFB4EE421AF1EE10FA76
:100AF0000ADB31EE031AB4EE421AF1EE10FAE3DA31
:100B000002E000BF31EE021AB5EE401AF1EE10FA23
:100B100014DA31EE021AB5EE401AF1EE10FA0DDADF
:100B200031EE021AB5EE401AF1EE10FABEBF31EE08
:100B3000021AB5EE401AF1EE10FAE3DB98EDB82A8E
:100B4000BFEE004AB0EEC23AB5EE402AB7EE002A38
:100B500084ED101AF1EE10FA83EE000A22FE041A58
:100B600084ED110A84ED121ABDEC088BBDE8F0810A
:100B7000000000006F12833ADB0FC9400000B4434D
:100B8000DB0FC9C000000000F0B5FBB0044690F8D0
:100B90001C0704F26C67C0B294F8381194F839213C
:100BA0000128084618BF0020002A08BF084694F80C
:100BB000D516C5B28D4239D084F8D50604F5EE605D
:100BC0007821DFF7EAFD97ED380A87ED470A87EDD0
:100BD000560A0020C4F818064FF07E51C4F81C06CF
:100BE000C4F82006C4F82406C7E91B0084F8E00610
:100BF000C7E91E0084F8EC06C7E9210084F8F8066E
:100C0000A4F8BC067866A4F8CC06C4F8C006C4F8FC
:100C1000C406C4F8C806A4F870063960C7E9020023
:100C200084F8800684F88D06C4F8900694F8A466CB
:100C300036BB012D03D094F89D06C00720D0204676
:100C400007F016FCE0B1012084F8A40604F5EE607C
:100C50003C21DFF7A2FD04F2AC703C21DFF79DFDE3
:100C600097ED380A87ED470A87ED560A0020C4F849
:100C70001806C4F81C06C4F82006C4F8240602E0CE
:100C8000002E00F0AE80D4F83407009094ED5C0A9A
:100C900094ED5D3AB1EE401AD4F83817B1EE434AFC
:100CA000D4F83C279DED002AD4F8400782FE400A84
:100CB0000191D4F844170292D4F848270390D4F84D
:100CC0004C070491D4F850170592D4F85427089291
:100CD000D4F858370993D4F860670B96D4F85C675A
:100CE0000A96D4F864670C96D4F868370D93D4F854
:100CF0006C270E92CDE90601B4EE421A9DED012A51
:100D0000F1EE10FAB4EE424A0FAD31FE000A0020B7
:100D100082FE431A94ED5E2AB1EE425A9DED023AEC
:100D2000F1EE10FA83FE422A8DED000A34FE011A1C
:100D30000590B4EE435A6A46F1EE10FACDE903008D
:100D400035FE020AD7F8E0000690284621468DEDD0
:100D5000011A8DED020AFFF76BFC45AE21463046C5
:100D60002A46FCF751FB04F6FC00D4223146DFF79B
:100D7000B0FC94ED900A9FED4A1A20EE010A9FED17
:100D8000491A012084F8D00980EE010A97EDB01AC3
:100D9000B4EE401AF1EE10FA0DDA97EDB11AB4EE96
:100DA000401AF1EE10FABEBF97EDB21AB4EE401A37
:100DB000F1EE10FA09DB94F8A406C00711D004F58F
:100DC000EE603C21DFF7E9FC64E097EDB31AB4EE86
:100DD000401AF1EE10FAEEDA002084F8A40684F846
:100DE000D00994ED5C0A97ED322AB1EE401A94EDE9
:100DF0005D3A82FE400A07F58271B1EE434A07F57B
:100E00008472B4EE421A97ED332AF1EE10FAB4EE82
:100E1000424A07F5867331FE000A204682FE431AD5
:100E200094ED5E3AF1EE10FAB1EE435A97ED342AA2
:100E300074FE010A87ED320A82FE431AC7ED330AB7
:100E4000B4EE425AF1EE10FA35FE011A87ED341A6B
:100E5000FBF792FE97ED410A97ED503A97ED421A53
:100E600097ED432A97ED514A30EE430A97ED523AF7
:100E700031EE441A32EE432A9FED0B4A80EE040A0B
:100E800081EE041A87ED440A82EE040A87ED451AC2
:100E900087ED460AD7F8E000C7F81C017BB0F0BD2B
:100EA000DB0FC9400000B4436F12833A000000001A
:100EB0002DE9F0412DED0C8BD0F81867044600F2B7
:100EC000846790F8395AA6F10900B0FA80F097EDDE
:100ED0001ECA97ED1FDA97ED208A012D97ED219A12
:100EE0004FEA501816D197EDEEBAB0EE4B0A16F055
:100EF000E9FBB0EE40AAB0EE4B0A16F05DFD092EFC
:100F00000AD02DEE002A2DEE0A1A9CEE4A2A9CEEFB
:100F1000001A0CE0092E06D19FED348AB0EE481A73
:100F2000B0EE482A03E0B1EE4C2AB1EE4D1A94F827
:100F30003A2A94F8143794F83B0A84F8305783F02F
:100F40000103002142EA000684F81C1706EA0305A3
:100F500087ED272AEB0787ED281A87ED298A87ED89
:100F60002A9A84F8318787ED2C2A87ED2D1A87ED90
:100F70002E8A87ED329A02D094F88C6656B9D7F84B
:100F8000B8633E60C4F8881684F89416796184F8D2
:100F90009C1613B307F1B80807F1C80672B1B0EE9A
:100FA000490AF0EE480A0121204632464346FBF743
:100FB000A3FA94F83B0AC00703D10EE0C0B2C00701
:100FC0000BD0D7ED000A97ED210A97ED2E1A0121DB
:100FD000204632464346FBF783F805F0010084F8CB
:100FE0008C06BDEC0C8BBDE8F08100BF000000005A
:100FF0002DE9F04381B08F690C463946002F18BFA8
:1010000001210A9E154631400646012908BF002BE2
:1010100004D0002F79D00020786654E00B9A97F81E
:101020004D00002A4FF000027A664CD096F8F0216D
:10103000012A48D106F2A66896F88D1618F8059090
:1010400000290C9905D1D6F89026002A08BF00295E
:101050006AD000294FF0010108F8051009D00128D5
:1010600007D13846F1F7B0F918F80500C00700F0CD
:10107000A08096ED7D0AB9F1000FB0EEC00AD6F857
:10108000F80104D106EB85010022C1F8AC26002846
:1010900006F2AC6142D051F8252002EE100A01326E
:1010A00028BF4FF0FF32B8EE422A386801EE102A0E
:1010B000B8EE411A81EE021AB7EE002A81FE421AFA
:1010C00020EE010A2CE0701906EB850300294FF091
:1010D000000280F8A626C3F8AC2675D094ED041A59
:1010E000B7EE002AB5EE401A3868F1EE10FA8168C2
:1010F00002FE011A80EE010A9FED391A20EE010A64
:101100009FED381A80EE010A5CE0701906EB85014C
:10111000002280F8A626C1F8AC2655E038680022E7
:1011200041F8252081694DE096F8F121D20790D051
:1011300094ED170A96ED5B1AB0EEC00A9FED2A2ACD
:10114000B9F1000F20EE010A96ED701A81FE021A25
:1011500010D00020B4EE410AF1EE10FAC8BF012011
:1011600008F8050025DD96ED7D0AD6F8F801B0EE09
:10117000C00A8CE796ED713A002083FE022A9FEDAB
:101180001B3A31EE033AB4EE412AF1EE10FA32FE88
:10119000031AB4EE410AF1EE10FAC8BF012008F8B4
:1011A000050006DD96ED7D0AD6F8F801B0EEC00A1E
:1011B00068E706EB8500396800229FED0B0AC0F84E
:1011C000AC26C9683846884706EB8500E16DC0F853
:1011D0002816D0F83816C0F8481601B0BDE8F083DC
:1011E00000007042DB0FC940000000006F12833A1C
:1011F00090F85012002900F0928090ED703A9FED27
:101200005E2A90ED714A83FE025A84FE024A9FEDE7
:101210005B3A90F87016002235EE036AB4EE454A48
:10122000F1EE10FA34FE064A00294FF0000104FEE8
:10123000054AB4EE440AF1EE10FAC8BF012280F864
:10124000702672DD90ED950AB2EE084AB5EE400ABE
:1012500090ED975AF1EE10FAB5EE405A90F87116EB
:1012600030FE040A9FED464AF1EE10FA35FE044ABC
:1012700061B390ED985A00219FED426AB4EE445A52
:10128000F1EE10FAB8BF012124EE064AB5EE405A3D
:10129000C9074FF0000104FE056A90ED965AF1EE81
:1012A00010FAB4EE405A36FE044AB6EE006AF1EE89
:1012B00010FAB8BF012120EE060AB5EE405AC90760
:1012C00000FE056AF1EE10FA36FE000A0021002247
:1012D000B4EE401AF1EE10FAA8BF0122F4EE440A6F
:1012E000F1EE10FAA8BF0121114311F0010180F8BD
:1012F000711623D090ED9A0A00F26C6083EE001A0A
:101300009FED213AB4EE430A9FED210AF1EE10FA67
:1013100031FE000A90ED001A31EE400A22E0B7EEED
:10132000000A0021A0F8701603E0B7EE000A80F86A
:1013300071164FF07E51C0F86C16704790ED990A07
:1013400000F26C6083EE001A9FED0F3AB4EE430A90
:101350009FED0E0AF1EE10FA31FE000A90ED001A30
:1013600031EE000AB7EE001A80FE410A80FE020A42
:1013700080ED000A704700BF000000006F12833A42
:10138000CDCC4C3E9A99993E17B7D138CECC4C3C37
:101390008988083D000000002C20002A18BF282062
:1013A00091ED022A91ED034A0844B5EE404AF1EE70
:1013B00010FA90ED001A91ED0D3A31EE421AB7EEA7
:1013C000002A0B4631EE033A13F8420F02FE041ACC
:1013D00000EE413AD0B191ED111A9FED4C4A30EE3A
:1013E000411A9FED4B2A31EE041AB0EEC11AB4EE49
:1013F000421AF1EE10FA14DD00201881586007221D
:10140000186081F83C2081F840007047012081F885
:101410004200002081F8432081ED110A81ED123A4B
:10142000704701EE100A9FED3B5AB8EE412A91ED4C
:10143000121A81EE022A33EE423AB4EE453AF1EE48
:1014400010FA40DAB4EE443AF1EE10FA1DDA9FEDEC
:10145000335A33EE053AB4EE443AF1EE10FA14DAA8
:1014600033EE053AB4EE443AF1EE10FABEBF33EE75
:10147000053AB4EE443AF1EE10FA06DA33EE053AE4
:10148000B4EE443AF1EE10FAE3DB32EE032A013017
:1014900081F84200C0B281F8432031EE021A0328DD
:1014A00081ED110A81ED121A2DD3B0EE082A012028
:1014B00081F8400081EE021A81ED151A30EE010A22
:1014C00081ED130A70479FED146A00BF33EE063AB0
:1014D000B4EE453AF1EE10FAA1BF33EE063AB4EE9F
:1014E000453AF1EE10FA33EE063AA4BFB4EE453AAF
:1014F000F1EE10FAA6DB33EE063AB4EE453AF1EE21
:1015000010FAE3DA9EE70020704700BFDB0F49C006
:10151000920A863EDB0F4940DB0FC9C0DB0FC94092
:1015200000F2FC610622C0F81827002280F8142778
:10153000002081EC020A81ED031A704700000000D0
:1015400080B590F83A2A002A04BF90F83B2A5FEA57
:10155000C27209D090F8142732B990F8382A1AB913
:10156000D0F81827092A08D1002280F88D2600F526
:10157000D26100200860104680BD00F5866C9FEDAA
:10158000622A073A4FF0000E9CEDC20A9CEDC11A88
:1015900020EE000A0023022A4FF00002A1EE010A09
:1015A0009CEDB51AB0EEC11AB4EE421A9FED571A6F
:1015B000B1EEC03A90ED700A80FE010A38BF4FF0DC
:1015C000010EF1EE10FAC8BF0123B4EE403AF1EE7D
:1015D00010FACADC13EA0E03C7D191ED023AB0EE5D
:1015E000C33AB4EE423AF1EE10FABEDD90ED5B2A5A
:1015F0009CED004A90EDDD3A22EE044A22EE033AD9
:101600009CED2F5A22EE055AB0EEC44AB0EEC33A12
:10161000B0EEC55A83FE013A84FE033A9CED5E4A61
:1016200022EE042A85FE033AB0EEC22A82FE032A85
:10163000B4EE402AF1EE10FA45DD91ED013A91ED5C
:10164000004A23EE033AA4EE043AB1EEC33AB4EEF4
:10165000403AF1EE10FA1CDC9CEDE03A9CEDDF4ADA
:1016600023EE033A9FED2A5A30EE055AA4EE043ACF
:1016700090ED714A84FE014AB4EE404AF1EE10FA50
:10168000B1EEC33A34FE054AB4EE443AF1EE10FA34
:101690002FDD012180F88D1690ED713A83FE011A3D
:1016A0009FED1B3A30EE033AB4EE401AF1EE10FA19
:1016B00031FE030AB4EE402AF1EE10FA17DD00F510
:1016C000D261012255E790F88D1600293FF44FAF03
:1016D000D0F8FC21002A3FF447AFD0F8903600F54F
:1016E000D261934201D201330B60934207D20120B1
:1016F00080BD90F88D16C9073FF439AFCCE70022C2
:1017000080F88D2635E700BFBD3786350000000024
:101710006F12833A0000000000F2FC610722C0F85B
:101720001827002280F81427002081EC020A81ED9E
:10173000021A7047000000002DE9F04F91B00191AE
:1017400000F26C610091011D029000F59C704FF455
:101750009A72DEF7BEFF4EF29C30B7EE002AC0F65A
:1017600003004FF610515830CFF6FF714FF43B7E17
:101770004FF439764FF42B774FF425784FF42373D9
:1017800000249FEDEA0A00259FEDE91A0022069247
:10179000DDF808C010ED143ACDE904310CEB010975
:1017A000019923EE003A10ED124A4A194959C9F835
:1017B0001C1609F5C261B5EE404A83EE013AF1EE1E
:1017C00010FA81ED003A4FF07E5102FE043AC9F85A
:1017D000141609F5C361136910ED0D4A039281EDEA
:1017E000003A10ED0E3A23EE003A50F8401CC9F8CA
:1017F000281630F83C1CA9F82C1609F5C66124EE11
:10180000004A079583EE013A40F2011281ED003A59
:101810000021A9F8242609F23462C4F24821C9F84B
:10182000381640F6922184EE013ACBF6067182ED2D
:10183000003AC9F83C160A460021C9F85C2610EDAA
:10184000073A039AC9F82036C4F2A001C9F8401635
:101850000799C9F8444623EE003AC9F8484610ED06
:10186000054AC9F84C46B5EE404AC9F8504683EEE1
:10187000013AA9F88C464FF07E53C9F86046C9F882
:101880006446C9F86846C9F86C46C9F8704689F8D4
:10189000744650E9165AC9F80CA60CEB010A5168B7
:1018A000C9F8D816516909F2CC62F1EE10FAC9F8FC
:1018B0000856069DC9F854460CEB050BC9F890462E
:1018C00005F10205C9F89446C9F89846C9F8584682
:1018D000CAF85C36049B82ED003A09F2D46202FE3B
:1018E000043A90ED004A82ED003A10ED013A23EE01
:1018F000003A30F8082CA9F8E82609F2EC6224EE48
:10190000004AC9F8DC1683EE013A0CEB030182EDC4
:10191000003A09F5DE6284EE013A8BF8584682ED12
:10192000003A40F20112A9F8E0260022C4F248224F
:10193000C1F878210CEB080150F8242CC9F8C42612
:101940000022C4F2A002C1F878210CEB0701069531
:10195000079D50F8202CC1F878410CEB0601C9F81E
:10196000004706F5BC76C9F8044707F5BC77C9F807
:10197000084708F5BC78C9F80C4703F5BC73A9F80B
:1019800048470835C1F878410CEB0E01C9F8C82664
:1019900050F80C2CC1F878410599C9F8E42640F6B6
:1019A000922211F5BC710EF5BC7E00F16800C9F8F9
:1019B000B846C9F8BC464FF07E5CC9F8C046CBF6C5
:1019C0000672C9F8D0C6C9F8F826C9F81827C9F8A8
:1019D0001047C9F85047C9F87447C9F87847C9F89B
:1019E0007C47C9F81C47C9F82047C9F82447C9F8FB
:1019F0002847C9F82C4789F830478BF85946CAF868
:101A000060C67FF4C5AE029DB7EE000A009E40F2AC
:101A1000582195F83801C2F2004185F8D5064FF0FB
:101A20007E50306005F51B70002485F8704685F8FF
:101A3000D44685F88046A5F8BC46C5F8C046C5F82A
:101A4000C446C5F8C84685F8CC46C6E91B4485F8A7
:101A5000E046C6E91E4485F8EC46C6E9214485F80F
:101A6000F84685F87146C6E90244F1F7A5FF012062
:101A700085F8BC0295F83801C5F8184785F8D506F1
:101A80002846B461A5F88C46C5F8904685F894467A
:101A9000F46285F89C46A5F8BC46C5F8C046C5F872
:101AA000C446C5F8C84685F8CC46C5F8FC46C5F816
:101AB0000047C5F80447C5F80847C5F80C47C5F8FE
:101AC000104785F81447C6E91B4485F8E046C6E987
:101AD0001E4485F8EC46C6E9214485F8F846FAF735
:101AE00073FA14A01349089108AA41680991816802
:101AF0000A91C1680B9101690C9141690D9181694D
:101B00000E91C1690F91006A10904CF2D9002946DC
:101B1000C0F6010016F0E0F810B111B0BDE8F08F8A
:101B2000E3F782FC11B0BDE8F08F00BFDB0FC940C6
:101B30000000B443E1F003080000000000000000D2
:101B4000000000000000000000100000270000005E
:101B5000000000000000000086B0044600F63C20B3
:101B600005904CF2C840C2F2004003F04DFB8146A4
:101B700018F0B2FAB7EE009A04F5EE6A04F2AC7B04
:101B800000269FED888A20609FED87AA04F64420F6
:101B90009FED87BA04909FED85CA04F546700390C7
:101BA00004F57570029004F59260019004F24C50B7
:101BB00000904DE02046514684F81063FDF7F0FE9A
:101BC00020464146FDF774F820464146FCF7D0FD1B
:101BD000DAF80000CBF80000DAF80400CBF80400D3
:101BE000DAF80800CBF80800DAF80C00CBF80C00A3
:101BF000DAF81000CBF81000DAF81400CBF8140073
:101C0000DAF81800CBF81800DAF81C00CBF81C0042
:101C1000DAF82000CBF82000DAF82400CBF8240012
:101C2000DAF82800CBF82800DAF82C00CBF82C00E2
:101C3000DAF83000CBF83000DAF83400CBF83400B2
:101C4000DAF83800CBF838000121204617F000F808
:101C5000484603F01DFB059D484685ED000A03F04C
:101C600083FB4CF2344085ED010AC2F20040F1F7EB
:101C7000F7FA0499F1F7A0FBD4F81807C4F8386A0A
:101C800008281FD8DFE800F00F1E05171B0A130AEB
:101C90000500012084F83A0A14E000BF40F2011068
:101CA000A4F8390A0EE0012084F8380A0AE001207D
:101CB00084F8390A00E0012084F83B0A02E00120A0
:101CC00084F8390A2046FFF7F3F82046FEF75CFF58
:101CD00000274FF4C77584F8D4760BE006F54671FB
:101CE000204686EDDD0AFEF773FABC370135B7F5FD
:101CF0003C7F35D0E619B0EE480A216844F825103B
:101D0000D6F82C0396EDC9EA96EDDBDA30B101681E
:101D1000C96A884720EE0A0A80EE0C0AB5EE40EA4E
:101D2000D6F83003F1EE10FA09FE0E1A002801EE83
:101D300000DAB0EE480A86EDDCDACFD0016896ED25
:101D4000CADA096A8847B5EE40DA20EE0A0AF1EEEF
:101D500010FA09FE0D1A80EE0B0A21EE000ABDE70B
:101D600020460399FCF780FD074620460299FCF7C0
:101D70007BFD00EA070520460199FCF775FD05404B
:101D800020460099FCF770FD10EA05084FF00006A8
:101D90007FF410AF94F81407012808BF84F8146783
:101DA00008E700BF00000000DB0FC9400000B4439B
:101DB00000007042000000002DE9F04F81B00446A1
:101DC000002606604FF48070A0800020C4F2A000BE
:101DD00040F2000E00230022C4F2401EA060C4F2B4
:101DE0000233C4F2163262618246C4E9080EC4E9C5
:101DF0000A32C4E90F0060640020C4F84821C4F22C
:101E00004830C4F8602144F200022067C4F29C62AA
:101E1000A2674BF21771C4F8A4014DF20A70C4F81E
:101E2000AC214CF28F22C3F6A330C3F67542C4E94D
:101E30002302C4E92502C4F8C0014CF6CD45C4F81C
:101E4000C8014FF4FA70C4F8B400C3F6D101C4F865
:101E5000E80140F20110A4F8BC00C3F64C55A4F808
:101E6000F00145F20000C4F2C360C4F8C000C4F839
:101E7000F4011420C4F8C8004FF6F45CC4F8FC0167
:101E800045F62940C3F68F40C4F8D800C4F80C02C8
:101E90006420C4F8DC00C3F6545CC4F8E4000027F6
:101EA000C4F81002C4F20737C4F8180200202361F6
:101EB000C4F2D220C4E9061521634FF47A79C4F83C
:101EC00044314FF07E5BC4F85C3147F25073C4F884
:101ED0004C11C3F65653C4F8641149F69A11C4F86C
:101EE000F800C3F69961C4F82C020020C4F88010F1
:101EF000C4F29620C4E92113C4E96D110021C4F88D
:101F0000FC00C4F8300204F58670C4E90D5C0025BD
:101F1000C4F22011C4F2A025C4F8D811C4E93B755D
:101F2000C4E988750127C4F8401280E8C202002085
:101F3000C4F8C421C4E928B1C4F2C0004CF28F2116
:101F4000C4E948E0C4F858024DF20A70C3F675516E
:101F5000C3F6A350C4E94B10C4F860124FF480716B
:101F6000A4F838114CF6CD41C4F8CC215246C3F642
:101F70004C51C4F86811C4E9541204F51171C4F845
:101F800064024CF28F204BF62045C4F804A14CF6B5
:101F9000CD4AC3F6F540C4F8340181E8C002C4F864
:101FA000680204F520702421C4F80CE0C4F6BE4594
:101FB000A565C4E91255C4E9145584F85C604FF076
:101FC00080482566C3F64C6A84F86460A56684F888
:101FD0006C6084F8747084F87C60C4F86CC184F818
:101FE0009C70C4F8BC31C4E92A88C4F8B09084F865
:101FF000B870C4F8C460A4F8CC70C4E93486C4F8DE
:10200000E08084F8E87084F8F470C4F8006184F823
:10201000087184F81C61C4F840E1C4F858E1C4F8C0
:1020200054E2C4F828A1C4F83C21C4E95C22C4E904
:102030005E25C4E96055C4E9625584F89061C4F82E
:10204000945184F89861C4F89C5184F8A06184F894
:10205000A87184F8B06184F8D071C4F8D4B1C4E92F
:102060007788C4F8E49184F8EC71C4F8F861A4F8B6
:102070000072C4E98186C4F8148284F81C7284F862
:102080002872C4E98D6284F83C7284F85062C4F806
:102090005CA284F86C62DEF780FB4DF20A70392195
:1020A000C3F62340C4F8B802C4E9AB0604F53170A6
:1020B000A4F8BC62C4E9A96680E8200A4CF6CD40C9
:1020C00084F8B472C3F64C5084F8C072C4E9B40A00
:1020D00004F53670C4E99C66C4E99E66DEF75DFBD4
:1020E00040F20009002704F555703221C4E9C58685
:1020F000C4E9C766C4E9C9BBC4E9CB664FF48075BF
:10210000A4F83453C4F83863C4F24829A4F83C63F3
:10211000C4F2A007C4F84063C4E9D169C4F84C63B1
:10212000C4F85073DEF739FB04F582603221A4F85D
:102130009C634FF48078C4E9E266C4E9E466C4F8BD
:102140009863C4E9E866C4E9EA66C4F8B06384F851
:10215000B463C4E9EE66C4F8C063C4F8C363C4E9F9
:10216000F266C4E9F466C4E9F666C4E9F8BBC4E9FA
:10217000FA66A4F8F053C4F8F463A4F8F863C4E969
:10218000FF66C4F80494C4F80864C4F80C74DEF75D
:1021900004FB04F2CC403221A4F85864C4F844642F
:1021A000C4F84864C4F84C64C4F85064C4F8546477
:1021B000C4F85C64C4F86064C4F86464C4F8686417
:1021C000C4F86C6484F87064C4F87464C4F8786407
:1021D000C4F87C64C4F87F64C4F88464C4F8886478
:1021E000C4F88C64C4F89064C4F89464C4F8986427
:1021F000C4F89CB4C4F8A0B4C4F8A464C4F8A86437
:10220000A4F8AC84C4F8B064A4F8B464C4F8B864A6
:10221000C4F8BC64C4F8C094C4F8C464C4F8C874F6
:10222000DEF7BBFA04F5B1603221A4F8146504F2BC
:10223000FC55C4F80065C4F80465C4F80865C4F822
:102240000C65C4F81065C4F81865C4F81C65C4F8BA
:102250002065C4F82465C4F8286584F82C65C4F8A2
:102260003065C4F83465C4F83865C4F83B65C4F813
:102270004065C4F84465C4F84865C4F84C65C4F8C2
:102280005065C4F85465C4F858B5C4F85CB5C4F8D2
:102290006065C4F86465A4F86885C4F86C65A4F842
:1022A0007065C4F87465C4F87865C4F87C95C4F8A2
:1022B0008065C4F88475DEF770FA60212846A4F8BA
:1022C000D065C4F8BC65C4F8C065C4F8C465C4F87A
:1022D000C865C4F8CC65C4F8D465C4F8D865C4F83A
:1022E000DC65C4F8E065C4F8E46584F8E865C4F822
:1022F000EC65C4F8F065C4F8F465C4F8F765DEF77A
:102300004CFA04F234704FF4D071C4F85CB6C4F8DF
:1023100060B6C4F864B6C4F868B6C4F86CB6A4F87D
:102320007066C4F8906684F89466C4F89866A4F859
:102330009C66C4F8D066A4F8D466C4F8D866C4F81D
:10234000DC6684F8E066C4F8E466C4F8E86684F8FD
:10235000EC66C4F8F066C4F8F46684F8F866C4F86D
:10236000186784F81467C4F8FC66C4F80067C4F8FA
:102370000467C4F80867C4F80C67C4F8106784F8E9
:102380001C67C4F82067C4F82467C4F82867C4F839
:102390002C67A4F83067C4F87466C4F87866C4F88B
:1023A0007C66C4F87F66A4F88C66C4F88466C4F8BA
:1023B0008866A4F8A866C4F8A066C4F8A466A4F861
:1023C000BC66C4F8AC66C4F8B066C4F8B466C4F8B9
:1023D000B866A4F8CC66C4F8C066C4F8C466C4F88D
:1023E000C866DEF7DAF904F6FC00B021C4F8D4B808
:1023F000C4F8D8B8C4F8DCB8C4F8E0B8C4F8E468E5
:10240000C4F8E8B884F8EC68C4F8F068C4F8F46874
:1024100084F8F868DEF7C1F904F6D4108D21C4F809
:10242000ACB9C4F8B0B9C4F8B4B9C4F8B8B9C4F810
:10243000BC69C4F8C0B984F8C469C4F8C869C4F8F0
:10244000CC6984F8D069C4F8646AC4F8686A84F80E
:102450006C6AC4F8806A84F8846ADEF79EF9A4F88E
:102460007C6A2046C4F8706AC4F8746AC4F8786A52
:1024700001B0BDE8F08F000091FAA1F24DF684336F
:10248000B2FA82F2C0F603030F2A03F108030360D5
:1024900088BF7047818047F61871C2F2004141F849
:1024A0002200704700000000012180F8741080EDC8
:1024B000050A0021C0E90711704700000000000074
:1024C000022180F8741080ED070A012180F8301194
:1024D0000021016270470000002180F8741080ED37
:1024E000060A4161C0E907117047000000000000C2
:1024F000032180F8741080ED080A002180F8301163
:10250000C161704700000000B0B52DED028B04469C
:1025100090F87400012819D002280ED0032835D174
:10252000D4E911010131A16481420CDB206804F17E
:10253000E00594ED088AC16A13E0D4E91101013184
:10254000A164814207DA94ED050A17E004F18000E6
:1025500094ED050A14E0206804F1E00594ED078A83
:10256000816A20468847F0EE400AB0EE480A2846C5
:10257000F1F732FA84ED050A0020A06404F180002E
:10258000D4ED0B0AF4F7B8FC84ED060ABDEC028B1F
:10259000B0BD000000000000B0B52DED028B054677
:1025A0008030B0EE608A1446F4F796FCB0EE480A2C
:1025B00005F1E0002146F1F7FFF9012085F830012F
:1025C000BDEC028BB0BD00002DE9F0410446069839
:1025D000002540F2000820714FF07A7020640A2034
:1025E000C4E911054FF00050C4F86A004DF66010C0
:1025F000A160C0F6030048F639670830206004F196
:1026000098002D21637101262573C4F21028C4E9B6
:102610000425C4E906552562C3F6E347C4E90B5512
:10262000C4E90D55E56384F84C60C4F86650C4F8FD
:102630006250C4F85E50C4F85A50C4F84E50C4F802
:102640005250C4F8555084F86E502567C4E91E876F
:1026500084F87450DEF7A1F841F26F202421C3F60C
:102660008320C4F89450C4E9355004F1F400C4F850
:10267000D050C4E92155C4E92355C4E93255C4F802
:10268000DC5084F8806084F8E050DEF786F84DF284
:102690000A70A4F83051C3F62340C4F82C01C4E9F1
:1026A0004805204684F82861C4E94655C4E93955EF
:1026B000C4E93B55C4E90987BDE8F081000000008A
:1026C0004FF49A7114F02CBE012180F8741080ED43
:1026D000050A0021C0E90711704700000000000052
:1026E000022180F8741080ED070A012180F8301172
:1026F0000021016270470000002180F8741080ED15
:10270000060A4161C0E9071170470000000000009F
:10271000032180F8741080ED080A002180F8301140
:10272000C161704700000000B0B52DED028B04467A
:1027300090F87400012819D002280ED0032835D152
:10274000D4E911010131A16481420CDB206804F15C
:10275000E00594ED088AC16A13E0D4E91101013162
:10276000A164814207DA94ED050A17E004F18000C4
:1027700094ED050A14E0206804F1E00594ED078A61
:10278000816A20468847F0EE400AB0EE480A2846A3
:10279000F1F722F984ED050A0020A06404F180001D
:1027A000D4ED0B0AF4F7A8FB84ED060ABDEC028B0E
:1027B000B0BD000000000000B0B52DED028B054655
:1027C0008030B0EE608A1446F4F786FB05F1E00035
:1027D0002146B0EE480ABDEC028BBDE8B040F1F7EF
:1027E000EBB80000000000002DE9F0410446069817
:1027F00000254AF2270820714FF07A7020640A20E1
:10280000C4E911054FF00050C4F86A004DF6A81055
:10281000A160C0F6030044F63C470830206004F194
:1028200098002D216371C4F299182573C3F655578A
:10283000C4E90425C4E906552562C4E90B55C4E979
:102840000D55E56384F84C50C4F86650C4F86250E6
:10285000C4F85E50C4F85A50C4F84E50C4F85250F0
:10286000C4F8555084F86E502567C4E91E8784F873
:102870007450DDF792FF41F26F202421C3F68320CC
:10288000C4F89450C4E9355004F1F400C4F8D050B1
:10289000C4E92155C4E92355C4E93255C4F8DC50D4
:1028A000012684F8806084F8E050DDF776FF4DF271
:1028B0000A70A4F83051C3F62340C4F82C01C4E9CF
:1028C0004805204684F82861C4E94655C4E93955CD
:1028D000C4E93B55C4E90987BDE8F0810000000068
:1028E0004FF49A7114F01CBDC368002B08BF7047E9
:1028F00008461146184700000146006918B18A8849
:102900008968E8F785BEE2F78FBD0000000000008F
:1029100010B54DF6F014C0F60304826004F108040B
:1029200004608180036183B14CF27451C2F20041B2
:102930000A78092A88BF10BD47F6F063C2F2004347
:1029400043F8220001320A7010BD0446E2F76CFD24
:10295000204610BD0000000010B50446007A88B182
:1029600094ED031A94ED042AB8EEC11A9FED0D3AC6
:102970001820A1EE032A94ED051A31EE421A30EE2A
:10298000011A04E00120A0772020B0EE401A204474
:1029900080ED001A84ED010AEFF722F984ED000AB8
:1029A00010BD00BF0000B443B0B52DED028B00EEAA
:1029B000101A0446808B9FED3B8AB8EE400A01EE68
:1029C000100A207A20EE080AB8EE411A80EE010AB9
:1029D00068B194ED041A9FED352A30EE411AB4EE39
:1029E000421AF1EE10FA24DDE06801382AE084EDA5
:1029F000040A002584ED050A9FED2B0A6181E5603C
:102A0000A5616560EFF7ECF8A07F84ED000A01286E
:102A10000AD194ED080A84ED060A84ED010AEFF765
:102A2000DFF884ED000AA57701202072BDEC028B4F
:102A3000B0BD9FED1F2AE068B4EE421AF1EE10FA25
:102A400001DA0130E06001EE100A84ED040AB8EE0C
:102A5000C11AA1EE080A94ED051A30EE410A94ED70
:102A6000061A31EE000A84ED010AEFF7B9F8E068C2
:102A700084ED000A0146002848BF414241F28932F4
:102A800091420BD300EE100A94ED061A0020E0608C
:102A9000B8EEC00AA0EE081A84ED061ABDEC028B4F
:102AA000B0BD00BF0000B44300000000000034438C
:102AB000000034C300000000B0B5D0F88823052A18
:102AC00000F24B81DFE802F003E179AE2BF590F8DC
:102AD000C122022A04D190F8F922012A40F0528141
:102AE00049F260130022C2F200434CF6CD450029A2
:102AF000C3F6CC551A7049F25C13C2F2004380F859
:102B000020211D604FF00103C0F8883300F02781B9
:102B1000012940F02681002180F8221121E149F2AB
:102B20006011C2F200410978012940F01681054682
:102B300004F04AFC06F010F849F25C109FEDAE2A52
:102B4000C2F20040002490ED001A30EE410AB4EECB
:102B5000420AF1EE10FA40F3C6809FEDA80AB4EEE7
:102B6000401AF1EE10FA40F3BE8095ED0E0A9FED8B
:102B7000A41A30EE011A95ED382A2846012185F86D
:102B80002011B4EE412A85ED3C0AF1EE10FA40F333
:102B9000AA8090F8C4129BA20546012908BF0432FE
:102BA00092ED000AEFF71CF80520C5F888032046CF
:102BB00085ED3E0AC5F8F440B0BD01290DD897A2B5
:102BC000002908BF043204460D4692ED000AEFF7D3
:102BD00007F82946204684ED3E0A90ED0E0A9FED47
:102BE000911A30EE010A90ED381A0024B4EE401A22
:102BF000F1EE10FA77DD90ED3A0A9FED8B1AB4EE04
:102C0000410AF1EE10FA6EDD9FED881AB4EE410A2A
:102C1000F1EE10FA67DA012940F0A8809FED840AEE
:102C2000FC21A7E090ED3A0A9FED781A30EE011AE8
:102C3000B0EEC13AB7EE001A39B9B4EE413AF1EE4E
:102C400010FABCBF0022C0F8FC209FED712AB4EE40
:102C5000423A90ED3B3AF1EE10FA46DA002944D1BF
:102C6000B0EEC34AB4EE424AF1EE10FA3DDA90ED0E
:102C7000100A9FED631A30EE010A90ED391AB4EE96
:102C8000401AF1EE10FA42DC44E090ED0E0A9FED9E
:102C9000691A30EE011A90ED382A80ED3C0AB4EE44
:102CA000412AF1EE10FA58DB0221C0F88813002007
:102CB000B0BD90ED3A0AB1EE041AB0EEC02AB4EEFF
:102CC000412AF1EE10FA0ADB9FED4A2A30EE020AA1
:102CD000B0EEC00AB4EE410AF1EE10FA3DDA01247A
:102CE0000021C0F888132046B0BD012912D19FED04
:102CF000494A30EE040AB0EEC00AB4EE410AF1EEE1
:102D000010FABCBFB4EE423AF1EE10FA02DA816F6B
:102D1000C0F8F01090ED1E0A90ED381A31EE400A1E
:102D20009FED3D1AB0EEC00AB4EE410AF1EE10FA82
:102D300013DA49F260110122C2F2004104460A701E
:102D400004F042FB05F008FF49F25C10C2F20040BB
:102D500080ED000A0420C4F888030020B0BD80F88C
:102D600021210024C0F8F4402046B0BD29B990EDDF
:102D7000100AF421014481ED000A0321C0F88813F0
:102D80002046B0BD90F82311012903D0D0F8E810F7
:102D9000C0F8501190F8C51205294FF0010180F8D4
:102DA000231115D0D0F8E010C0F8C812D0F8EC50BC
:102DB000D0F8E830C0E9B55100F53771D0F8E4201B
:102DC000C0F8CC22C0F8D0322CC1052180F8C51241
:102DD00090EDB80A0446D0E9B612C0E93C12EEF70D
:102DE000FFFED4F8E402C4F8FC00002084ED3E0AA3
:102DF000B0BD00BF0000B4C39A99193FCDCCCC3D03
:102E00000AD723BC000000000000B442000087C3C2
:102E1000CDCC4C3E00009BC30AD7233C00009B4313
:102E2000000087430AD7A3BB008084430000AF4360
:102E3000000000008FC2F5BC80B584B003908DF80F
:102E40000B10039801909DF80B00082806D0FFE7AF
:102E5000019805F069FD08B9FFE705E001999DF8C3
:102E60000B0081F8C402FFE704B080BD0000000041
:102E700070B5044690F82301012803D0D4F8E80087
:102E8000C4F8500194F8C10294F8C51294ED382AA0
:102E90000122C0B284F82321084302D194ED3A0AFA
:102EA00051E084EDB22A04F5327394ED391A94EDB1
:102EB0003A0A84EDB31A94ED3B3A84EDB40A9FEDDF
:102EC000DB4A84EDB53AB4EE441A0FCBC4E9B6013F
:102ED000002094F8C3119FEDD61AC4F8E022F1EE59
:102EE00010FAC4F8E43233EE011AC8BF012094F896
:102EF000202101F0010184F8B8024840B2FA82F1C1
:102F000094F8C521B0EEC11AB7EE003A84F8BD02BC
:102F1000480902F0010184F8B9024840002194F800
:102F2000C421B4EE431AF1EE10FA84F8BE0202F0A6
:102F30000100B8BF012184F8BA12484084F8BC02ED
:102F4000002084F8C502B0EE081A94EDDB3A0020A8
:102F5000002200210025B4EE413A9FEDB61AF1EEB1
:102F600010FAC8BF0120B4EE413A9FEDB31AF1EE5A
:102F700010FAB8BF0122B4EE410A9FEDB01A10401A
:102F80000022F1EE10FAC8BF0121B4EE410AF1EEC1
:102F900010FAB8BF012260B994ED231A9FEDA83A48
:102FA00031EE031AB4EE412AF1EE10FAB8BF01EA8D
:102FB000020594F8C61121B184EDB62A84EDB80A51
:102FC000D4E094ED6C3A9FED9F4AB0EEC31AB4EE94
:102FD000441AB0EE421AF1EE10FA26DD9FED9A1A6D
:102FE000B4EE413AF1EE10FA04DD94EDD91A32EE66
:102FF000011A0CE09FED951AB4EE413AB0EE421A78
:10300000F1EE10FA03DA94EDD91A32EE411A65B1F5
:1030100094EDB63A81FE431A94ED233AB4EE431A86
:10302000F1EE10FA01DAB0EE431AB6EE004A94ED72
:103030006D3A84EDB61AB4EE443AF1EE10FA06DDBC
:1030400094EDB81A94EDD83A31EE433A0FE0BEEE63
:10305000001AB4EE413AF1EE10FA06DA94EDB81A1D
:1030600094EDD83A33EE013A01E094EDB83A94ED9C
:10307000231A0021B4EE412A80F00100F1EE10FA8B
:10308000B8BF012100269FED721A014231D194EDA3
:103090001D5A9FED704A35EE045AB4EE452AF1EE02
:1030A00010FA24DA94ED145AB4EE450AF1EE10FA4F
:1030B00006DB9FED695AB4EE450AF1EE10FA0DDD1C
:1030C000B5EE400AF1EE10FAC0F290809FED635A1F
:1030D000B4EE450AF1EE10FA00F3888094ED1F0A71
:1030E00030EE040AB4EE402AF1EE10FA7EDDB0EEC6
:1030F000431AB0EE410A84EDB81AEEF771FD94ED73
:10310000141A9FED572AB4EE421A9FED562AF1EE9B
:1031100010FAC8BF01269FED544A84EDB80AF007A3
:10312000B4EE414A01FE023A94ED151AF1EE10FA9E
:10313000B4EE410A32FE032AF1EE10FA10DDB4EECD
:10314000420AF1EE10FA0BDA30EE413A32EE400A62
:10315000B4EE430AF1EE10FA31FE020A84EDB80A29
:1031600025B10020C4F8E0029FED390A94F8C401AB
:1031700094ED262A94F8BC129FED353A00F0010038
:1031800094F8C521484094F8BD12012894F8C30171
:1031900094ED101A02FE032A00F00100884280EA32
:1031A000010094F8BE1284F8B80203FE011A02F07E
:1031B0000100484084EDB92A411E84EDB71A84F815
:1031C000B90218BF0121D4F8D802C4F8F00084F87D
:1031D0002011EEF705FD84ED3E0AD4F8DC02C4F8B8
:1031E000F400D4F8E402C4F8FC0070BDB5EE403A37
:1031F000F1EE10FAFFF67DAF9FED181AB4EE413AEA
:10320000F1EE10FA07DD9FED160AB4EE403AF1EE4A
:1032100010FAFFF66EAF9FED120AB4EE430A9FED6F
:103220000C0AF1EE10FA33FE001A62E70AD7A33C4B
:103230000000B4C20080B243CDCC4C3F9A99B34356
:103240000AD7233CCDCC4C3E9A99993E9A9999BE87
:10325000000000000AD723BC0000B443000007436D
:10326000000087430080844300007A430000000090
:10327000B0B504469FED3C0A0020C4F8FC0084F879
:103280002001EEF7ADFC94ED241A9FED382A31EEC3
:10329000023A94ED382A84ED3E0A94ED3A0A49F256
:1032A0006815B4EE432A9FED323A30EE030AB7EECA
:1032B000003AF1EE10FAB8BF84ED3C1AB0EEC00A45
:1032C000C2F20045B4EE430AF1EE10FA18DA32EE1B
:1032D000410A9FED282A84ED3C1AB0EEC00AB4EEF4
:1032E000420AF1EE10FA0BDA0120287004F06CF8B3
:1032F00005F032FC49F26410C2F2004080ED000A91
:10330000287801282ED104F05FF805F025FC49F259
:1033100064110020C2F2004191ED001A30EE412A02
:10332000B6EE000AB4EE402AF1EE10FA19DDB4EE62
:10333000401AF1EE10FA14DD94ED250A94ED381AD6
:1033400031EE401A9FED0B2A84ED3C0AB0EEC11A13
:10335000B4EE421AF1EE10FAA8BFB0BD28700860B2
:103360000120B0BD0020B0BD0000B4420AD7A33C8C
:103370000000B4C26F12033C2DE9F04186B01E4636
:10338000174604460020002200230D2938BF0846B6
:103390000D2F38BF3B460D2E38BF3246C4F8EC32F5
:1033A000002947EA010318BF0121C4F8F0223A4678
:1033B000002F18BF012253EA0605C4F8E80201EA0B
:1033C000020184F8F81268D040B2F0F7D9FE00EBA1
:1033D00040004CF2B468C0F6030808EB800050E9E6
:1033E000031250F8040CC4F82803C4E9C81277B1DA
:1033F00094F9EC02F0F7C4FE00EB400008EB80000B
:1034000050E9031250F8040CC4E9CB1202E000208A
:10341000C4E9CB00C4F8340376B194F9F002F0F7B4
:10342000AFFE00EB400008EB800050E9031250F8BB
:10343000040CC4E9CE1202E00020C4E9CE0094F9E5
:10344000E81294F9EC2294F9F032C4F8400394EDB8
:10345000C20AD4EDC30A94EDC41A6846F0F7ACFE74
:103460009DF8000084F83903BDF80100A4F83A0380
:103470000198C4F83D030298C4F841030398C4F8C6
:103480004503BDF813009DF80310A4F84C039DF804
:10349000150084F83C1384F84E03002D18BF012555
:1034A000284606B0BDE8F081B0B5044690F8C002E9
:1034B00094F8C452032839D8DFE800F0022709192C
:1034C000022D41D0C5BB2046FFF7D2FC70E094F836
:1034D000C302411E204618BF0121FFF7EDFA10B1CB
:1034E000002084F8C002022084F8C102B0BD032D80
:1034F00008BFB0BD2046FFF7BBFE10B1002084F826
:10350000C002032084F8C102B0BD94F8C3020138A0
:10351000B0FA80F04109204600F0C2F910B1002055
:1035200084F8C002012084F8C102B0BD042808BF9D
:10353000032D00F08C80B0BD032D05D0042D37D1B4
:10354000204600F085FF33E094F82301012803D0E2
:10355000D4F8E800C4F8500194F8C50205284FF0EB
:10356000010084F8230115D0D4F8E000C4F8C802A3
:10357000D4F8EC30D4F8E820C4E9B53004F537705D
:10358000D4F8E410C4F8CC12C4F8D0220EC0052040
:1035900084F8C50294EDB80AD4E9B601C4E93C0147
:1035A000EEF71EFB84ED3E0AD4F8E402C4F8FC00FA
:1035B00094F8CE0148B101280ED194F8720358B99D
:1035C000022084F8C002012004E094F8720301286C
:1035D00002D1002084F8720394F8CF0140B1012891
:1035E0000DD194F8730350B9012084F8C00204E0AF
:1035F00094F87303012802D1002084F87303032D8B
:1036000012D094F8CD0100286AD001287FF493AF3E
:1036100094F8710300287FF48EAF032084F8C00271
:10362000012084F87103B0BD94F8CC01002860D06B
:1036300001287FF480AF94F8700300287FF47BAFFB
:10364000042084F8C002012084F87003B0BD9FED0F
:103650002D0AD4E92501C4F8FC10C4F8F000EEF7F7
:10366000BFFA94ED251A94ED382A32EE411A9FEDF7
:10367000262A84ED3E0AB0EEC11AB4EE421AF1EEEB
:1036800010FA29DA94ED3A0A9FED201A30EE010A79
:10369000B7EE001AB0EEC00AB4EE410AF1EE10FA2D
:1036A0001ADA94ED390A94ED101A30EE410A9FEDC2
:1036B000182A84ED3D1AB0EEC00AB4EE420AF1EECB
:1036C00010FA09DA94F8C202012805D1012084F821
:1036D0002001002084F8C002042084F8C102B0BD9B
:1036E00094F8710301287FF426AF002084F8710359
:1036F000B0BD94F8700301287FF41DAF002084F85A
:103700007003B0BD0000B4426F12033C0000B4C2AD
:103710000AD7233C0000000070B52DED048B044651
:1037200090F82301022803D0D4F8E800C4F850012F
:1037300094F8AC0200284FF0020084F8230108D16D
:1037400003F042FE05F008FA84EDAA0A012084F88D
:10375000AC02D4F8D0009FED498AB0EE480A016867
:10376000C9688847D4F8CC00B0EE480A0168C96837
:10377000884794ED0D0A94EDAA1A30EE410AB7EE8F
:10378000081AB4EE410AF1EE10FA73DD9FED3C8A9F
:10379000D4F8D050B0EE480A05F15000FFF7DCF83D
:1037A00095ED0A0A95ED151A9FED369A21EE000A5D
:1037B000F0EE490A85ED0E0A17F0D2FD94ED521A8B
:1037C0009FED312A21EE021A94ED192AD4F8D46023
:1037D00030EE090A85ED0D0A06F1500081EE021A5D
:1037E00096ED092A21EE091A22EE011AB0EE410ADD
:1037F000FFF7B2F896ED0A0A96ED151A21EE000AC7
:10380000F0EE490A86ED0E0A17F0AAFD30EE090A1D
:10381000D4F8CC5086ED0D0AB0EE480A05F1500000
:10382000FFF79AF895ED0A0A95ED151A21EE000AB0
:10383000F0EE490A85ED0E0A17F092FDD4F8D0009B
:1038400030EE090A85ED0D0AB0EE480A0168C96834
:103850008847D4F8D400B0EE480A0168C9688847A0
:10386000D4F8CC00B0EE480A0168C9688847012046
:1038700084F8AD02BDEC048B70BD00BF00002F4486
:10388000000000000000B4436F12833A0000000003
:1038900081B00090009890F8C30201B0704700001A
:1038A00070B5D0F88823052A00F2F680DFE802F030
:1038B00003C365903FCE90F8C112022940F0EE801C
:1038C00090F82311012903D0D0F8E810C0F8501166
:1038D00090F8C51205294FF0010180F8231115D089
:1038E000D0F8E010C0F8C812D0F8EC60D0F8E8309A
:1038F000C0E9B56100F53771D0F8E420C0F8CC22FA
:10390000C0F8D0324CC1052180F8C51290EDB80A3C
:103910000446D0E9B612C0E93C12EEF761F9D4F8DA
:10392000E402C4F8FC00002084ED3E0A70BD49F2B8
:10393000701549F26C14C2F20045C2F200442A78B4
:10394000002A40F0CE8090ED1E0A90ED381A31EE3C
:10395000400A9FED781AB0EEC00AB4EE410AF1EECB
:1039600010FA80F29980002900F0AE80012940F021
:10397000AE80012180F82111A9E090ED0E0A9FEDA3
:10398000731A30EE010A90ED381A0A46002180F8C9
:103990002011B4EE401AF1EE10FA40F3C2806CA18F
:1039A000002A08BF0431012A9FED6B1A91ED000A2D
:1039B000154601FE000A0446EEF712F92046012DD5
:1039C00084ED3E0A02D1016CC0F8F41003212EE010
:1039D00090ED3A0A9FED5A1AB4EE410AF1EE10FA50
:1039E0000BDD012909D19FED571AB4EE410AF1EE22
:1039F00010FABCBF016CC0F8F410B0EEC00AB7EE0C
:103A0000001A0021B4EE410AF1EE10FA80F289802A
:103A100090ED3B0A9FED4C1AB0EEC00AB4EE410A9D
:103A2000F1EE10FA7DDA816FC0F8F0100421C0F8D1
:103A30008813002070BD0021826BC0F8FC10C0E923
:103A40003C210222C0F88823084670BD90ED0E0A82
:103A50009FED351A30EE010A90ED381AB4EE401A97
:103A6000F1EE10FA18DD9FED310A04460D46EEF72F
:103A7000B7F8204684ED3E0A05B390ED390A9FED74
:103A80002C1AB0EEC00A0021C0F8F410B4EE410ABE
:103A9000F1EE10FA13DB44E0002070BD0121C0F804
:103AA000881349F270100021C2F20040017049F2FF
:103AB0006C10C2F200400160084670BD0021C0F8E1
:103AC00088130121084670BD012180F822110646A5
:103AD00003F07AFC05F040F8304684ED000A01213D
:103AE0002970054603F070FC05F036F894ED001AD5
:103AF0009FED112A30EE410A0021B4EE420AF1EEA8
:103B000010FA0EDD9FED0D0AB4EE401AF1EE10FA38
:103B100007DD0520C5F88803A86BC5F8F000084646
:103B200070BD084670BD00BF0AD723BC000000006E
:103B30000AD7A33C0AD7233C9A99193FCDCCCC3D58
:103B4000008084430000AF43CDCC4C3E0AD7A3BCD9
:103B50000000000000009B430000874300000000BD
:103B600082B001908DF8031001999DF8030081F84F
:103B7000C30202B07047000082B001908DF80310BC
:103B800001999DF8030000F0010081F8510302B093
:103B90007047000000000000B0B52DED028B86B02C
:103BA000044690F83803072800F2CB81DFE810F0D4
:103BB00008003800C800E7002E011000C9015F00AE
:103BC000204600F0D1FD002800F0BB810120B6E1C5
:103BD00094F82301012803D0D4F8E800C4F8500178
:103BE0009FEDDA0A012084F82301EDF7F9FF94ED47
:103BF0003A1AB1EE042AB0EEC11A84ED3E0AB4EED0
:103C0000421AF1EE10FA80F29C81072084F8380302
:103C1000002084F8A60284F8F90284F8500390E1A9
:103C200094F82301012803D0D4F8E800C4F8500127
:103C30009FEDCE0A012084F82301D4F89800C4F83F
:103C4000FC00EDF7CDFF94ED3A1A9FEDC92A31EE55
:103C5000021AB0EE002A84ED3E0AB0EEC11AB4EEAC
:103C6000421AF1EE10FA80F26C81022067E194F8BA
:103C7000F902012840F0F88094F8500300285DD143
:103C8000D4F8E81200200D294FF0000538BF08468F
:103C9000002984F8F852C4F8E802C4E9BB5544D0BE
:103CA00040B2F0F76DFA00EB40004CF2B461C0F6A0
:103CB000030194F9F03201EB800094EDC20AD4EDD7
:103CC000C30A94EDC41A50E9031250F8040CC4F866
:103CD0004053C4E9C81294F9E81294F9EC22C4E9FB
:103CE000CA056846C4E9CC55C4E9CE55F0F764FA74
:103CF0009DF8000084F83903BDF80100A4F83A03E8
:103D00000198C4F83D030298C4F841030398C4F82D
:103D10004503BDF813009DF80310A4F84C039DF86B
:103D2000150084F83C1384F84E03C4F8F4520120C3
:103D3000A4F85003A4F85853C4F854530020FEE0EC
:103D400094F82301D4F8E822012803D0D4F8E8003D
:103D5000C4F850010125013AD4F8F40280A105FA13
:103D600002F340F60A2C002808BF043113EA0C0FB6
:103D700084F8235100F0AE8094ED208ABEE094F8E0
:103D80005103012840F0DD8094F82301012803D07D
:103D9000D4F8E800C4F8500194ED100A94ED391AF3
:103DA00031EE401A9FED6C2A012084F8230184ED46
:103DB0003D0AB0EEC11AB4EE421AF1EE10FA0BDA77
:103DC00094F8580340B903F0FFFA04F0C5FE84EDFF
:103DD000D50A012084F8580303F0F6FA04F0BCFE7B
:103DE00094F85803012840F0AC8094EDD51A30EED9
:103DF000410A9FED5A1AB4EE410AF1EE10FAC0F2F0
:103E0000A0800020C4F8F400042098E094F8230176
:103E1000D4F8E812012803D0D4F8E800C4F850011F
:103E20000120013994ED210A9FED491A00FA01F1B0
:103E300030EE010A40F60A2294ED0F1A11429FED6E
:103E4000452A84F8230101FE000A84ED3C1A30EE75
:103E5000020A94ED382AB4EE402AF1EE10FA70DD31
:103E600084F8590305206AE094F82301012803D05F
:103E7000D4F8E800C4F8500194F8C50205284FF0C2
:103E8000010084F8230115D0D4F8E000C4F8C8027A
:103E9000D4F8EC30D4F8E820C4E9B53004F5377034
:103EA000D4F8E410C4F8CC12C4F8D0220EC0052017
:103EB00084F8C50294EDB80AD4E9B601C4E93C011E
:103EC000EDF78EFE84ED3E0AD4F8E402C4F8FC005F
:103ED000072034E040F2555591ED000A2B4202D004
:103EE00094ED211A08E022F00201052902D194ED97
:103EF000221A01E094ED0F1A30EE018A204494ED6D
:103F0000C20AD4EDC30A94EDC41A90F93A03DFED66
:103F1000161AF0F7BDF8A0B194ED380A9FED0E1A0D
:103F200030EE480A84ED3C8A002084F82001B0EE8F
:103F3000C00AB4EE410AF1EE10FA02DA032084F866
:103F4000380306B0BDEC028BB0BD00BF000000001E
:103F5000CDCCCCBD0AD7A3BC0AD7A33CCDCC4C3E1C
:103F600000000000295C8FBD6666E63E0000B4429A
:103F70000000B4C200000000B0B52DED028B044675
:103F800090F83803082800F2AE8004F53A71DFE8B3
:103F900010F009003600AD00CC0010011100AA009D
:103FA0005C007600204600F0DFFB002800F09B80DC
:103FB00001200FE2D4F8F4020021012884F85913FB
:103FC00000F06781002840F0908194F85A0300289F
:103FD00040F06681002084F8C1022046FEF76CFDA7
:103FE000002800F0808003F0EFF904F0B5FD84EDC7
:103FF000D70A012084F85A03BDEC028BB0BD94F8B7
:104000002301012803D0D4F8E800C4F850019FED43
:10401000DB0A012084F82301D4F89800C4F8FC00DE
:10402000EDF7DEFD94ED3A1A9FEDD52A31EE021A36
:10403000B0EE002A84ED3E0AB0EEC11AB4EE421A88
:10404000F1EE10FA4FDA0220C4E194F8F9020128E7
:1040500040F0E08094F8500378B904F53A732046B4
:104060000ECBFFF789F90020C4F8F4020121A4F86F
:104070005013A4F85803C4F854030020AAE194F89C
:104080002301012803D0D4F8E800C4F8500194F8C3
:10409000C50205284FF0010084F8230115D0D4F89B
:1040A000E000C4F8C802D4F8EC30D4F8E820C4E941
:1040B000B53004F53770D4F8E410C4F8CC12C4F865
:1040C000D0220EC0052084F8C50294EDB80AD4E9C8
:1040D000B601C4E93C01EDF783FD84ED3E0AD4F856
:1040E000E402C4F8FC00BDEC028BB0BDD4F8F402CD
:1040F00094F82321012A51F8202003D0D4F8E810A5
:10410000C4F850110125013ABBA105FA02F340F6AB
:104110000A2C002808BF043113EA0C0F84F823513D
:1041200000F0AE8094ED208A30E194F8510301282C
:10413000D9D194F82301012803D0D4F8E800C4F8B9
:10414000500194ED100A94ED391A31EE401A9FEDAA
:10415000A82A012084F8230184ED3D0AB0EEC11A9B
:10416000B4EE421AF1EE10FA0BDA94F8580340B9A3
:1041700003F02AF904F0F0FC84EDD50A012084F85C
:10418000580303F021F904F0E7FC94F858030128E0
:10419000A9D194EDD51A30EE410A9FED961AB4EEEE
:1041A000410AF1EE10FA9EDB0020C4F8F40004206E
:1041B00010E1D4F8F40294F82321012A51F82010D8
:1041C00003D0D4F8E800C4F850010120013994ED7F
:1041D000210A9FED851A00FA01F130EE010A40F63E
:1041E0000A2294ED0F1A11429FED802A84F82301D0
:1041F00001FE000A84ED3C1A30EE020A94ED382AE2
:10420000B4EE402AF1EE10FA7FF76DAF84F859034F
:104210000520DFE094F82301012803D0D4F8E8005A
:10422000C4F8500194F8C50205284FF0010084F845
:10423000230115D0D4F8E000C4F8C802D4F8EC305B
:10424000D4F8E820C4E9B53004F53770D4F8E410A8
:10425000C4F8CC12C4F8D0220EC0052084F8C502E0
:1042600094EDB80AD4E9B601C4E93C01EDF7B8FC15
:1042700084ED3E0AD4F8E402C4F8FC000720A9E06B
:1042800040F2555591ED000A2B425AD094ED211A77
:104290007AE0D4F8F00240B394F85A03002857D0DB
:1042A00003F092F804F058FC94EDD71A30EE410A6E
:1042B0009FED4B1AB4EE410AF1EE10FAFFF613AF80
:1042C000012084F82001D4F8F402E16B0130C4F835
:1042D000F402002084F85103C4F85C03C4F85403CA
:1042E000C4F85703C4F8F01074E094F823010128CF
:1042F00003D0D4F8E800C4F850019FED3A0A012534
:1043000084F82351EDF76CFC94ED3A1AB1EE042ACF
:10431000B0EEC11A84ED3E0AB4EE421AF1EE10FA84
:10432000BFF6E1AE002084F8A60284F8F90284F812
:104330005003C4F8F452C4F85C0384F85A0308200C
:1043400048E022F0020105291CD194ED221A1BE05D
:10435000002084F8C102012120460125FEF7ACFBB4
:1043600000283FF4C0AE03F02FF804F0F5FB84ED15
:10437000D70A84F85A53BDEC028BB0BD0000B4429A
:104380000000B4C294ED0F1A30EE018A204494ED7F
:10439000C20AD4EDC30A94EDC41A90F93A03DFEDD2
:1043A000181AEFF775FE00283FF49DAE94ED380A19
:1043B0009FED0F1A30EE480A84ED3C8A002084F805
:1043C0002001B0EEC00AB4EE410AF1EE10FABFF6D9
:1043D0008AAE032084F83803BDEC028BB0BD00BF69
:1043E0009A99993E00000000CDCCCCBD0AD7A3BC61
:1043F0000AD7A33CCDCC4C3E00000000295C8FBD09
:104400006666E63E0000000083B002908DF807105B
:10441000029800909DF80700012805D1FFE7009958
:10442000012081F8A60204E00099002081F8A6028C
:10443000FFE703B07047000081B00090009890F84B
:10444000590300F0010001B07047000000000000B7
:1044500070B5044690F82301012803D0D4F8E80091
:10446000C4F8500194F8C50204284FF0010084F804
:10447000230102D194F8C102A8B1D4F8E000C4F835
:10448000C802D4F8EC30D4F8E820C4E9B53004F51B
:104490003770D4F8E410C4F8CC12C4F8D0220EC09F
:1044A000042084F8C50294F8C601002854D00128DD
:1044B0005BD1B0EE080A94EDDB2A0020002294EDD7
:1044C0003A1A0021B4EE402A9FED990AF1EE10FA53
:1044D000C8BF0120B4EE402A9FED960AF1EE10FA13
:1044E000B8BF0122B4EE401A9FED930A104000229B
:1044F000F1EE10FAC8BF0121B4EE401A0025F1EE2A
:1045000010FAB8BF012294ED382A60B994ED230A5D
:104510009FED8A3A30EE030AB4EE402AF1EE10FA2B
:10452000B8BF01EA020594ED6C3A9FED854AB0EE02
:10453000C30AB4EE440AB0EE420AF1EE10FA32DDDC
:104540009FED800AB4EE403AF1EE10FA10DD94EDE2
:10455000D90A32EE000A18E0D4F8E000C4F8D80214
:1045600094ED3A0A84EDB80ABAE094EDB80AB7E0DF
:104570009FED750AB4EE403AB0EE420AF1EE10FA41
:1045800003DA94EDD90A32EE400A65B194EDB63AF9
:1045900080FE430A94ED233AB4EE430AF1EE10FA9A
:1045A00001DAB0EE430AB6EE004A94ED6D3A84EDBE
:1045B000B60AB4EE443AF1EE10FA06DD94EDB80A0C
:1045C00094EDD83A30EE433A0FE0BEEE000AB4EE76
:1045D000403AF1EE10FA06DA94EDB80A94EDD83AC2
:1045E00033EE003A01E094EDB83A94ED230A00214D
:1045F000B4EE402A80F00100F1EE10FAB8BF0121BC
:1046000000269FED520A01422FD194ED1D5A9FEDD5
:10461000504A35EE045AB4EE452AF1EE10FA22DA89
:1046200094ED145AB4EE451AF1EE10FA06DB9FED44
:10463000495AB4EE451AF1EE10FA0BDDB5EE401A08
:10464000F1EE10FA55DB9FED445AB4EE451AF1EE47
:1046500010FA4EDC94ED1F1A31EE041AB4EE412A22
:10466000F1EE10FA45DDB0EE430A84EDB80AEDF73D
:10467000B7FA94ED141A9FED392AB4EE421A9FED61
:10468000382AF1EE10FAC8BF01269FED364A84EDB4
:10469000B80AF007B4EE414A01FE023A94ED151A49
:1046A000F1EE10FAB4EE410A32FE032AF1EE10FAEE
:1046B00010DDB4EE420AF1EE10FA0BDA30EE413AB8
:1046C00032EE400AB4EE430AF1EE10FA31FE020A6D
:1046D00084EDB80A25B19FED1D0A0020C4F8E00260
:1046E000D4F8D802C4F8F000EDF77AFA84ED3E0A67
:1046F00070BDB5EE403AF1EE10FAB6DB9FED160A4A
:10470000B4EE403AF1EE10FA06DD9FED141AB4EE65
:10471000413AF1EE10FAA8DB9FED100AB4EE430A1D
:104720009FED0A0AF1EE10FA33FE000A9DE700BF82
:104730000080B243CDCC4C3F9A99B3430AD7233C77
:10474000CDCC4C3E9A99993E9A9999BE00000000B2
:104750000AD723BC0000B44300000743000087438E
:104760000080844300007A4390F8231190ED3A1AB8
:10477000012918BF80ED541A10B52DED028B90ED74
:10478000230A90ED382AB4EE402A90ED0F8AF1EE1C
:1047900010FA90ED1D3A4FF0010180F823114FF00F
:1047A0000001C0F8F4100FDAB0EE085A90EDDB4AC1
:1047B000B4EE454AF1EE10FA1BDD9FED595AB4EE06
:1047C000454AF1EE10FA14DA9FED564A33EE044AE8
:1047D000B4EE442AF1EE10FA6EDAB5EE401AF1EEBC
:1047E00010FA06DB9FED504AB4EE441AF1EE10FACF
:1047F00062DD9FED4E4A31EE044AB0EEC45AB0EE8F
:10480000004AB4EE445AF1EE10FA55DBB0EEC15A4C
:10481000B4EE445AF1EE10FA4EDBB4EE402A90EDBD
:10482000144AF1EE10FA80ED3C2A11DAB0EE080AD3
:1048300090EDDB5AB4EE405A9FED3D0AF1EE10FACE
:1048400032DD9FED376AB4EE465AF1EE10FA2BDAFC
:104850009FED340A33EE003AB4EE432AF1EE10FA3B
:1048600020DAB4EE441AF1EE10FA06DB9FED313A8D
:10487000B4EE431AF1EE10FA0BDDB5EE401AF1EE8C
:1048800010FA2BDB9FED283AB4EE431AF1EE10FA42
:1048900024DC90ED1F3A33EE000AB4EE402AF1EE2C
:1048A00010FA1BDDB0EE410A0446EDF799F994EDDC
:1048B000382A84ED3E0A01E080ED3C8A32EE480A57
:1048C0009FED1E1A0020B0EEC00AB4EE410AF1EED0
:1048D00010FAB8BF0120BDEC028B10BDB5EE401A36
:1048E000F1EE10FA02DA9FED120ADDE79FED0E0AF3
:1048F000B4EE401AF1EE10FA06DD9FED0F2AB4EE89
:10490000421AF1EE10FACFDB9FED0B0AB4EE410A2A
:104910009FED070AF1EE10FA31FE000AC4E700BF6E
:104920000080B2430AD723BC000007430000B4C391
:10493000000000000000B443000087430AD7233C76
:10494000F0B581B02DED028B044690F8A402012849
:1049500040F04681D4F8D80004F1340590F84610B0
:1049600011B194F8DC1029B9042180F890100120CD
:1049700084F8DC0094F8AD0268B14DF26A00C2F22E
:10498000004000780138032818D8DFE800F002144E
:104990000E10002010E02046FEF7BEFE082084F82E
:1049A000C402284602F090F916E1002000E0012040
:1049B00084F8220102E0012084F8210147F64867CB
:1049C000C2F200473878BFF35F8FC00700F0108154
:1049D00048F68026C2F20046D6E92D01C4E9C50199
:1049E0000020C4F81C033878BFF35F8FC00700F0C5
:1049F0001581D6F8D000C4F8FC02D6F8D400C4F86B
:104A00000003D6F8D800C4F804033878BFF35F8FEA
:104A1000C00700F01981D6E92601C4E9C201D6F821
:104A2000B000C4F81003F0F707FF04F5D071F1F7F8
:104A3000B3F994F8C402012807D194F8A6120139F9
:104A4000B1FA81F1490984F8F91294ED231A94ED31
:104A5000380AB4EE410AF1EE10FA03DBD4F8E8109C
:104A6000C4F86C13062800F2A680DFE800F0041FEB
:104A7000151A0D4C820094F8C50248B10020C4F804
:104A80008803A4F8C00296E094F8C5020428F5D182
:104A90002046FEF709FD8EE094F8C5020228EDD10C
:104AA000F6E794F8C5020328E8D1F1E794F823016A
:104AB000012803D0D4F8E800C4F8500194F8C502E6
:104AC00001284FF0010084F8230102D194F8F91273
:104AD00059B9072184F83813002184F85013C4F819
:104AE000F412C4F85C1384F8C502D4F8E802002874
:104AF00061D094F8F802012876D000285BD12046D6
:104B0000FFF74AF857E094F82301012803D0D4F8BE
:104B1000E800C4F8500194F8C50205284FF00100E0
:104B200084F8230116D084EDB20AD4F8E400C4F866
:104B3000CC02D4F8E810C4F8D012D4F8EC20C4F8B1
:104B4000D422D4F8C832C4E9B630C4E9B81205207A
:104B500084F8C50294EDB80AD4E9B601C4E93C0171
:104B6000EDF73EF884ED3E0AD4F8E402C4F8FC0008
:104B700021E094F82301022803D0D4F8E800C4F817
:104B80005001D4F8CC009FED3B8AB0EE480A0222D7
:104B9000016884F82321C9688847D4F8D000B0EEB2
:104BA000480A0168C9688847D4F8D400B0EE480ABA
:104BB0000168C9688847284602F086F8D4F8D8000A
:104BC00090F8461011B194F8DC1029B9042180F84E
:104BD0009010012084F8DC0094F8C40284F8C50227
:104BE000BDEC028B01B0F0BD2046FFF7C5F9E2E74E
:104BF00047F64860C2F2004013F088FD00283FF4F9
:104C0000E7AE48F68020C2F20040EEF77DFE47F6A0
:104C10004860C2F2004013F08FFDD9E647F64860C5
:104C2000C2F2004013F072FD00283FF4E2AE48F6F5
:104C30008020C2F20040EEF767FE47F64860C2F2FD
:104C4000004013F079FDD4E647F64860C2F2004018
:104C500013F05CFD00283FF4DEAE48F68020C2F27F
:104C60000040EEF751FE47F64860C2F2004013F0F4
:104C700063FDD0E6000000004FF4637112F050BBFA
:104C8000704700000000000010B52DED088B9FED6F
:104C9000420A0446DFED410A00F032FE49F69A105E
:104CA0009FED3F0AC3F6D970A06004F10C00DFED60
:104CB0003D0A00F025FE9FED3C8AF2EE070AB0EEB9
:104CC000480A04F1140000F01BFE9FED389A002002
:104CD0009FED37AAB0EE490AF0EE4A0A0021C4F26D
:104CE0003430CCF2B421C4E9070104F1240000F00F
:104CF00007FEB1EE03BAF0EE4A0A04F12C00B0EE62
:104D00004B0A00F0FDFD9FED2BAAB0EE490AF0EE34
:104D10004A0A04F1340000F0F3FDB0EE4B0AF0EE65
:104D20004A0A04F13C0000F0EBFD9FED23AAB0EE2F
:104D3000490AF0EE4A0A04F1440000F0E1FDB0EE49
:104D40004B0AF0EE4A0A04F14C0000F0D9FDB0EE37
:104D5000480ADFED1A0AD4E9030160656069A165BC
:104D6000A169C4E9170104F1640000F0C9FDB0EEC7
:104D7000480A04F16C00DFED120A00F0C1FDB0EE4C
:104D8000480A04F17400DFED0F0A00F0B9FD204677
:104D9000BDEC088B10BD00BF9A99193F666636417D
:104DA00048E10A40CDCC20415C8F9A40B81E91402A
:104DB000EC5134417B142C413D0A23415C8F34413A
:104DC000AE472B41C3F52241002A4FF0000200F00C
:104DD000E6808C464FF400634CF8062F2CF8023C1A
:104DE000CCF8042090F89020062A00F2D780DFE863
:104DF00002F004A0869C82C1CC0090F84620012AD3
:104E000040F0CC8010B590ED250A90ED181A90ED89
:104E1000192A90ED1A3A30EE410A9FED634A32EEBC
:104E2000411A90ED262A32EE432A90ED1B5A20EECD
:104E3000040A9FED5E4A35EE433A90ED275A22EE82
:104E4000042A90ED206A80EE010A90ED287AD0EDD8
:104E5000220AD0ED291A82EE031A90ED1F2A90ED56
:104E60001E3ABDEEC00A33EE423A35EE422A90EDCC
:104E7000215A36EE456A10EE103A37EE455A90ED5B
:104E8000237A70EEC70A90F8450031EEC77A0860C1
:104E900022EE042A180A25EE045ACB7127EE044AA2
:104EA000887182EE032A85EE063A84EE204ABDEE32
:104EB000C11ABDEEC22ABDEEC33ABDEEC44A11EE20
:104EC00010CA12EE10EA13EE104A14EE102A4FEA3E
:104ED0001C104FEA1E23087243EA0C104872130A92
:104EE00081F80AE02009C87243EA041008730D2013
:104EF000BDE8104051E090F84500FC223DE090F8FC
:104F00004620012A4AD190F8452002F500720A6035
:104F100090F898208A7190F89920CA7190F89A2098
:104F20000A7290F89B20092037E090F84500FD2296
:104F300023E090F84620012A33D190F8452002F56D
:104F400080720A6090F894208A7190F89520CA7156
:104F500090F896200A7290F897204A7290F898205C
:104F60008A7290F89920CA7290F89A200A7390F881
:104F70009B2011E090F84500FE2208604FF0FF30C2
:104F8000CCF80000CCF8030006E04FF0FF30CCF87E
:104F90000300CCF80000FB220D200A540122104629
:104FA00070470020704700BF00FF7F4700F07F453B
:104FB00090ED2A1A022120EE010A9FED041A80F8D2
:104FC000901080EE010A80ED260A704700003443FD
:104FD0008A7990ED180A90ED191A90ED1A2A02F0CC
:104FE0000F0280F845208A7931EE401A90ED1B3A85
:104FF00090ED1C6A120980F84620B1F8072033EEC4
:10500000423A90ED1D7A36EE476A92FA92FCC0F869
:1050100048C04B7A04EE10CA8A7A1B01B8EE444AA3
:1050200043EA1212C2648B7A05EE102AC97A21EE85
:10503000041A03F00F03B8EE455A41EA0321016553
:1050400000EE901A23EE053A9FED0D5A81EE051AF7
:105050009FED0C5AF8EE600A83EE053A30EE010A35
:1050600026EE204A80ED150A32EE030A80ED160A7C
:1050700084EE054A37EE040A80ED170A704700BF38
:1050800000FF7F4700F07F4590ED2A1A012120EEB6
:10509000812A80F8901020EE010A9FED051A82EE19
:1050A000012A80EE010A80ED252A80ED260A70474C
:1050B00000003443000000007047000000000000C2
:1050C0002DE9F04381B0044640F2011000259846D6
:1050D000A0804FF07A7020640898C4E904054FF06E
:1050E0007E50A360C4E909004DF618200023C0F6E5
:1050F0000300C4F248130830206000206366CCF23D
:105100004810206600200023CCF2F010A06600209A
:10511000C4F2F013C4F29010E3660023206700206D
:10512000CCF29013C4F2FA300F46C4E91D300020CF
:105130000023C4F2A000C4F880000020CCF22013A9
:10514000C4F220102D21C4E92203032084F890002A
:1051500040F6DA702573C4F249002562C4E929508B
:1051600004F1C400E562C4E90C55C4E90E55C4E974
:10517000065584F846509146E567C4F88450C4E962
:105180002555C4F89C50C4F8A050DBF706FB41F24B
:105190006F202421C3F68320C4F8C050C4E94050D6
:1051A00004F59070C4F8FC50C4E92C55C4E92E55A0
:1051B000C4E93D55C4F80851012684F8AC6084F870
:1051C0000C51DBF7EAFA4DF20A70A4F85C51C3F611
:1051D0002340C4F85801C4E95155C4E95305C4E952
:1051E0004455C4E9465584F85461204684F86071FA
:1051F00084F8458084F8449001B0BDE8F083000055
:105200004FF4B27112F08CB8B0B547F65461C2F2E7
:1052100000410978BFF35F8FC90704D049F2B41089
:10522000C2F20040B0BD47F654610446C2F20041EC
:10523000084613F06BFA0028F0D0234649F2B41464
:10524000C2F2004449F27112C2F2004240212046EB
:10525000FDF75EFB4DF65C206021C0F603000025E3
:105260000830206004F120006577DBF796FA012012
:1052700084F8800047F65460C4F88C50C2F20040B5
:10528000C4E9215513F058FAC8E7000000000000F7
:1052900090ED1E0A70470000B0B5162A5AD10A7860
:1052A000552A57D1CA7A552A54D14A78522A51D10F
:1052B0000A7B532A4ED18A7891F804C0CB7891F8B2
:1052C00005E0CC791A448B79624472441A440B7A13
:1052D00022444C7A1A448B7A2244593AD2B29A42E6
:1052E00018BFB0BD4A7B0D7C8B7BCC7B1A444B7CBA
:1052F00022448C7C2A441A44CB7C22440C7D1A44E0
:105300004B7D2244583AD2B29A4223D14CEA0E2223
:105310009FED111A02329FED112A12B200EE102AEF
:10532000B8EEC00A20EE010A20EE020A80ED1F0A44
:10533000B1F9111000EE101AB8EEC00A20EE010A01
:105340009FED071A20EE010A80ED1A0ABDE8B04071
:1053500000F00EB8B0BD00BF000000380000FA44F5
:10536000000034430000000090ED220A7047000066
:1053700090F88010012910D190F86710013180F861
:105380006710CAB2072A38BF7047002180F8801022
:1053900080ED1B0A80F86710704790ED1B1A30EE05
:1053A000410A9FED181A80ED1C0AB4EE410AF1EE95
:1053B00010FA09DA9FED151AB4EE410AF1EE10FA6F
:1053C00008DA9FED111A01E09FED0D1A30EE010A87
:1053D00080ED1C0A9FED0E1A90ED1F3A20EE012A77
:1053E00080ED1D0A23EE011A9FED073A82EE032A93
:1053F00081EE030A80ED1E2A80ED220A704700BF6D
:105400000000B4C3000034430000B443000034C3C0
:10541000DB0FC9400000000090F82410002918BFDD
:10542000704710B5016904460846F1F725FD206272
:10543000FDF762FA012084F82400BDE810407047AF
:10544000704700000000000080B500BF4FF47A7084
:1054500012F0FAFBFAE700007047000000000000BD
:105460002DE9F04F83B00446C06800287DD049F292
:10547000442141F20407C2F20041CEF200070A784B
:105480008AB94EF6FC52CEF20002136843F08073E4
:10549000136000223A6057F8042C42F0010247F8EA
:1054A000042C01220A704FF47A7100FB01FB14F006
:1054B00013FE40F2340902AEC2F20049029004F138
:1054C0001400019004E000BFE168304613F0C0FB17
:1054D000D7F800802068C16820468847D7F800A028
:1054E00014F0FAFD217C0029EED0D9F800209AB101
:1054F00044F240210546AAEB0800C0F20F01A0FBD0
:1055000001010023DAF7F7FF616A02468142206257
:10551000284638BF626201E000222262A16A8A4204
:1055200038BFA2625A4517D96169E36A01316161E6
:10553000B1FBF3F505FB131373B994F83010A369AD
:10554000012903F10101A16106D121680546204628
:105550000B690199984728460299401AE1688842E8
:10556000B3D9E0690130E061AFE720688168204687
:105570008847002003B0BDE8F04F13F0E1BB000006
:10558000342111F0CDBE0000704700000000000083
:10559000002A08BF70472DE9F04F85B0057800F16B
:1055A000040E90F802C04FF000094378002700264F
:1055B000039300F148030093431D0293831D01935D
:1055C00007E000BF002505700136F7B2BA4240F28D
:1055D000AC80EDB2062DF5D8DFE805F0042D1A24D5
:1055E00009348600CF5DAA2F62D10125EBE7B0F820
:1055F0004450CF5D5FFA8CF40EF80570B0F844703B
:105600000137A0F84470BDB2A5424CD20425DBE7B7
:10561000CF5DA7F10B0515F10A0FD3D34770032512
:105620000397D0E7CF5D402FCCD887700425A0F832
:105630004490BC46C7E7CF5D553FB7FA87F77F096F
:105640007D00C0E711F80780BCF1000F32D05FEA9F
:105650009C054FF000072FD0CDF810C0A7EB8504B4
:105660006FF0030C0EEB0C050CF1040C04EB0C03B7
:1056700095F8049095F805A095F806B0043387EAEC
:105680000907ED7987EA0A0787EA0B0787EA050722
:10569000E8D10CF10404DDF810C04FF000091CF053
:1056A00003050DD11BE005250570A0F844908BE79C
:1056B000002589E7002712E000241CF003050ED026
:1056C0001EF80430012D87EA030708D0029B022D43
:1056D0001B5D87EA030702D0019B1B5D5F4000252D
:1056E000B84508BF06256EE7C95DEE291BD1BCF1A0
:1056F000000F18D00399052910D0012913D1BCF14E
:10570000040F10D3ACF1040101220C2902EB910229
:1057100002F0030C0DD2002200271CE0B0F8481361
:105720000131A0F848130021017005B0BDE8F04F29
:10573000704722F0030800220027C3190432904565
:1057400007F11007D3E90154D3E90316C3E9125452
:1057500019655E65F1D1BCF1000FE4D0009BBCF18E
:10576000010F5EF8071043F82210DCD0009907EB18
:105770000E03BCF1020F01EB820259685160D2D0D6
:1057800099689160CFE700002DE9F04F81B0834622
:10579000B0F84A0391469A46ABF84D030BF25130EC
:1057A0008BF84F1311461A460BF24D388BF85033D5
:1057B000DAF74AFFBAF1000F0AD0BAF1040F0AF083
:1057C000030C07D200200021BCF1000F1DD12CE0FA
:1057D00000212AE02AF0030009F1010342420021DE
:1057E0006FF003001D180430EF782E796C79AD79D5
:1057F000794017187140043781EA040181EA0501F4
:10580000F0D10430BCF1000F0FD019F80020BCF12A
:10581000010F81EA020108D04844BCF1020F42782E
:1058200081EA020101D0807841400AEB08009BF830
:105830004C23017180214271404601B0BDE8F04F18
:10584000DFF742BB00000000B0B504460D46002162
:1058500001700430A4F848134221DAF79EFF45F2A4
:10586000AA50A4F84A034FF0EE0084F84C03C4F8A1
:10587000D45385B14CF26C50C2F200400178092932
:1058800007D847F6E862C2F2004242F821400131EF
:1058900001702046B0BDDFF7C7FD2046B0BD000057
:1058A00091ED010A90ED011A30EE410A91ED001AD6
:1058B00090ED002A31EE421A20EE000AA1EE010A14
:1058C00070470000000000009FED0B1A91ED002AC8
:1058D00080FE010AB7EE001A91ED013A80FE411AEE
:1058E00090EC020A32EE402A33EE603A01EE020AF0
:1058F00041EE030A704700BF0000000000000000F6
:1059000080EC020A704700000021C0E900117047D6
:1059100088421CBFD1E90012C0E9001270470000A4
:1059200084B004466D4603E0C168A14277D000BF51
:10593000606C0028FCD04FF0FF32294614F0B8F814
:105940000128F5D1042702E001370E2F14D054F8B6
:105950002760002EF8D03069A042F5D13068294682
:10596000826B304690470028EED030682946426B63
:1059700030469047E8E700BFA06BC8B10099426885
:1059800091420AD1027A9DF8043093420AD0C9B2FA
:105990009DF807208A420BD104E0D2B29DF807108F
:1059A000914205D1C168A14202D12946ECF704FB1E
:1059B000E06BC8B10099426891420AD1027A9DF821
:1059C000043093420AD0C9B29DF807208A420BD115
:1059D00004E0D2B29DF80710914205D1C168A142FE
:1059E00002D12946ECF7E8FA206C0028A0D00099F3
:1059F000426891420CD1027A9DF8043093423FF400
:105A000093AFC9B29DF807208A427FF491AF8BE72C
:105A1000D2B29DF8071091427FF48AAF84E72946FD
:105A2000ECF7CAFA84E70000B0B547F65861C2F255
:105A300000410978BFF35F8FC9075DD047F65C610D
:105A4000C2F200410978BFF35F8FC9077ED047F6E5
:105A50006061C2F200410978BFF35F8FC90700F0AF
:105A6000A0804BF6C801C2F20041884220D04BF61C
:105A70006811C2F2004188422CD04BF60821C2F2D4
:105A8000004188421CBF0020B0BD47F6C86149F202
:105A90005860C2F20041C2F200408A68824208BFE8
:105AA000B0BD88604AF66451C2F200418860B0BD62
:105AB00047F6C86149F24820C2F20041C2F20040F4
:105AC0000A688242F3D008604AF66451C2F200418B
:105AD0000860B0BD47F6C86149F25040C2F20041CB
:105AE000C2F200404A688242E1D048604AF66451FE
:105AF000C2F200414860B0BD47F658610546C2F2A7
:105B00000041084612F002FE01462846002995D0C1
:105B100049F248244BF6C801C2F20044C2F20041E7
:105B2000204600F09DFA46F2291040F20002C0F62D
:105B30000200C0F600022146DAF755FD47F658602C
:105B4000C2F2004012F0F8FD284677E747F65C61A4
:105B50000546C2F20041084612F0D8FD014628462B
:105B600000293FF474AF49F250444BF66811C2F279
:105B70000044C2F20041204600F072FA46F22910B9
:105B800040F20002C0F60200C0F600022146DAF739
:105B90002AFD47F65C60C2F2004012F0CDFD2846B7
:105BA00055E747F660610546C2F20041084612F02B
:105BB000ADFD0146284600293FF453AF49F2586431
:105BC0004BF60821C2F20044C2F20041204600F028
:105BD00047FA46F2291040F20002C0F60200C0F671
:105BE00000022146DAF7FFFC47F66060C2F200408F
:105BF00012F0A2FD284634E70A69824201D0002053
:105C00007047024652F8103FA3B14369A3B18369BC
:105C1000A3B1C369A3B1036AA3B1436AA3B1836A01
:105C2000A3B1C36AA3B1036BA3B1406B0028E6D153
:105C3000092010E000200EE001200CE002200AE024
:105C4000032008E0042006E0052004E0062002E02E
:105C5000072000E0082042F82010012070470000D3
:105C6000F0B503AF83B08146006847F8140CADEB84
:105C7000001047F8180C85464FF47A78D9F80800D8
:105C80004FF0FF3114F028F899F8C100012812D123
:105C9000D9F80C00E1F798FFD9F80C00E1F778FF8C
:105CA0000121D9F80C000022C0F20021E1F7CCF864
:105CB000002089F8C100042503E000BF01350E2D46
:105CC00010D059F825000028F8D0B0F84010B0F8EE
:105CD00042200131B8FBF2F29142EFD30168C96969
:105CE0008847EBE74FF47A744FF0000B4FF0000851
:105CF00009E000BF57F8140C834561D208F1010890
:105D0000B8F10A0F5CD009EB8800B8F1020F056901
:105D100004D8866B55EA0600F0D003E0002655EA69
:105D20000600EBD06DB1B5F84200B0F57A7F0BD02C
:105D3000B5F84010B4FBF0F2481C904204D2A5F82C
:105D40004000002016B90FE001206EB1B6F84810EF
:105D5000B1F57A7F2ED0B6F84620B4FBF1F3511C92
:105D6000994227D2A6F846104FF0000A78B1286869
:105D700057F8181C57F8142C01EB0B11A2EB0B026F
:105D8000036B2846984783440020A5F84000BAF1E9
:105D9000000FAFD057F8180C00EB0B1157F8140C8C
:105DA000A0EB0B023046ECF77BF883440020A6F80A
:105DB00046009FE74FF0010A0028D8D1E7E700BF6F
:105DC000BBF1000F4FF47A78C9F8C4B058D0D9F8B5
:105DD0000000002854D049F6600404210020C2F2DB
:105DE000004457F8186C09EB000332183658D2E912
:105DF000015CC3E93265CE1EC3F8D0C0D568C3F8D4
:105E0000D4505E453CBFD9F80050AE4240D2D2E9F2
:105E10000465D2F818C0C3F8E0C0C3E936658E1E29
:105E2000D569C3F8E4505E453CBFD9F80050AE4296
:105E30002ED2D2E90865D2F828C0C3F8F0C0C3E971
:105E40003A654E1ED56AC3F8F4505E453CBFD9F89A
:105E50000050AE421CD25945D2E90C65C3F8F86037
:105E6000966BC3E93F56D26BC3F8042110D2D9F820
:105E700000204030914201F10401B2D308E000BF9C
:105E800049F66004BBF1000FC2F200443FF4F6AEE5
:105E900057F8185C06E000BFBBF1010B05F11005D7
:105EA0003FF4ECAE4846294600F096F80028F3D1BE
:105EB000206801302060EFE7F0B58BB0044690F821
:105EC000C000002875D103AD02200590E068294686
:105ED0000027CDE9097701260897CDE90377CDE9B9
:105EE0000667E1F729F84FF080402946CDE903061F
:105EF000E068CDE90777E1F71FF8E068E1F748FED1
:105F000018B1C4F8B860DFF78FFA0121E068C0F279
:105F100000210022E0F798FF20B10120C4F8BC0066
:105F2000DFF782FA4BF6C801E068C2F2004147F69B
:105F3000C86288424AF66451C2F20041C2F200428D
:105F400010D04BF66813C2F20043984208D04BF6CB
:105F50000823C2F20043984206D10831083201E01A
:105F60000431043214600C600021EBF7F5FE45F2B9
:105F7000614504F14803C0F60205E16C04F15000EC
:105F800003274FF40072CDE90070284614F020F882
:105F900004F18003D4F8841004F1880004274FF43E
:105FA0000072CDE90070284614F012F8012084F840
:105FB000C0000BB0F0BD0000406BFFF7B1FC00006B
:105FC000382111F0ADB90000406BFFF749FE000029
:105FD000382111F0A5B90000B0B58CB00D460446CB
:105FE0004068012113F078FE012834D1E06860B3E5
:105FF000D5F80A1001912979D5F8062000922A686F
:10600000002903924FF0080218BF4FF0804104911D
:1060100000210591CDE90621CDE90811CDE90A114C
:1060200003A96A46E0F74CFF4DF268010546C2F24B
:1060300000410022002308700021606813F0F0FA8C
:10604000B5FA85F040090CB0B0BD606800210022AF
:10605000002313F0E5FA00200CB0B0BD00000000F2
:10606000B0B5044614200022002520604FF40070D3
:10607000E1601021C4E90E55256413F01DFA4DF6B8
:106080009033012184F858104FF0FF32C4E91C21ED
:106090004FF2DA0CC0F6030384F89010C0F6030C3C
:1060A000C4F8AC104DF6AC31606403F10800C4E9EB
:1060B000120C4FF2D000C0F60301C0F60300083105
:1060C000C4E9201004F110002821C4E91755C4E9DF
:1060D0001955E56684F87850C4E91455C4E9255586
:1060E000C4E92755C4E9295284F8B050E467C4E9EB
:1060F0002255C4E92D45C4F8BC5084F8C05084F83A
:10610000C150C4F8C450DAF748FB012013F09CF9E1
:10611000606001200021032213F0CEF9A060204628
:10612000B0BD000000000000416C002908BF7047AE
:1061300010B50446084612F0CFFC2046BDE81040DA
:106140007047000000000000002A4FF0000200F03D
:10615000A48090F85830002B00F09F80426C4FF4E0
:1061600000638B800023C1F80A30C1F80630836CCD
:106170000A6013B393F84C2093ED060A022A05D067
:10618000012A07D0AAB99FED491A01E09FED441AF0
:1061900020EE010A9FED431A80FE410A9FED421A4C
:1061A00080FE010ABDEEC00A10EE102A93B21B0A4F
:1061B00001E0002200238B71CA71C36C13B393F802
:1061C0004C2093ED060A32B1012A08D0022A15D1DB
:1061D0009FED331A01E09FED351A20EE010A9FED85
:1061E000311A80FE410A9FED301A80FE010ABDEE91
:1061F000C00A10EE102A93B21B0A01E0002200230D
:106200000B724A72036D13B393F84C2093ED060A98
:1062100032B1012A08D0022A15D19FED211A01E0DE
:106220009FED221A20EE010A9FED1E1A80FE410A00
:106230009FED1D1A80FE010ABDEEC00A10EE102A65
:1062400093B21B0A01E0002200238B72CA72426DD6
:1062500012B392F84C0092ED060A30B1012808D032
:10626000022815D19FED0E1A01E09FED101A20EEC5
:10627000010A9FED0C1A80FE410A9FED0B1A80FE69
:10628000010ABDEEC00A10EE100A82B2120A01E045
:10629000002000220A73487301221046704700BF95
:1062A0003EC3AE4000FEFF4600FEFFC617B7513F9B
:1062B0007047000000000000704700000000000070
:1062C00061B170B590F85840032C05D88B68A3F1E4
:1062D000090212F1080F03D2002070BD00207047A0
:1062E00091F84C20022A0BD1466C40F2FE25AE42BA
:1062F00014D0B6F5FF7FEFD15E1E042E15D3EBE769
:10630000012AE9D8466C40F2FF15AE420AD0B6F534
:10631000007FE1D15E1E042EDED206E05E1F032E5A
:10632000DAD202E05E1F032ED6D834B190F859605D
:10633000022A09D1002ECFD008E0961EB6FA86F6C2
:10634000760980F8596001E0002EC5D10D46194646
:10635000064602F0A5FB0028BED406F1480151F81C
:106360002020002AB8D141F82050601C86F858003F
:10637000012070BD0000000040F201138380002363
:106380008160C0E904234FF07E520373C0E9092203
:106390004DF684220362C0F60302C362C0E90633ED
:1063A00008320260A0F858304FF07A72C0E9143316
:1063B000C0E90C33C0E90E33C0E91021C0E9123343
:1063C00070470000000000005C2110F0A9BF000031
:1063D000002070470000000010B52DED028B0B89E6
:1063E00004464A8991F806C091F807E094ED0A1A2C
:1063F000D8BA00EE100A94F84C00097B12BAB8EE35
:10640000C00A02284FEA124321EE000A84ED0B0A6B
:106410000CD0012804D098B918B29FED501A08E0AA
:1064200018B200EE100AB8EEC00A0BE018B29FEDE9
:106430004A1A00EE100AB8EEC00A20EE010A01E086
:106440009FED440A48B284ED0C0A00EE100A61790F
:106450000129B8EEC00A84ED0F0A57D14EEA0C218B
:1064600004F15000A4F84E10FCF79EFA94ED150AC2
:1064700094ED0A1A207920EE010A84ED0E0A012813
:1064800044D1B0EEC01A9FED362AB4EE421AF1EEB6
:1064900010FA2ADA9FED331AB4EE410AF1EE10FA3F
:1064A00037DAB5EE400A84ED0D0AF1EE10FA2DDA76
:1064B00030EE010AB5EE400AF1EE10FA24DA30EEC1
:1064C000010AB5EE400AF1EE10FABEBF30EE010A45
:1064D000B5EE400AF1EE10FA16DA30EE010AB5EE2A
:1064E000400AF1EE10FAE3DB0EE09FED1E8AF0EEBB
:1064F000480A14F035FFB5EE400A84ED0D0AF1EEBE
:1065000010FA03DA30EE080A84ED0D0ABDEC028BB6
:1065100010BD9FED152A00BF30EE020AB4EE410A0D
:10652000F1EE10FAA1BF30EE020AB4EE410AF1EE2C
:1065300010FA30EE020AA4BFB4EE410AF1EE10FAEE
:10654000AFDB30EE020AB4EE410AF1EE10FAE3DA04
:10655000A7E700BF0000000000803B3E00409C3FDA
:106560000000E1440000B4430000B4C30000000098
:106570002DE9F04389B044F22C478DED070AC51987
:10658000CDED080A95F84983B8F1000F57D195F879
:10659000397340F20114A5F84843B0EE401AF0EE0A
:1065A000601A07EBC70605EB860445F82610159917
:1065B00006466260109AE260119A2261129A626144
:1065C000139AA261149AC4E907214FF45A7100F199
:1065D0000C0217FB012195EDCA0AD5EDCB0AA36089
:1065E0000846EBF799FF95F839034FF0000996ED4F
:1065F000030AC6F80890013085F8390395ED061AAC
:1066000044F2FC6030EE410A304495E80E4085EDDE
:10661000070A2C6AC5F81890D5E9047C05948DED1D
:10662000040ACDE900E7CDE902C9F0F7D9FA44F24E
:10663000687007A9304485F83893FFF769F988F046
:10664000010009B0BDE8F0832DE9F0478EB044F2B7
:106650002871044647188DED0A0ACDED0B0A97F80C
:106660004C00002800F08880A0684FF45A7504F1AF
:106670000C0A07F11C0600FB05A03146ECF7E8F90F
:10668000A06897ED070A00FB05A0ECF74DF944F26E
:10669000FC6087ED060A04EB00084046F0F730FB8B
:1066A000207887ED080A397887F83C10B8B9A068D7
:1066B00096ED000A00FB05A0ECF786F906A88DED23
:1066C000060ACDED070A02F093F944F24C7008A9CE
:1066D00020448DED080ACDED090AFFF719F9A068ED
:1066E00000FB05A0D0E96901CDE906010AA806A9C9
:1066F00002F09AF908A88DED080ACDED090A02F01A
:106700006BF9B0EEC00A94ED011A87ED120AB4EEEF
:10671000410AF1EE10FA0FDD96ED001A9FED5C2AAA
:10672000B4EE421AF1EE10FA7DDB9FED5A1AB4EE88
:10673000410AF1EE10FA76DCA06897F83D100130BE
:10674000A06088424FF00001F96123DA44F22C4145
:1067500000EBC00004EB0109B7EE001A09EB800062
:1067600090ED070AB4EE410AF1EE10FA18D1B7EE37
:10677000000A012020701EE09FED470A0CA8F0EEF1
:10678000400AFFF7BDF89DED0C0ADDED0D0A0EB0D5
:10679000BDE8F08787F84C10042087F83C0042E001
:1067A000B0EE001AB4EE410AF1EE10FA52D1012017
:1067B0002070BFEE000A08AEDFED370A3046FFF763
:1067C0009FF844F24C7031462044FFF7A1F8A068CE
:1067D0004FF45A7100FB01A100EBC00009EB8000EF
:1067E00091ED001A90ED060A31EE400AB5EE400A2E
:1067F000F1EE10FA02DD80ED070A03E0B0EE410A87
:1068000080ED071A4FF0000CC0F818C090E86E40F9
:10681000006A059040468DED040A8DE86040CDF891
:106820000CC0F0F7DDF944F24C7097ED080A2044F3
:1068300002F01AF907F1340008A98DED080ACDED30
:10684000090AFFF765F897ED0D0AD7ED0E0A0EB0AD
:10685000BDE8F087B0EE081AB4EE410AF1EE10FA86
:1068600004D1F7EE000A012020700AE0B1EE001A10
:10687000B4EE410AF1EE10FA07D101202070FFEECC
:10688000000A08AE9FED040A98E7002020709EE7FA
:1068900077BE7F3FCDCC4C3E0000000000000000E2
:1068A0002DE9F04182B044F254758DED000A44198F
:1068B000CDED010A94F82180B8F1000F2DD1657C4F
:1068C00044F22C4CB0EE401AF0EE601ADDF834E0E1
:1068D00005EBC50600EB860606EB0C0746F80C1028
:1068E0000B997A600A9ABB60089BFB60099BC7E919
:1068F00004324FF45A72B96115FB02000C9994EC02
:10690000020A0C30C7E9071EEBF706FE607C6946F9
:10691000013060742046FEF7FBFF88F0010002B0F2
:10692000BDE8F08100000000F0B581B02DED028BD4
:1069300086B044F240770446C6194CF6CD40002597
:10694000C3F64C50C4E9010504F10C002570ECF7C6
:1069500073FA04F55D70ECF76FFA04F2DC60ECF7A3
:106960006BFA04F64420ECF767FA04F6AC50ECF747
:1069700063FA41F214102044ECF75EFA41F27C40D5
:106980002044ECF759FA41F2E4702044ECF754FA51
:1069900041F64C302044ECF74FFA41F6B460204405
:1069A000ECF74AFA42F21C202044ECF745FA42F296
:1069B00084502044ECF740FA42F6EC002044ECF717
:1069C0003BFA42F654402044ECF736FA42F6BC70EB
:1069D0002044ECF731FA43F224302044ECF72CFA4F
:1069E00043F28C602044ECF727FA43F6F41020447D
:1069F000ECF722FA43F65C502044ECF71DFA44F21F
:106A0000C4002044ECF718FA44F2FC604CF2AC519C
:106A10002044C3F227710591002100220023CDE913
:106A20000055029503950495F0F7F2F99FED1B8A46
:106A300044F24C70B0EE480AF0EE480A2044E551AA
:106A40007560B560FEF75CFFB0EE480AF0EE480AEC
:106A500044F254702044FEF753FFB0EE480AF0EEC3
:106A6000480A44F25C702044FEF74AFFB0EE480A40
:106A7000F0EE480A44F268710420B0846018FEF712
:106A80003FFF44F2707086F82550211825502046AB
:106A90008D8006B0BDEC028B01B0F0BD000000009F
:106AA000B0B52DED088B044690ED071A9FED7E2AB8
:106AB0000020B4EE421A9FED7D2AF1EE10FAC8BF15
:106AC00001209FED7C8AB0EE409AC0079FED784A86
:106AD00001FE023AB0EE600AF0EE480AB4EE414A16
:106AE000F1EE10FA4FF0000532FE03BA14F038FC54
:106AF000B0EE40AA30EE080AF0EE480AB5EE40AA21
:106B0000F1EE10FAB8BFB0EE40AAB0EE490A14F0A8
:106B100027FC94ED086A3BEE4A3A3AEE462AB5EE77
:106B2000400A30EE081A9FED644AF1EE10FAB8BF41
:106B3000B0EE410AB4EE4BAAF1EE10FAB8BF01254F
:106B4000B4EE423A94ED4B5AF1EE10FAB4EE46AA86
:106B500036FE0B1AE8070AFE011AF1EE10FA31FEB2
:106B60000A2A84ED4B2A32EE401AB4EE441AF1EEB2
:106B700010FA04DD9FED523A31EE037A0AE0B0EEEE
:106B8000417A9FED4E3AB4EE431AF1EE10FA01DC71
:106B900031EE087AF0EEC70AB2EE043AF4EE430A98
:106BA000F1EE10FA0EDA002032EE452A84F82001C8
:106BB000B4EE441AF1EE10FA17DD9FED414A31EEC2
:106BC000041A1BE0B5EE407AF1EE10FA2BDDB4EEBC
:106BD0004B0AF1EE10FAE6DA30EE077AB4EE467AB6
:106BE000F1EE10FADFDD0220DEE79FED344AB4EE6D
:106BF000441AF1EE10FA01DC31EE081AB0EEC14A87
:106C0000B0EEC22AB4EE434AF1EE10FA27DB0228B6
:106C10001CD0012823D1B5EE401AF1EE10FA1EDA8D
:106C200031EE081A1BE0B5EE407AF1EE10FABADA4E
:106C3000B4EE460AF1EE10FAB5DD30EE076AB4EEB6
:106C40004B6AF1EE10FAAEDA0120ADE7B5EE401A6C
:106C5000F1EE10FA03DD9FED1A3A31EE031A30EE31
:106C6000010A9FED181AB4EE412AF1EE10FA09DC80
:106C700094ED491A30EE411A81EE081AB8FE411A15
:106C8000A1EE480AF0EE480A84ED490A14F068FBC8
:106C900030EE081AB5EE400AF1EE10FAB8BFB0EEC9
:106CA000410ABDEC088BB0BD0000874300808443DF
:106CB00000007A430000B44300003443000034C3B2
:106CC0000000B4C30AD7233CB0B52DED108B0446A9
:106CD00000F07AFB01F040FF94F8080184ED000A0F
:106CE000002862D094ED401A84ED400AD4F8A00048
:106CF00030EE411A84ED411AD0B10168C96A884763
:106D0000D4F8A00084ED4A0A90B10168C96A8847A6
:106D100094ED451A20EE010A94ED0C1A20EE010ABA
:106D20009FEDC91A80EE010AEAF75AFF84ED2D0A99
:106D3000D4F89C0080B10168C96A884794ED441A70
:106D400020EE010A94ED0A1A20EE010A9FEDBE1A08
:106D500080EE010A84ED2C0AD4F8980080B1016815
:106D6000C96A884794ED431A20EE010A94ED0B1A84
:106D700020EE010A9FEDB41A80EE010A84ED2B0A81
:106D8000D4F8A40048B30168C96A884794ED461A4C
:106D900020EE010A94ED0D1A20EE010A9FEDAA1AC9
:106DA00080EE01AA84ED2EAA19E084ED400A0120AC
:106DB00084F80801D4F8AC00C4F8BC00D4F8B000E2
:106DC000C4F8C000D4F8B400C4F8C400D4F8B800C3
:106DD000C4F8C800BDEC108BB0BD94ED2EAA94EDA4
:106DE0002D8A9FED9A0A28EE000A9FED99BA94ED3C
:106DF0002C1A80EE0B9A94ED040A30EE01CAB0EE24
:106E0000490A14F005FA2CEE000A84ED3C0AB0EEB3
:106E1000490A14F02FFE94F8EF002CEE000AD4F883
:106E2000AC10C4F8F810022884ED3D0A84ED3FAAA6
:106E300000F0A380012854D000287BD194ED339A30
:106E40009FED840AB0EEC91A94ED34AA94ED35DAB8
:106E500094ED36CAB4EE401AF1EE10FA06DAB0EE4E
:106E6000CA1AB4EE401AF1EE10FA0BDBB0EE4A0A81
:106E7000F0EE490A14F076F820EE0B0A9FED761A30
:106E800080EE018AB0EE480AEAF7AAFE2AEE0A1A54
:106E900094ED042A84ED310A94ED010A94ED033A4D
:106EA000B5EE40DAA9EE091A8DFE400AF1EE10FAAD
:106EB000B1EEC11A31EE421A9FED682AB8BFB0EEAA
:106EC000420A84ED32CA81FE433AB5EE401AF1EE31
:106ED00010FAB8BFB0EE423A84ED2F0A84ED303A92
:106EE00028E094ED010A94ED303A94ED2F2A2046E3
:106EF00082FE400AB5EE402A9FEDE62A94ED031A81
:106F0000F1EE10FAB8BFB0EE420A83FE411AB5EEB8
:106F1000403AF1EE10FAB8BFB0EE421A84ED2F0AF3
:106F2000B0EE480AD4ED310A84ED301AFFF7B8FD0F
:106F300084ED310AD4F8A000002800F09E8001689A
:106F4000C96A884794ED451A94ED0C2A20EE010A8F
:106F500094F82001022820EE023A9FEDCD0A83EE3C
:106F6000004A94ED313A34EE434A84EE004A1FD091
:106F7000012820D1BAFE444A1FE0D4F8A40000281A
:106F800000F0828194ED320A94ED461A20EE010A57
:106F900094ED0D1A80EE010A9FEDBD1A60EE010A14
:106FA00094ED060ABDEC108BBDE8B040FEF76CB85E
:106FB000BBFE444A01E0B8FE444AA4EE003AD4F8CD
:106FC000A0000168C96A21EE031A81EE021A21EEBF
:106FD000008A884738EE402A94ED501A94ED4C4AC6
:106FE00094ED4D5A94ED4E6A22EE013A94ED411A19
:106FF00025EE015A83FE443AB1EE444A83FE043A38
:1070000036EE454A36EE055A83FE044AB4EE453A5A
:10701000F1EE10FAB0EEC23A35FE042A9FED9E4A18
:1070200084ED4E2AB4EE443AF1EE10FA18DAB0EEDE
:10703000C23A9FED9A4AB4EE443AF1EE10FA0FDAF2
:107040000020C4F838010FE00000B443DA0F4940D3
:1070500000003443BD378635DB0F49400000000097
:1070600001EE020AB0EE408AD4F8A000B0EE480A61
:1070700084ED4F8A016849698847D4F89C009FEDE8
:1070800084AA94ED0BDA002894ED0D9A94ED32BAAF
:1070900094ED2FEA94ED46CA94ED43FA55D094ED61
:1070A000300A016894ED441A20EE010A94ED0A1AA0
:1070B000C96A80EE010A20EE0A8A884738EE402A23
:1070C00094ED551A94ED514A94ED525A94ED536A49
:1070D00022EE013A94ED411A25EE015A83FE443A1C
:1070E000B1EE444A83FE043A36EE454A36EE055A7E
:1070F00083FE044AB4EE453AF1EE10FAB0EEC23A1D
:1071000035FE042A9FED644A84ED532AB4EE443AD6
:10711000F1EE10FA0CDAB0EEC23A9FED604AB4EE2E
:10712000443AF1EE10FA03DA0020C4F84C0103E00F
:1071300001EE020AB0EE408AD4F89C00B0EE480A94
:1071400084ED548A016849698847D4F8980000287A
:107150004FD02EEE0F0A0168C96A80EE0D0A20EEAC
:107160000A8A884738EE402A94ED5A1A94ED564A16
:1071700094ED575A94ED586A22EE013A94ED411A73
:1071800025EE015A83FE443AB1EE444A83FE043AA6
:1071900036EE454A36EE055A83FE044AB4EE453AC9
:1071A000F1EE10FAB0EEC23A35FE042A9FED3A4AEB
:1071B00084ED582AB4EE443AF1EE10FA0CDAB0EE4F
:1071C000C23A9FED364AB4EE443AF1EE10FA03DAD1
:1071D0000020C4F8600103E001EE020AB0EE408A2C
:1071E000D4F89800B0EE480A84ED598A01684969DC
:1071F0008847D4F8A40048B12BEE0C0A80EE090AA7
:1072000060EE0A0A94ED060AFDF73EFF94F8EC00E2
:10721000B4F86C10B0FA80F04509A06E2A46E0F789
:10722000E7FEB4F88410D4F880002A46E0F7E0FEC8
:1072300094F8ED0008B1012206E0B4F87410206F54
:107240000122E0F7D5FE0022B4F88C10D4F88800B3
:10725000E0F7CEFE94F8EE0028B1B4F89410D4F81C
:10726000900000220AE0B4F87410206F0122E0F7C9
:10727000BFFEB4F89410D4F890000122BDEC108B3E
:10728000BDE8B040E0F7B4BEBDEC108BB0BD00BFB0
:107290000000B443000000000AD7233CCDCCCC3D15
:1072A00083B0B0B581B0059105A9CDE9062394223C
:1072B0000446002540F8045BD9F70BFA04F1AC0052
:1072C000402184F8A850C4E92655C4F8A050C4F859
:1072D000A450D9F762FA40F20111A4F8EC10012190
:1072E00084F8EE104FF07E5104F59870C4E9431114
:1072F000C4E945114AF2000144F20002C4F20C71E3
:10730000C4F29C7226C0002104F5A270C4F2483178
:1073100042F20042C4E94F5147F60041C4F67412EC
:10732000C4F6121194ED070A26C0002141F600327E
:10733000C4F2E131C4F8541141F600319FED1F1A37
:10734000C4F6B712C4F63721C4E9562148F2000149
:10735000B4EE410AF1EE10FAC4F8EF50C4F2544111
:10736000C4F8F350C4F8F750C4F8FB50C4F8FF5009
:10737000C4F80351A4F80751C4F81C5184F82051F3
:10738000C4E94955C4F82C51C4F85051C4F86051AF
:10739000C4E9595106DB9FED0A1AB4EE410AF1EE39
:1073A00010FA04DD48F20001C4F28431E1612046A4
:1073B00001B0BDE8B04003B0704700BF00007A43A1
:1073C000000087430000000080B547F66460C2F209
:1073D00000400078BFF35F8FC00704D049F6640017
:1073E000C2F2004080BD47F66460C2F2004011F076
:1073F0008DF90028F2D047F66460C2F2004011F027
:107400009BF9EBE70000000047F66070C2F2004015
:10741000006800281EBF0068C1685FEAC17100D122
:1074200070476FF00101016147F65870C2F20040E9
:10743000D0E90012013142F10002C0E900127047A8
:1074400059B147F66070C2F200400268002A18BFC6
:10745000704701600846E3F77FBE704700000000F8
:1074600084B003900291039800900178029802780A
:1074700001209142019039D1FFE7009841780298AC
:10748000427801209142019030D1FFE70098817845
:107490000298827801209142019027D1FFE700985D
:1074A000C07800F001010298C07800F001020120CC
:1074B000914201901AD1FFE70098007900F0010194
:1074C0000298007900F001020120914201900DD153
:1074D000FFE70098407900F001000299497901F036
:1074E0000101401A18BF01200190FFE7019800F048
:1074F000010004B07047000090ED0C0A70470000D6
:1075000000207047000000009FED010A704700BF97
:10751000000000000000000090ED0B0A7047000022
:107520009FED010A704700BF00000000000000004E
:107530000A79012A0CD109688068CAB2824207D14F
:1075400001F47F40A0F51060B0FA80F04009704768
:107550000020704770477047F0B581B01546DDE9EF
:1075600006720E4689681C467AB1884204D040688B
:107570004968DAF701FA60B931462A462346069788
:1075800001B0BDE8F04000F088B840684968884222
:10759000F2D001B0F0BD2DE9F0411646069A0C4636
:1075A0008968984607468AB18F4230D07D6849681D
:1075B0002846DAF7E1F950B3206887420ED04168D7
:1075C0002846DAF7D9F948B1BDE8F081786849680A
:1075D00088421CD0216849688842F5D120698642DA
:1075E00020D0606986421DD0D4E90901C4F820800A
:1075F000013101286661A16205D1A069022804BF9A
:10760000012084F836000420E062BDE8F081606863
:107610008642D9D1E06901281CBFC4F81C80BDE8AE
:10762000F081D1E7B8F1010F18BFBDE8F08101206A
:107630002062BDE8F08180B5D1F824E0BEF1000FF2
:1076400010D0D1F814C0886B844502D108699042EB
:107650000FD00EF10100486202208861012081F8FC
:10766000360080BD886B8B61C1E90420012048622F
:1076700080BD8869022804BF8B6180BDF1E780B5B9
:10768000D1F808C0D0F804E0DCF80400864518BF43
:1076900080BDBDE88040FFF7CEBF80B548684FF0A1
:1076A000010E834281F835E000D080BD0B69DDF822
:1076B00008C081F834E02BB193420FD0486A013002
:1076C000486217E00120BCF1010F0A61C1F818C03F
:1076D0004862EAD1086B01280CD0E6E78A69022AE1
:1076E00004BFC1F818C06246086B012818BF80BDEE
:1076F000012ADAD1012081F8360080BD2DE9F04160
:1077000090B0054640684B68984233D04CF6401321
:107710001446C0F603034CF64C12C0F603020846AA
:107720001946002300270FF0C9FE20B3276837B39E
:107730000DF10408064608F104003821D9F72DF8A8
:107740004FF0FF300490012031688DF83B000D9020
:107750000395CD69304641463A4601230196A84734
:1077600007980138B0FA80F04FEA501704BF059827
:10777000206000E00127384610B0BDE8F081D9F75D
:10778000F9FF2DE9F04381B0DDE908940E468968E0
:1077900098461546074684B18F4204D078684968F8
:1077A000DAF7EAF868B931462A464346CDF8209020
:1077B00001B0BDE8F043FFF770BF786849688842C0
:1077C000F1D0B8682A4601684346D1F814C009943C
:1077D0003146CDF8209001B0BDE8F04360472DE977
:1077E000F04383B00A9D0C46896898469146074647
:1077F00085B38F4242D07E6849683046DAF7BCF8DC
:10780000E0B32068874204D041683046DAF7B4F824
:1078100040BB206981453AD06069814537D0E06A34
:10782000C4F8208004283AD00020A086B868012639
:1078300001684A464F6921464B46CDE90065B84785
:1078400094F83500012828D194F834000321E1622E
:1078500028B332E07868496888420FD021684968C7
:107860008842D6D0B8684A4601684346D1F818C065
:1078700021460A9503B0BDE8F04360476068814542
:107880001BD1E069012818BFC4F81C8015E0B8F1CD
:10789000010F04BF012020620FE00420E062D4E960
:1078A0000901C4F8149001310128A16205D1A06931
:1078B000022804BF012084F8360003B0BDE8F0833D
:1078C00080B5D1F808C0D0F804E0DCF804C0E64583
:1078D00007D08068D0F800C0DCF81CC0BDE880404C
:1078E0006047BDE88040FFF7A6BE00002DE9F04FDD
:1078F00087B006921D460C46DDE9101381460591BE
:10790000A16804938BB1894505D0D9F80400496872
:10791000DAF732F870B90598069A21462B4610908E
:1079200007B0BDE8F04FFFF7B8BED9F804004968CA
:107930008842F0D0D9F8141094F834A094F835B0F7
:10794000D9F80C800020A086C8074FEA212201D078
:1079500028688258D9F8100089070395016805EB5B
:107960000203059D4E6958BF0225069A049F2146D1
:10797000CDE90057B04794F8341094F835004AEA3E
:10798000010AB8F1020F4BEA000B43DB09EBC80216
:1079900010320292049D09F1180800BF94F83620B5
:1079A000C2BBC90708D0A069039B012832D099F84F
:1079B0000800800707D42DE0039BC00703D099F887
:1079C0000800C00726D00020A086D8F80410C807F9
:1079D0004FEA212201D01868825858F8080B89070D
:1079E0000168059F13444E6958BF0227069A214635
:1079F000CDE90075B04794F8341094F8350041EAA9
:107A00000A02029B02F0010A40EA0B02984502F0CA
:107A1000010BC3D30AF0010084F834000BF001001D
:107A200084F8350007B0BDE8F08F00002DE9F04F75
:107A300085B0DDF838900C46896898469246B9F1D1
:107A4000000F834677D08B4500F0C280DBF80460DE
:107A500049683046D9F790FF002800F0B9802068C7
:107A6000834505D041683046D9F786FF00286BD1A1
:107A70002069824500F0B5806069824500F0B180E0
:107A8000E06AC4F82080042800F0F580DBF80C00E0
:107A9000002840F3EE800BEBC00000F110080BF162
:107AA00010060020CDE903000020A0867168C807F9
:107AB0004FEA212202D0DAF80000825830688907A4
:107AC00001680AEB02034F694FF001052146524657
:107AD00058BF0225CDE90059B84794F83600F0B9EF
:107AE00094F83500012817D194F8340001280CD1FE
:107AF000A069012800F0D0809BF80800800740F1C1
:107B0000CB800120CDE9030006E09BF80800C00708
:107B100000F0C5800120049008364645C4D304987F
:107B2000C0074FF0040018BF03200399E062C907A3
:107B300000F0A180ADE0DBF804004968884247D03E
:107B400021684968884293D0DBF81410DBF80C6098
:107B5000C8074FEA212202D0DAF800008258DBF889
:107B600010008907016852448F694346214658BF77
:107B70000223CDF80090B847022EC0F28A80DBF8CD
:107B800008000BEBC60101F1100681070BF1180785
:107B900002D4616A01292AD194F83600002878D1EC
:107BA0007968C8074FEA212202D0DAF8000082582B
:107BB00057F8080B8907016852448D6943462146EE
:107BC00058BF0223CDF80090A847B742E4D360E045
:107BD000606882455DD1E069012818BFC4F81C8047
:107BE00057E0B8F1010F04BF0120206251E0C00747
:107BF0001ED194F8360000284BD1606A012848D085
:107C00007968C8074FEA212202D0DAF800008258CA
:107C100057F8080B8907016852448D69434621468D
:107C200058BF0223CDF80090A847B742E1D330E017
:107C300094F8360068BB606A012802D1A069012867
:107C400027D07968C8074FEA212202D0DAF800006D
:107C5000825857F8080B8907016852448D694346DA
:107C6000214658BF0223CDF80090A847B742DFD382
:107C70000FE00420E062D4E90901C4F814A0013146
:107C80000128A16205D1A069022804BF012084F85F
:107C9000360005B0BDE8F08F0320E062F9E703206D
:107CA00043E700002DE9F047814688680C46D9F883
:107CB000041040689A468142164622D009F1100805
:107CC000D9F80C50404621463246534600F020F881
:107CD000022D14DB08EBC50709F12005A5F108000A
:107CE00021463246534600F013F894F83600002837
:107CF00018BFBDE8F087BD4205F10805EED3BDE829
:107D0000F087214632465346BDE8F047FFF793BC63
:107D100010B591F837E0D0F804C0BEF1010F08D1DA
:107D20005FEACC7E4FEA2C2E0FD0146854F80EE098
:107D30000BE05FEACC7402D14FEA2C2E05E002681A
:107D40004FF0000E52688A63002200685FEA8C746C
:107D500058BF022304687244D4F81CC0BDE8104028
:107D6000604700000000000010B58CB0D2E900347C
:107D700092680893CDE909424FF07E520B9204229B
:107D80000446C0F20102029208A80390009204A8DF
:107D9000019001F1400002A96A460FF0FDFC049831
:107DA0002060059860600698A0600020C4E9030088
:107DB000C4E905000CB010BD70B504464FF00413C3
:107DC0004064154644F8403F20460E46E9F734FF2C
:107DD00006F1400005F1400122460FF0DDFC70BDC8
:107DE00082B00090009890F84D01C00720B1FFE7E5
:107DF00001208DF8070003E000208DF80700FFE761
:107E00009DF8070002B070472DE9F0434FF00009DC
:107E10004FF0020EDDF81CC09FED990A9FED991AF4
:107E2000002400270DE000BF00270434B8F1010F43
:107E300009F1140988BF01270C2C0EF1010E00F086
:107E4000138101EB0906AEF10208B8F1010F96EDBE
:107E5000002AB0EEC23A13D896ED044A4546B0EE79
:107E6000C45A85FE034AB4EE435AF1EE10FAC8BF75
:107E7000AEF10105042C05D1B0EE443A0EE000BF8E
:107E800045460BE096ED083AB0EEC35A85FE043A3B
:107E9000B4EE445AF1EE10FAC8BF7546B4EE403A5B
:107EA000F1EE10FA40F3E780EDB2A8451CD004EBE8
:107EB00005150C2C51F80970485941F809004F512B
:107EC00010D00D44082C70686F687760686009D026
:107ED000042CB068AF68B760A86003D0F068EF68A2
:107EE000F760E86096ED002A96ED003A0C2C83EEE0
:107EF000023A86ED003A15D096ED013A082C83EE51
:107F0000023A86ED013A0DD096ED023A042C83EE4A
:107F1000023A86ED023A05D096ED033A83EE022A44
:107F200086ED032AA4B30F1997ED002AB0EEC23AEA
:107F3000B4EE413AF1EE10FA28DD96ED003A97EDF5
:107F4000004AA2EE434A0C2C87ED004A1ED0B1EE47
:107F5000422A96ED013A97ED014A082CA2EE034A17
:107F600087ED014A12D096ED023A97ED024AA2EE51
:107F7000034A042C87ED024A08D096ED033A97EDA8
:107F8000034AA2EE034A87ED034A00BF042C33D014
:107F90000F1997ED042AB0EEC23AB4EE413AF1EE71
:107FA00010FA27DD96ED003A97ED044AA2EE434A17
:107FB0000C2C87ED044A1DD0B1EE422A96ED013A11
:107FC00097ED054A082CA2EE034A87ED054A11D029
:107FD00096ED023A97ED064AA2EE034A042C87ED8D
:107FE000064A07D096ED033A97ED074AA2EE034AF8
:107FF00087ED074A082C36D00F1997ED082AB0EE06
:10800000C23AB4EE413AF1EE10FA7FF70DAF96EDB9
:10801000003A97ED084AA2EE434A0C2C87ED084A35
:108020003FF402AFB1EE422A96ED013A97ED094ACC
:10803000082CA2EE034A87ED094A3FF4F5AE96ED0F
:10804000023A97ED0A4AA2EE034A042C87ED0A4A47
:108050003FF4EAAE96ED033A97ED0B4AA2EE034ADF
:1080600087ED0B4AE0E60127C8681060C869186010
:10807000C86ACCF8000007F00100BDE8F08300BF3B
:10808000BD37863577CC2B322DED068BB0EEC17A1D
:108090009FED981AB4EE417AF1EE10FA0DDDF0EE94
:1080A000E14AF4EE414AF1EE10FAC2BFB0EEC22A44
:1080B000B4EE412AF1EE10FA08DC81ED000A00204E
:1080C000486001200872BDEC068B7047B0EEE24AB2
:1080D000B4EE414AF1EE10FAEFDD087AB0EEC35A81
:1080E000012802D191ED013A03E09FED833A01208E
:1080F000087270EE601A9FED816ADFED7F2AF7EE5D
:10810000005AB0EEE39AB4EE616ABFEE006AF1EE97
:1081100010FAF4EE411A36FE221AF1EE10FAF0EEE1
:10812000E16A35FE811AF0EEC33A61EE037AF5EEAC
:10813000407AF1EE10FAF4EE456A24FE875AF1EE29
:1081400010FA04DCF4EE493AF1EE10FA21DDF5EE16
:10815000407ADFED6B1AF1EE10FA24FE028A28EE67
:1081600021AA2AEE21AAA3EEA1AAF4EE4A6AF1EE10
:1081700010FA0EDDB5EE401AF1EE10FA10D1F4EE61
:10818000493AF1EE10FA04DDB1EE647AB5EE403A08
:1081900011E081ED000A00204860BDEC068B7047BD
:1081A00020EE209AB5EE409AF1EE10FA08DAB1EE20
:1081B000647AF5EE400AF1EE10FA37FE247A29E0EF
:1081C000F5EE407AF1EE10FA67FE244A20DDBEEEAD
:1081D000007AF5EE407AF1EE10FAC3EE887A28EED6
:1081E000077A22FE048A27EE277A28EE218A27EED4
:1081F000277A28EE218AA3EEA77AA3EEA18A38EE89
:10820000077AF4EE476AB0EE627AF1EE10FA01DD19
:1082100021EE247A77EE433AF5EE403AF1EE10FA89
:10822000B8BFF0EE462A35FEA26A21EE066AB5EE28
:10823000406AF1EE10FA22FE042A22EE212AF4EE20
:10824000423AF1EE10FA02DD33EE027A08E0B1EEC6
:10825000424AF4EE443AF1EE10FA01DA33EE427A91
:10826000B1EE452A87FE453AB4EE472AF1EE10FA00
:10827000F5EE400A32FE032AB0EE603AF1EE10FA53
:10828000A2EE213A09DDB5EE400AF1EE10FABCBFCC
:10829000B5EE403AF1EE10FA0EDBF5EE400AF1EEE3
:1082A00010FA0BDAB5EE400AF1EE10FAC4BFB5EEE3
:1082B000403AF1EE10FA01DD9FED0F3AB5EE401AAB
:1082C000F1EE10FA08D030EE434A21EE041AB5EE72
:1082D000401AF1EE10FA02DDB0EE430A03E09FED22
:1082E000062AB0EE403A81ED003A81ED012ABDEC5C
:1082F000068B7047BD37863500000000BD3786B558
:108300006F12833A000000002DE9F04F81B02DED8F
:10831000108B8EB09FED55AA9A46B0EE4AFAB0EE99
:108320004ACAB0EE4ABAB0EE4ADAB0EE4AEAF0EE25
:108330004A8AF0EE4A9AF0EE4AAAF0EE4ABAF0EE15
:108340004ACAF0EE4ADA8B460746161FDDE928983E
:10835000A0F1BC056FF003040BEB040090ED019A53
:10836000B0EE490A0FF0AEF9B0EE408AB0EE490A1D
:108370000FF022FB95EDF52A96ED011A20EE024A48
:1083800097ED5B3A21EE031A95EDF63A28EE022AB4
:108390000434A3EE484A0436E8EE08DA0C2CA3EEC7
:1083A000002A05F1BC05E8EE00CAE0EE08AAE8EEF6
:1083B00004BAE0EE048AA4EE08EAA4EE00DAA4EE21
:1083C00004AAE0EE009AA8EE01FAA0EE01CAA4EE1B
:1083D00001BAE0EE00DAE0EE48CAE0EE42BAE0EEC2
:1083E00048AAA0EE42EAE8EE089AE8EE028AA2EE77
:1083F00008DAA2EE02AAAFD102A952464B46CDED51
:1084000002DACDED03CACDED04BA8DED05FACDED5E
:1084100006AACDED079ACDED088A8DED09CA8DED3E
:108420000AEA8DED0BDA8DED0CAA8DED0DBACDF8C3
:108430000080FFF7E9FC60B19AED000AB1EE400A56
:108440008AED000A99ED000AB1EE400A89ED000AB2
:1084500006E00021CAF80010C9F80010C8F80010A2
:108460000EB0BDEC108B01B0BDE8F08F0000000035
:1084700090F83C1201294FF0000140F0EC8090EDA3
:10848000911A9FED760AB4EE401AF1EE10FA00F35D
:10849000E28000F5866290EDC63A90EDC75AD0EDC5
:1084A000F62A92EDC21A92EDC32AB0EE414AD2EDFD
:1084B000C13AB0EE637AF0EE414A90EDF56AF0EE23
:1084C000415AA2EE434AF0EE636AA2EE057AD2ED7B
:1084D000191AE2EE464AE2EE216A64EE040A92EDCF
:1084E000184AE2EE445A64EEA44AE7EE070AB0EEF8
:1084F000637AA2EE227A65EEA55AF1EEE07AD2ED29
:10850000470AA2EE601AE6EEA65AE7EE074A92ED97
:10851000487AE2EE073A9FED522AC7FE826A61EE80
:10852000017AF1EEE44AE3EEA37AD0ED703A84FEEC
:10853000A61ADFED4C6AF1EEE54AD0ED715AC4FEA1
:10854000814A83FE821AC5FE823AF1EEE75A71EE45
:10855000266AF4EE413AF1EE10FAC5FEA44A73FE23
:10856000A63AF4EE634AF1EE10FA74DD90F89D1627
:1085700009B101207047D2EDE03AD2EDE14AF0EEC8
:10858000635A0021E4EEC35A92EDDF3AF0EE436AFB
:10859000E4EE856A25EEA55AF0EE635AE4EEC65A7B
:1085A000B0EE436AA6EEA65AA4EEA26A65EEA52A2C
:1085B000F0EE635AB1EEC55AE4EEE03AE4EEC45A86
:1085C00085FE024AB0EE435AE6EE062AA4EE873A4A
:1085D000A4EEA15A25EEA56AF1EEE20AA5EE056A1F
:1085E00023EEA35A80FE844AA3EE035AB1EEC63AA4
:1085F00083FE043AB1EEC54A84FE033AB4EE403A33
:10860000F1EE10FA27DC90ED5B0A92ED004A90ED56
:10861000DD3A20EE044A20EE033AB0EEC44AB0EE52
:10862000C33A83FE022A92ED2F3A20EE033A84FEEB
:10863000022A92ED5E4AB0EEC33A20EE040A83FEAF
:10864000022AB0EEC00A80FE020AB4EE410AF1EE40
:1086500010FAD8BF01210846704700BFBD378635E4
:10866000000000006F12833A2DE9F04381B02DED38
:10867000108B8EB09FED4DAA9846B0EE4AFAB0EE40
:108680004ACAB0EE4ABAB0EE4ADAB0EE4AEAF0EEC2
:108690004A8AF0EE4A9AF0EE4AAAF0EE4ABAF0EEB2
:1086A0004ACAF0EE4ADA91460E460746002400BF59
:1086B0003D1995EDC80A95EDDC1A31EE009AB0EE41
:1086C000490A0EF0FFFFB0EE408AB0EE490A0FF003
:1086D00073F995EDC61A95EDDD2A20EE014A97ED66
:1086E0005B3A22EE032A95EDC73A28EE011ABC3414
:1086F000A3EE484AB4F53C7FE8EE08DAA3EE001A90
:10870000E8EE00CAE0EE08AAE8EE04BAE0EE048A59
:10871000A4EE08EAA4EE00DAA4EE04AAE0EE009AC1
:10872000A8EE02FAA0EE02CAA4EE02BAE0EE00DA67
:10873000E0EE48CAE0EE41BAE0EE48AAA0EE41EA17
:10874000E8EE089AE8EE018AA1EE08DAA1EE01AAA5
:10875000AED102A932464B46CDED02DACDED03CAC9
:10876000CDED04BA8DED05FACDED06AACDED079A53
:10877000CDED088A8DED09CA8DED0AEA8DED0BDA93
:108780008DED0CAA8DED0DBACDF80080FFF73CFB06
:1087900028B900213160C9F80010C8F800100EB0E7
:1087A000BDEC108B01B0BDE8F08300BF00000000FD
:1087B0002DE9F0412DED088B90EDC60A90EDC71A1A
:1087C00091ED00AA91ED01BA91ED022A0D46A2EEBB
:1087D00001AA9FED411AA2EE40BA90ED5B0A80FE1D
:1087E000019A92ED000A07469846164600F59264F3
:1087F0000EF068FFB0EE408A96ED000A0FF0DCF84C
:108800002BEE000AAAEE080A80EE090A88ED000A9B
:1088100095ED00AA95ED01BA95ED020A97EDF61ACD
:1088200097EDF52AA0EE01AAA0EE42BA96ED010A54
:108830000EF048FFB0EE408A96ED010A0FF0BCF84A
:108840002BEE000AAAEE080A80EE090A88ED010A5A
:1088500095ED00AA95ED01BA95ED020A94ED011A85
:1088600094ED002AA0EE01AAA0EE42BA96ED020A0B
:108870000EF028FFB0EE408A96ED020A0FF09CF849
:108880002BEE000AAAEE080A80EE090A88ED020A19
:1088900095ED00AA95ED01BA95ED020A94ED301A16
:1088A00094ED2F2AA0EE01AAA0EE42BA96ED030A9B
:1088B0000EF008FFB0EE408A96ED030A0FF07CF848
:1088C0002BEE000AAAEE080A80EE090A88ED030AD8
:1088D000BDEC088BBDE8F081BD3786350000000097
:1088E00090ED0E0A7047000090ED0B0A70470000F3
:1088F00090ED0D0A7047000090ED0E0A70470000E1
:1089000090ED0B0A7047000090ED0D0A70470000D3
:1089100081B00090009890F8F90200F0010001B0D9
:10892000704700000000000082B00090009890F8AE
:10893000AD02C00720B1FFE701208DF8070003E07A
:1089400000208DF80700FFE79DF8070002B0704790
:1089500090F844000A680979101AB0FA80F081F0A2
:10896000010140090840704790ED150A9FED041A77
:1089700020EE010A9FED031A80EE010A704700BF46
:1089800000003443DA0F494090ED150ADFED010A8B
:1089900012F0E6BC0000B44390ED010A91ED011A1B
:1089A00020EE010A90ED003A21EE012A91ED004AF5
:1089B000A3EE040AA4EE042A80EE022A24EE020AA0
:1089C00061EE020A7047000090ED010AD0ED000A46
:1089D000B1EE400A7047000090ED010A90ED001AD8
:1089E00020EE000AA1EE010AB1EEC00A70470000B5
:1089F00090ED010A90ED002A20EE001AA2EE021A74
:108A0000B1EEC13AB5EE401AF1EE10FA9FED051A3B
:108A100082EE032A80EE030A70FE010A32FE010A8A
:108A2000704700BF0000000090ED000A90ED011AB1
:108A300091ED002A91ED013A30EE420A71EE430ABF
:108A4000704700000000000090ED010A91ED011A4E
:108A500020EE010A90ED001A91ED002AA1EE020A23
:108A6000704700000000000090ED001A90ED012A10
:108A700020EE011A60EE020AB0EE410A70470000D3
:108A800090ED000A90ED011A91ED002A91ED013A66
:108A900030EE020A71EE030A704700000000000089
:108AA000022A406C10D1B0F5FF7F10D040F2FE22B8
:108AB000053990424FF0FF3008BF08464FF0FF32B3
:108AC000032928BF10467047B0F5007F05D1481E26
:108AD000042828BF4FF0FF30704740F2FF120539DD
:108AE00090424FF0FF3008BF08464FF0FF32042994
:108AF00028BF1046704700000A790AB1002070476D
:108B000090F84C20022A0AD20968A1F2092212F137
:108B1000080FF3D38068081AA0F500700AE0EDD1C1
:108B20000968A1F5037212F1070FE7D38068081AEC
:108B3000A0F50170B0FA80F0400970470000000015
:108B40004FF400707047000081B00090009890F8DA
:108B5000EC0001B07047000047F6607CC2F2004CA8
:108B6000DCF8000068B3B0B547F65874EFF3108E28
:108B7000C2F20044EFF3108072B6D4E90023DCF8AF
:108B800000000168486A0D69ED0704D0D4E90023AC
:108B9000013243F10003BEF1000F03D162B6DCF8ED
:108BA00000100968C96A4D1C03FB05F1E2FB0501D1
:108BB00013F076FA00EE100A9FED041A20EE010A77
:108BC000B0BD9FED010A704700000000BD3786353B
:108BD000F0B59DB00D46DDE922011446252200279F
:108BE0008DF808208DF809008DF80A108DF80B70AB
:108BF00019B18DF809108DF80A0004AE02AA3046AA
:108C00006421D8F717FF206801A9401B421002AB6E
:108C10002846CDE902770196D8F7A7FC411C1FBF73
:108C200005EB400020601DB0F0BD4FF23420C0F6CF
:108C3000030009F0E2FC0021C0E9001181607047E7
:108C400040F20230C0F20040704740F20230C0F201
:108C5000004070470021C0E900118160704700208A
:108C60007047FF2070470121C1722D21018070479C
:108C70000021C0E9001181607047FF20704700218A
:108C8000C0E900118160704740F20230C0F200403C
:108C9000704740F20230C0F2004070470021C0E946
:108CA00000118160704700207047FF20704701214C
:108CB000C1722D21018070470021C0E9001181603F
:108CC0007047FF2070470021C0E9001181607047A4
:108CD00040F20230C0F20040704740F20230C0F271
:108CE000004070470021C0E90011816070470020FA
:108CF00070474FF6FF7070470121C1722D2101604E
:108D000070470021C0E90011816070474FF6FF7085
:108D100070470021C0E900118160704740F20230C5
:108D2000C0F20040704740F20230C0F2004070478D
:108D30000021C0E9001181607047002070474FF6A4
:108D4000FF7070470121C1722D2101607047002121
:108D5000C0E90011816070474FF6FF707047000056
:108D6000F0B581B0069D14469A42064617D01F46BC
:108D700045B1D5E906022178904205D0421CAA618E
:108D8000017009E0002507E02868426B28469047FB
:108D9000B0F1FF3008BF05460134BC42E8D1C6E956
:108DA000004501B0F0BD0000F0B581B0069D14464D
:108DB0009A42064617D01F4645B1D5E906022188DA
:108DC000904205D020F8021BA86109E0002507E0C9
:108DD0002868426B28469047B0F1FF3008BF05462F
:108DE0000234BC42E8D1C6E9004501B0F0BD4FF203
:108DF0005320C0F6030009F0F9FB4FF25320C0F6F0
:108E0000030009F0F3FBB0B5054600680C4688B1D5
:108E1000D0E90312914201D000250CE00168496AB3
:108E20008847013004D02868B0FA80F0450902E094
:108E3000002028600125206888B1D0E90312914202
:108E400001D000200CE00168496A8847013004D055
:108E50002068B0FA80F0400902E000202060012084
:108E6000684080F00100B0BDB0B5054600680C4612
:108E700088B1D0E90312914201D000250CE00168CD
:108E8000496A8847013004D02868B0FA80F0450963
:108E900002E0002028600125206888B1D0E9031293
:108EA000914201D000200CE00168496A88470130F6
:108EB00004D02068B0FA80F0400902E00020206071
:108EC0000120684080F00100B0BD80B547F66860C1
:108ED000C2F200400078BFF35F8FC00704D040F2B9
:108EE0000C10C2F2004080BD47F66860C2F200403C
:108EF0000FF00CFC0028F2D040F6656040F20C1137
:108F000040F20002C0F60300C2F20041C0F60002C7
:108F1000D7F769FB47F66860C2F200400FF00CFC1F
:108F2000DDE7000010B547F66C60C2F20040007843
:108F3000BFF35F8FC00704D049F66800C2F200405B
:108F400010BD47F66C60C2F200400FF0DFFB002856
:108F5000F2D049F66804C2F200440BA1204607F0A3
:108F600054FF40F6656040F20002C0F60300C0F610
:108F700000022146D7F737FB47F66C60C2F200408B
:108F80000FF0DAFBD8E700BF2561202562202564B9
:108F90002025483A254D3A25532025590000000048
:108FA00010B547F67060C2F200400078BFF35F8FE3
:108FB000C00704D049F67400C2F2004010BD47F665
:108FC0007060C2F200400FF0A1FB0028F2D049F619
:108FD0007404C2F200440BA1204607F016FF40F6CD
:108FE000656040F20002C0F60300C0F600022146B0
:108FF000D7F7F9FA47F67060C2F200400FF09CFB19
:10900000D8E700BF25493A254D3A25532025700061
:1090100080B547F67460C2F200400078BFF35F8FFE
:10902000C00704D040F21810C2F2004080BD47F6DD
:109030007460C2F200400FF069FB0028F2D040F6E5
:10904000656040F2181140F20002C0F60300C2F25F
:109050000041C0F60002D7F7C6FA47F67460C2F2C4
:1090600000400FF069FBDDE710B547F67860C2F20B
:109070000040007849F68004C007C2F20044BFF304
:109080005F8F01D0206810BD47F67860C2F20040C3
:109090000FF03CFB0028F5D00CF0E4FB49F6002073
:1090A000C2F20040206047F67860C2F200400FF044
:1090B00043FBE7E710B547F67C60C2F2004000785A
:1090C00049F68404C007C2F20044BFF35F8F01D0A9
:1090D000206810BD47F67C60C2F200400FF016FB1E
:1090E0000028F5D00CF00CFC49F61820C2F2004024
:1090F000206047F67C60C2F200400FF01DFBE7E7FE
:1091000010B547F68060C2F20040007849F6880446
:10911000C007C2F20044BFF35F8F01D0206810BDCA
:1091200047F68060C2F200400FF0F0FA0028F5D058
:109130000CF070FD49F6C020C2F20040206047F6F6
:109140008060C2F200400FF0F7FAE7E710B547F68B
:109150008460C2F200400078BFF35F8FC00704D084
:1091600049F68C00C2F2004010BD47F68460C2F29E
:1091700000400FF0CBFA0028F2D049F68C04C2F27E
:1091800000444FF2CC21C0F60301204608F01AF942
:1091900041F22B4040F20002C0F60300C0F600028C
:1091A0002146D7F720FA47F68460C2F200400FF05C
:1091B000C3FAD5E710B547F68860C2F200400078E0
:1091C000BFF35F8FC00704D049F69800C2F2004099
:1091D00010BD47F68860C2F200400FF097FA0028F1
:1091E000F2D049F69804C2F200444FF2DE21C0F6F4
:1091F0000301204608F0E6F841F22B4040F200025D
:10920000C0F60300C0F600022146D7F7ECF947F696
:109210008860C2F200400FF08FFAD5E710B547F62C
:109220008C60C2F200400078BFF35F8FC00704D0AB
:1092300049F6A400C2F2004010BD47F68C60C2F2AD
:1092400000400FF063FA0028F2D049F6A404C2F2FD
:1092500000440BA1204608F0B5F841F22B4040F243
:109260000002C0F60300C0F600022146D7F7BBF9A2
:1092700047F68C60C2F200400FF05EFAD8E700BFFC
:10928000250049003A0025004D003A002500530012
:10929000200025007000000010B547F69060C2F273
:1092A00000400078BFF35F8FC00704D049F6B000DC
:1092B000C2F2004010BD47F69060C2F200400FF0CD
:1092C00025FA0028F2D049F6B004C2F200444FF269
:1092D0004431C0F60301204608F074F841F22B40F7
:1092E00040F20002C0F60300C0F600022146D7F7A4
:1092F0007AF947F69060C2F200400FF01DFAD5E708
:1093000010B547F69460C2F20040007849F6BC04FC
:10931000C007C2F20044BFF35F8F01D0206810BDC8
:1093200047F69460C2F200400FF0F0F90028F5D043
:109330000CF000FF49F6E030C2F20040206047F632
:109340009460C2F200400FF0F7F9E7E710B547F676
:109350009860C2F20040007849F6C004C007C2F22B
:109360000044BFF35F8F01D0206810BD47F69860BE
:10937000C2F200400FF0CAF90028F5D00CF02CFF23
:1093800049F6F830C2F20040206047F69860C2F219
:1093900000400FF0D1F9E7E710B547F69C60C2F244
:1093A0000040007849F6C404C007C2F20044BFF38D
:1093B0005F8F01D0206810BD47F69C60C2F200406C
:1093C0000FF0A4F90028F5D00DF030F849F6A040D0
:1093D000C2F20040206047F69C60C2F200400FF0ED
:1093E000ABF9E7E770B50C46914214D0154600BFC3
:1093F00094F90060002E0AD409F0C8FAD7F7B8FB38
:1094000000682178805D00F0100001EB400604F850
:10941000016BAC42ECD1204670BD10B548B20C4691
:10942000002809D409F0B2FAD7F7A2FB0068005D62
:1094300000F0100004EB4004E0B210BD70B50C4623
:10944000914213D0154600BF94F90060002E09D454
:1094500009F09CFAD7F78CFB0068805D267800073E
:1094600048BF203E04F8016BAC42EDD1204670BDF0
:1094700010B548B20C46002808D409F087FAD7F78F
:1094800077FB0068005D000748BF203CE0B210BDDC
:109490000846914208BF704710F8011B904203F83C
:1094A000011BF9D1704708467047000008469142F9
:1094B00008BF7047DDF800C010F9011B002948BF44
:1094C000194690420CF8011BF6D1704710464AB27B
:1094D000002A58BF0846704710469A420FD04EF2F5
:1094E0006C4CC0F6030C00BF02887F2A04D85CF8DD
:1094F00022200A4218BF704702309842F4D17047C8
:1095000070B50C46914213D0154600BF26887F2EB9
:109510000AD809F03BFAD7F72BFB00682188805D59
:1095200000F0100001EB400624F8026BAC42EDD1D4
:10953000204670BD10B50C467F2909D809F026FADF
:10954000D7F716FB0068005D00F0100004EB400444
:10955000A0B210BD70B50C46914212D0154600BFA6
:1095600026887F2E09D809F011FAD7F701FB006889
:10957000805D2688000748BF203E24F8026BAC427D
:10958000EED1204670BD10B50C467F2907D809F0F2
:10959000FDF92046D7F7AFFB002818BF203CA0B24A
:1095A00010BD000010469A420FD04EF26C4CC0F62F
:1095B000030C00BF02887F2A07D85CF822200A42E9
:1095C00008BF704702309842F4D170470846914274
:1095D00008BF70474EF26C4CC0F6030C0188023095
:1095E0007F2994BF5CF821100021904243F8041BAE
:1095F000F4D170477F2A84BF002070474EF26C4040
:10960000C0F6030050F82200084018BF0120704740
:109610000846914208BF704710F8011B904223F89A
:10962000021BF9D170470846704700000846914276
:1096300008BF7047DDF800C030F8021B802928BF42
:10964000194690420CF8011BF6D17047802938BFAB
:109650000A46D0B2704710B50468084609F0B1F95F
:10966000D4E90212521AB0EBA20F03D251F8200033
:1096700000B110BD08F09CFD01A008F0B7FF00BFCD
:10968000766563746F720000009903200A6070476A
:109690000020704704207047002070472DE9F041FA
:1096A00086B01946DDE90C531046DDE90E48CDE9D8
:1096B000043200224FF6FF76C0F2100604AF039288
:1096C00005AACDE9017600940DF068F905992960A5
:1096D0000499C8F8001006B0BDE8F0812DE9F0410A
:1096E00086B01946DDE90C531046DDE90E48CDE998
:1096F000043200224FF6FF76C0F2100604AF039248
:1097000005AACDE9017600940DF0B4F80599296019
:109710000499C8F8001006B0BDE8F081194610465B
:10972000009A4FF6FF734FF0000CC0F21003CDF813
:1097300000C00DF0D7BB009903200A6070470020DD
:10974000704704207047002070472DE9F04186B033
:109750001946DDE90C531046DDE90E48CDE9043227
:1097600000224FF6FF76C0F2100604AF039205AA5E
:10977000CDE9017600940DF011F90599296004995D
:10978000C8F8001006B0BDE8F0812DE9F04186B0C0
:109790001946DDE90C531046DDE90E48CDE90432E7
:1097A00000224FF6FF76C0F2100604AF039205AA1E
:1097B000CDE9017600940DF05DF8059929600499D2
:1097C000C8F8001006B0BDE8F08119461046009AAE
:1097D0004FF6FF734FF0000CC0F21003CDF800C03D
:1097E0000DF080BB009903200A607047002070478D
:1097F00004207047002070472DE9F04186B01946DB
:10980000DDE90C531046DDE90E48CDE904320022B3
:109810004FF6FF76C0F2100604AF039205AACDE919
:10982000017600940DF076FA059929600499C8F83C
:10983000001006B0BDE8F0812DE9F04186B0194670
:10984000DDE90C531046DDE90E48CDE90432002273
:109850004FF6FF76C0F2100604AF039205AACDE9D9
:10986000017600940DF062F9059929600499C8F811
:10987000001006B0BDE8F08119461046009A4FF678
:10988000FF734FF0000CC0F21003CDF800C00DF0D4
:10989000DBBB009903200A6070470020704704205A
:1098A0007047002070472DE9F04186B01946DDE988
:1098B0000C531046DDE90E48CDE9043200224FF684
:1098C000FF76C0F2100604AF039205AACDE9017637
:1098D00000940DF01FFA059929600499C8F800104A
:1098E00006B0BDE8F0812DE9F04186B01946DDE90A
:1098F0000C531046DDE90E48CDE9043200224FF644
:10990000FF76C0F2100604AF039205AACDE90176F6
:1099100000940DF00BF9059929600499C8F800101E
:1099200006B0BDE8F08119461046009A4FF6FF7365
:109930004FF0000CC0F21003CDF800C00DF084BB56
:10994000009903200A60704701207047012070478A
:1099500001207047DDE900030399026003200B60DA
:109960007047DDE900030399026003200B60704734
:109970000098991A814238BF08467047B0B582B046
:10998000069D1C460B462A600DF1020000211A4676
:10999000D7F72AFE411C022901D2022013E02968D0
:1099A0000138611A884201D901200CE050B10DF153
:1099B000020100BF2A6811F8013B541C01382C60D9
:1099C0001370F7D1002002B0B0BD10B504460020DE
:1099D00000210622D7F77AFD10B14FF0FF3010BDFD
:1099E000A06830B1D7F7B9FE0138B0FA80F040096D
:1099F00010BD012010BD8068002804BF0120704701
:109A0000D7F7ABBE002070472DE9F04F85B0DDF8E9
:109A10004490DDE90E851F4616468A469A421C464A
:109A200006D03446207818B10134BC42FAD13C4605
:109A3000BE42C9F80050C8F8006063D0DDF840B0FD
:109A40005D455FD0DAE90001A21BCDE90201ABEB75
:109A50000500431028464146CDF800A0D7F7C6FDC3
:109A6000411C2AD0D9F8001001EB40005845C9F834
:109A7000000045D0D8F80060BC4218D03146012221
:109A80005346D7F7AFFD002844D1D9F80000023083
:109A9000C9F80000D8F80000461CBE42C8F80060B3
:109AA00005D03446207818B10134BC42FAD13C4686
:109AB000BE4227D0D9F80050C2E7C9F80050D8F804
:109AC0000000864219D00DF1080A00BFA21B2846EB
:109AD00031465346D7F786FD20B1811C1CD0411C6E
:109AE00001D115E00120D9F8001006448D1CC9F8F9
:109AF0000050D8F800108E42E8D1C8F8006001E0AC
:109B0000D8F80060F01B18BF012005B0BDE8F08F49
:109B1000C8F800600220F8E7C8F800600120F4E708
:109B20002DE9F04F87B0139FDDE910949846164653
:109B30008A469A42154607D0354600BF288818B194
:109B400002354545FAD1454646453C60C9F80060B6
:109B50006DD0DDF848B05C4569D0DAE90001ABEBC7
:109B60000403CDE90401A81B421020464946CDF864
:109B700000A0D7F782FDE0B3411C3CD039680C1837
:109B80005C453C6051D045452AD00DF10A000021CA
:109B90005246D7F729FD411C45D03968ABEB01018E
:109BA000884226D850B10DF10A0100BF3A6811F879
:109BB000013B561C01383E601370F7D1D9F8000004
:109BC0004546861C46453046C9F800600DD000BFAA
:109BD000018849B102304045FAD1454605E000BF51
:109BE000D9F80060454601E005463C684645B2D1DB
:109BF0001DE001201FE03C60D9F80000864210D033
:109C000004AD00BF318820462A46D7F7EDFC411C41
:109C100007D0396802360C183C60D9F8000086423B
:109C2000F0D1C9F80060022005E0D9F80060B6EB79
:109C3000080018BF012007B0BDE8F08F2DE9F04300
:109C400081B0DDF820800024B8F1000F19D01D4646
:109C500016469A4215D08946012700BFA91B3046F7
:109C60004A46D7F770FC18B1811C022901D208E0DE
:109C700001204745044404D20644AE4207F10107DF
:109C8000ECD1204601B0BDE8F083000010B5DDF84E
:109C900008E0734512D0AEEB030001EB000C00BFEF
:109CA00091420FD008781C78A0420BD384420CD389
:109CB0000133734501F10101F2D16146881A18BFE1
:109CC000012010BD4FF0FF3010BD012010BD80B548
:109CD0009C4611469B1A624606F006FE80BD0000B7
:109CE0000020914208BF704711F8013B03EB0010C0
:109CF00000F0704343EA1363914280EA0300F3D11A
:109D00007047000080B5DDF808C063450ED000BF85
:109D100091420FD0B1F800E0188886450AD370450B
:109D20000BD30233634501F10201F1D1881A18BF48
:109D3000012080BD4FF0FF3080BD012080BD80B587
:109D40009C4611469A1A5310624607F09AF880BD55
:109D50000020914208BF704731F8023B03EB00102E
:109D600000F0704343EA1363914280EA0300F3D1A9
:109D7000704700002DE9F04FBBB058683A9110F0E1
:109D80004A00399208D0402804D0082814BF0A2479
:109D9000102402E0082400E0002435A80DF1E302BD
:109DA000194609F0E8FD32AF002538460A210022A5
:109DB0003495CDE9325506F062FF9DF9D300329E0D
:109DC000002809A858BF3E46CDE907503AA839A94E
:109DD0003196FFF718F8002863D14CF61C150DF1E9
:109DE0001C080DF1C4090DF1E40AC0F6030500BF1B
:109DF0009DF9D3103198DDF8CCB0002958BF5FFA37
:109E000081FB06EB0B0188421CD14FEA4B0138461F
:109E1000002206F034FF34989DF9D31020F0004062
:109E200000294FF00A0148BF411E3846002206F0C3
:109E300026FF9DF9D300329E002858BF3E4606EB10
:109E40000B0031903A98D0E90312914202D0087881
:109E500003E000BF0168496A88479DF8E310C0B27B
:109E6000CDE9008135A9029109A9039108A90491BE
:109E7000214632464B46059509F003FD88B93A98CC
:109E8000D0E90312914203D00131C16003E000BF69
:109E90000168896A88473AA85146FEF7B4FF00284E
:109EA000A6D09DF9DF00DDE944573699002858BF58
:109EB000C1B241B1089809A9411A9F2903DC079949
:109EC00040F8041B0890319930462A46234608F092
:109ED000AAFB089A386035A809A92B4608F070F843
:109EE0003AA839A9FEF78FFF18B1286840F00200A0
:109EF00028609DF9D3003A9CB0F1FF3F05DC34990E
:109F0000329821F000410DF00BFA9DF9DF00B0F11D
:109F1000FF3F05DC3799359821F000410DF000FA3C
:109F200020463BB0BDE8F08F2DE9F04FBBB058683C
:109F30003A9110F04A00399208D0402804D00828FD
:109F400014BF0A24102402E0082400E0002435A8ED
:109F50000DF1E302194609F00EFD32AF0025384637
:109F60000A2100223495CDE9325506F088FE9DF98C
:109F7000D300329E002809A858BF3E46CDE90750BD
:109F80003AA839A93196FEF73EFF002863D14CF676
:109F90001C150DF11C080DF1C4090DF1E40AC0F601
:109FA000030500BF9DF9D3103198DDF8CCB000292E
:109FB00058BF5FFA81FB06EB0B0188421CD14FEAC8
:109FC0004B013846002206F05AFE34989DF9D31012
:109FD00020F0004000294FF00A0148BF411E3846DA
:109FE000002206F04CFE9DF9D300329E002858BF97
:109FF0003E4606EB0B0031903A98D0E903129142AD
:10A0000002D0087803E000BF0168496A88479DF8DC
:10A01000E310C0B2CDE9008135A9029109A90391ED
:10A0200008A90491214632464B46059509F029FCC2
:10A0300088B93A98D0E90312914203D00131C16046
:10A0400003E000BF0168896A88473AA85146FEF7D5
:10A05000DAFE0028A6D09DF9DF00DDE944573699E5
:10A06000002858BFC1B241B1089809A9411A9F29D7
:10A0700003DC079940F8041B0890319930462A46C2
:10A08000234608F01CFB089AC7E9000135A809A976
:10A090002B4607F095FF3AA839A9FEF7B4FE18B190
:10A0A000286840F0020028609DF9D3003A9CB0F186
:10A0B000FF3F05DC3499329821F000410DF030F972
:10A0C0009DF9DF00B0F1FF3F05DC3799359821F0AD
:10A0D00000410DF025F920463BB0BDE8F08F0000AF
:10A0E0002DE9F04FBBB058683A9110F04A00399210
:10A0F00008D0402804D0082814BF0A24102402E005
:10A10000082400E0002435A80DF1E302194609F007
:10A1100032FC32AF002538460A2100223495CDE9C1
:10A12000325506F0ACFD9DF9D300329E002809A8F7
:10A1300058BF3E46CDE907503AA839A93196FEF7F7
:10A1400062FE002863D14CF61C150DF11C080DF1C0
:10A15000C4090DF1E40AC0F6030500BF9DF9D31050
:10A160003198DDF8CCB0002958BF5FFA81FB06EBCF
:10A170000B0188421CD14FEA4B013846002206F001
:10A180007EFD34989DF9D31020F0004000294FF057
:10A190000A0148BF411E3846002206F070FD9DF9B5
:10A1A000D300329E002858BF3E4606EB0B0031908C
:10A1B0003A98D0E90312914202D0087803E000BF38
:10A1C0000168496A88479DF8E310C0B2CDE9008173
:10A1D00035A9029109A9039108A9049121463246A3
:10A1E0004B46059509F04DFB88B93A98D0E9031222
:10A1F000914203D00131C16003E000BF0168896A68
:10A2000088473AA85146FEF7FEFD0028A6D09DF9E2
:10A21000DF00DDE944573699002858BFC1B241B18B
:10A22000089809A9411A9F2903DC079940F8041BE3
:10A230000890319930462A46234608F07FFA089A5A
:10A24000386035A809A92B4607F0BAFE3AA839A903
:10A25000FEF7D9FD18B1286840F0020028609DF98A
:10A26000D3003A9CB0F1FF3F05DC3499329821F0DD
:10A2700000410DF055F89DF9DF00B0F1FF3F05DC1E
:10A280003799359821F000410DF04AF820463BB04F
:10A29000BDE8F08F2DE9F04FBBB058683A9110F04F
:10A2A0004A00399208D0402804D0082814BF0A2454
:10A2B000102402E0082400E0002435A80DF1E30298
:10A2C000194609F058FB32AF002538460A21002212
:10A2D0003495CDE9325506F0D2FC9DF9D300329E7B
:10A2E000002809A858BF3E46CDE907503AA839A929
:10A2F0003196FEF788FD002863D14CF61C150DF150
:10A300001C080DF1C4090DF1E40AC0F6030500BFF5
:10A310009DF9D3103198DDF8CCB0002958BF5FFA11
:10A3200081FB06EB0B0188421CD14FEA4B013846FA
:10A33000002206F0A4FC34989DF9D31020F00040D0
:10A3400000294FF00A0148BF411E3846002206F09E
:10A3500096FC9DF9D300329E002858BF3E4606EB7E
:10A360000B0031903A98D0E90312914202D008785C
:10A3700003E000BF0168496A88479DF8E310C0B256
:10A38000CDE9008135A9029109A9039108A9049199
:10A39000214632464B46059509F073FA88B93A983A
:10A3A000D0E90312914203D00131C16003E000BF44
:10A3B0000168896A88473AA85146FEF724FD0028BB
:10A3C000A6D09DF9DF00DDE944573699002858BF33
:10A3D000C1B241B1089809A9411A9F2903DC079924
:10A3E00040F8041B0890319930462A46234608F06D
:10A3F000E3F9089A386035A809A92B4607F0E0FD73
:10A400003AA839A9FEF7FFFC18B1286840F002000D
:10A4100028609DF9D3003A9CB0F1FF3F05DC3499E8
:10A42000329821F000410CF07BFF9DF9DF00B0F184
:10A43000FF3F05DC3799359821F000410CF070FFA3
:10A4400020463BB0BDE8F08F2DE9F04FBBB0586817
:10A450003A9110F04A00399208D0402804D00828D8
:10A4600014BF0A24102402E0082400E0002435A8C8
:10A470000DF1E302194609F07EFA32AF00253846A5
:10A480000A2100223495CDE9325506F0F8FB9DF9FA
:10A49000D300329E002809A858BF3E46CDE9075098
:10A4A0003AA839A93196FEF7AEFC002863D14CF6E4
:10A4B0001C150DF11C080DF1C4090DF1E40AC0F6DC
:10A4C000030500BF9DF9D3103198DDF8CCB0002909
:10A4D00058BF5FFA81FB06EB0B0188421CD14FEAA3
:10A4E0004B013846002206F0CAFB34989DF9D31080
:10A4F00020F0004000294FF00A0148BF411E3846B5
:10A50000002206F0BCFB9DF9D300329E002858BF04
:10A510003E4606EB0B0031903A98D0E90312914287
:10A5200002D0087803E000BF0168496A88479DF8B7
:10A53000E310C0B2CDE9008135A9029109A90391C8
:10A5400008A90491214632464B46059509F099F930
:10A5500088B93A98D0E90312914203D00131C16021
:10A5600003E000BF0168896A88473AA85146FEF7B0
:10A570004AFC0028A6D09DF9DF00DDE94457369952
:10A58000002858BFC1B241B1089809A9411A9F29B2
:10A5900003DC079940F8041B0890319930462A469D
:10A5A000234608F047F9089A388035A809A92B46B0
:10A5B00007F006FD3AA839A9FEF725FC18B128686E
:10A5C00040F0020028609DF9D3003A9CB0F1FF3FB3
:10A5D00005DC3499329821F000410CF0A1FE9DF980
:10A5E000DF00B0F1FF3F05DC3799359821F00041DD
:10A5F0000CF096FE20463BB0BDE8F08F2DE9F04F01
:10A60000BBB058683A9110F04A00399208D04028FF
:10A6100004D0082814BF0A24102402E0082400E013
:10A62000002435A80DF1E302194609F0A4F932AF70
:10A63000002538460A2100223495CDE9325506F02E
:10A640001EFB9DF9D300329E002809A858BF3E4644
:10A65000CDE907503AA839A93196FEF7D4FB002876
:10A6600063D14CF61C150DF11C080DF1C4090DF158
:10A67000E40AC0F6030500BF9DF9D3103198DDF858
:10A68000CCB0002958BF5FFA81FB06EB0B01884272
:10A690001CD14FEA4B013846002206F0F0FA3498FC
:10A6A0009DF9D31020F0004000294FF00A0148BF67
:10A6B000411E3846002206F0E2FA9DF9D300329E90
:10A6C000002858BF3E4606EB0B0031903A98D0E97F
:10A6D0000312914202D0087803E000BF0168496A82
:10A6E00088479DF8E310C0B2CDE9008135A90291F9
:10A6F00009A9039108A90491214632464B460595C4
:10A7000009F0BFF888B93A98D0E90312914203D012
:10A710000131C16003E000BF0168896A88473AA837
:10A720005146FEF770FB0028A6D09DF9DF00DDE959
:10A7300044573699002858BFC1B241B1089809A9B9
:10A74000411A9F2903DC079940F8041B08903199AE
:10A7500030462A46234608F0AEF8089AC7E90001B9
:10A7600035A809A92B4607F02BFC3AA839A9FEF712
:10A770004AFB18B1286840F0020028609DF9D30018
:10A780003A9CB0F1FF3F05DC3499329821F000414A
:10A790000CF0C6FD9DF9DF00B0F1FF3F05DC3799F5
:10A7A000359821F000410CF0BBFD20463BB0BDE8E0
:10A7B000F08F00002DE9F04FC5B01F46CDE94321D1
:10A7C0000DF1EE0638A83CAA0DF1EF0339460096CC
:10A7D00009F000FA35AF002438460A2100223794E8
:10A7E000CDE9354406F04BFA9DF9DF00359E00288F
:10A7F0000CA858BF3E46CDE90A4001208DF827003D
:10A8000045208DF8260044A843A934968DF82540AC
:10A81000FEF7F9FA002846D09DF9EB00DDE94E4538
:10A820003999002858BFC1B261B19DF827000128AD
:10A8300008D10B980CA9411A9F2903DC0A9940F80A
:10A84000041B0B9034993046224607F0AEF90B9A60
:10A85000C5E9000138A80CA9234607F0B1FB44A8BC
:10A8600043A9FEF7D0FA18B1206840F0020020603A
:10A870009DF9DF00449CB0F1FF3F05DC3799359826
:10A8800021F000410CF04CFD9DF9EB00B0F1FF3FD1
:10A8900005DC3A99389821F000410CF041FD204642
:10A8A00045B0BDE8F08F4FF000090DF1D0080DF173
:10A8B000270A0DF1260500BF9DF9DF103498DDF859
:10A8C000D8B0002958BF5FFA81FB06EB0B01884224
:10A8D0001CD14FEA4B013846002206F0D0F93798D8
:10A8E0009DF9DF1020F0004000294FF00A0148BF19
:10A8F000411E3846002206F0C2F99DF9DF00359E60
:10A90000002858BF3E4606EB0B0034904498D0E92F
:10A910000312914202D0087803E000BF0168496A3F
:10A9200088479DF8EF109DF8EE20CDE9008138A909
:10A9300003910CA904910BA90DF1250305910AA916
:10A94000089302920691C0B251462A4633463CAC67
:10A95000079409F03AF800287FF45EAF5FEAC97007
:10A9600002D04FF0010919E03498811B012913DB53
:10A9700030782B2801D02D2823D101290CD02D2867
:10A9800001D02B2808D170784FF001092E2805D06E
:10A990003038092802D93FE74FF000094498D0E940
:10A9A0000312914202D00131C16002E00168896A5C
:10A9B000884744A843A9FEF726FA00283FF47CAF55
:10A9C0002AE72E284FF00109E8D030380A28E5D3CD
:10A9D00022E700002DE9F04FC5B01F46CDE9432125
:10A9E0000DF1EE0638A83CAA0DF1EF0339460096AA
:10A9F00009F0F0F835AF002438460A2100223794D8
:10AA0000CDE9354406F03BF99DF9DF00359E00287D
:10AA10000CA858BF3E46CDE90A4001208DF827001A
:10AA200045208DF8260044A843A934968DF825408A
:10AA3000FEF7E9F9002846D09DF9EB00DDE94E4527
:10AA40003999002858BFC1B261B19DF8270001288B
:10AA500008D10B980CA9411A9F2903DC0A9940F8E8
:10AA6000041B0B9034993046224607F0C8F80B9A25
:10AA7000C5E9000138A80CA9234607F0A1FA44A8AB
:10AA800043A9FEF7C0F918B1206840F00200206029
:10AA90009DF9DF00449CB0F1FF3F05DC3799359804
:10AAA00021F000410CF03CFC9DF9EB00B0F1FF3FC0
:10AAB00005DC3A99389821F000410CF031FC204631
:10AAC00045B0BDE8F08F4FF000090DF1D0080DF151
:10AAD000270A0DF1260500BF9DF9DF103498DDF837
:10AAE000D8B0002958BF5FFA81FB06EB0B01884202
:10AAF0001CD14FEA4B013846002206F0C0F83798C7
:10AB00009DF9DF1020F0004000294FF00A0148BFF6
:10AB1000411E3846002206F0B2F89DF9DF00359E4E
:10AB2000002858BF3E4606EB0B0034904498D0E90D
:10AB30000312914202D0087803E000BF0168496A1D
:10AB400088479DF8EF109DF8EE20CDE9008138A9E7
:10AB500003910CA904910BA90DF1250305910AA9F4
:10AB6000089302920691C0B251462A4633463CAC45
:10AB7000079408F02AFF00287FF45EAF5FEAC970EF
:10AB800002D04FF0010919E03498811B012913DB31
:10AB900030782B2801D02D2823D101290CD02D2845
:10ABA00001D02B2808D170784FF001092E2805D04C
:10ABB0003038092802D93FE74FF000094498D0E91E
:10ABC0000312914202D00131C16002E00168896A3A
:10ABD000884744A843A9FEF716F900283FF47CAF44
:10ABE0002AE72E284FF00109E8D030380A28E5D3AB
:10ABF00022E700002DE9F04FC5B01F46CDE9432103
:10AC00000DF1EE0638A83CAA0DF1EF033946009687
:10AC100008F0E0FF35AF002438460A2100223794BF
:10AC2000CDE9354406F02BF89DF9DF00359E00286C
:10AC30000CA858BF3E46CDE90A4001208DF82700F8
:10AC400045208DF8260044A843A934968DF8254068
:10AC5000FEF7D9F8002845D09DF9EB00DDE94E4517
:10AC60003999002858BFC1B261B19DF82700012869
:10AC700008D10B980CA9411A9F2903DC0A9940F8C6
:10AC8000041B0B9034993046224606F0E2FF0B9AE3
:10AC9000286038A80CA9234607F092F944A843A9D4
:10ACA000FEF7B1F818B1206840F0020020609DF96D
:10ACB000DF00449CB0F1FF3F05DC3799359821F067
:10ACC00000410CF02DFB9DF9EB00B0F1FF3F05DCDE
:10ACD0003A99389821F000410CF022FB204645B00B
:10ACE000BDE8F08F4FF000090DF1D0080DF1270AF3
:10ACF0000DF126059DF9DF103498DDF8D8B0002954
:10AD000058BF5FFA81FB06EB0B0188421CD14FEA6A
:10AD10004B013846002205F0B2FF37989DF9DF104D
:10AD200020F0004000294FF00A0148BF411E38467C
:10AD3000002205F0A4FF9DF9DF00359E002858BFD2
:10AD40003E4606EB0B0034904498D0E90312914242
:10AD500002D0087803E000BF0168496A88479DF87F
:10AD6000EF109DF8EE20CDE9008138A903910CA9E0
:10AD700004910BA90DF1250305910AA908930292EC
:10AD80000691C0B251462A4633463CAC079408F0BF
:10AD90001CFE00287FF460AF5FEAC97002D04FF05C
:10ADA000010919E03498811B012913DB30782B2825
:10ADB00001D02D2823D101290CD02D2801D02B28FA
:10ADC00008D170784FF001092E2805D030380928B5
:10ADD00002D941E74FF000094498D0E903129142AB
:10ADE00002D00131C16002E00168896A884744A845
:10ADF00043A9FEF708F800283FF47CAF2CE72E2883
:10AE00004FF00109E8D030380A28E5D324E70000E4
:10AE10002DE9F04FC1B009ADCDE93F21002428460E
:10AE200019463794CDE9354402F025FB48F2441128
:10AE3000C2F200412846FEF70EFC01680DF1E20364
:10AE40000F6A4CF61C11C0F6030101F11A02B84753
:10AE5000099848F26021C2F20041884206D0416858
:10AE60004A1E426011B901688968884732AF4B9E1B
:10AE700038460A2100223494CDE9324405F0FFFE21
:10AE80009DF9D300329D002809A858BF3D46CDE961
:10AE9000074040A83FA93195FDF7B5FF08B1284606
:10AEA00063E00DF11C0831AE0DF5807B0DF1FC0A5D
:10AEB0009DF9D3103198DDF8CC90002958BF5FFA86
:10AEC00081F905EB090188421CD14FEA4901384656
:10AED000002205F0D4FE34989DF9D31020F00040F4
:10AEE00000294FF00A0148BF411E3846002205F0F4
:10AEF000C6FE9DF9D300329D002858BF3D4605EBA4
:10AF0000090031904098D0E90312914202D00878AC
:10AF100003E000BF0168496A88470021019135A913
:10AF2000029109A9039108A90491C0B210212A46EF
:10AF300033460DF1E204CDF80080059408F0A1FC41
:10AF400088B94098D0E90312914203D00131C16021
:10AF500003E000BF0168896A884758465146FDF7FB
:10AF600052FF0028A4D031984B9EDDF82881411B68
:10AF70003846002205F083FE9DF9D300329C00285C
:10AF800058BF3C4607F002FD4FF26322C0F60302B1
:10AF900020460021334607F031F901281CBF042068
:10AFA000C8F8000040A83FA9FDF72DFF28B1D8F848
:10AFB000000040F00200C8F800009DF9D300409C5A
:10AFC000B0F1FF3F05DC3499329821F000410CF0DC
:10AFD000A7F99DF9DF00B0F1FF3F05DC37993598FF
:10AFE00021F000410CF09CF9204641B0BDE8F08F03
:10AFF0002DE9F0478AB014461A79DDF84C80DDF867
:10B0000048901F46D207099112D102684FF0FF33D2
:10B010001669039303AD22463B46CDE90095B04740
:10B0200003990446012968D000296AD1002065E00F
:10B0300003AD2846394602F01EFA48F24411C2F226
:10B0400000412846FEF707FB039948F26026C2F24A
:10B050000046B142824607D04868421E4A6018B98D
:10B06000086882680846904703AD2846394602F0D2
:10B0700002FA48F26C31C2F200412846FEF7EBFAC0
:10B0800003990746B14207D04868421E4A6018B982
:10B0900008688268084690473868394682692846B9
:10B0A000904738683946C26905F10C009047012085
:10B0B00005F11803CDE9019009A821462A46CDF8EB
:10B0C00000A006F06BFB401BB0FA80F0099C400921
:10B0D000002688F8000000BFA81990F91710B1F1F8
:10B0E000FF3F05DC4169C06821F000410CF018F910
:10B0F0000C3E16F11800EFD109E0012088F800009D
:10B1000005E0012088F800000420C9F8000020466E
:10B110000AB0BDE8F08780B5DDE902CECDE902CE08
:10B12000BDE88040FFF746BB80B5DDE902CECDE942
:10B1300002CEBDE88040FFF74DBC80B5DDE902CE10
:10B14000CDE902CEBDE88040FFF754BD80B5DDE912
:10B1500002CECDE902CEBDE88040FEF70BBE80B541
:10B16000DDE902CECDE902CEBDE88040FFF792B81E
:10B1700080B5DDE902CECDE902CEBDE88040FFF723
:10B1800063B980B5DDE902CECDE902CEBDE88040ED
:10B19000FEF7CABE80B5DDE902CECDE902CEBDE83C
:10B1A0008040FFF72BBA80B5DDE902CECDE902CEB3
:10B1B000BDE88040FEF794BF2DE9F04FC7B01E46B2
:10B1C0005B68469113F04A01459208D0402904D0AB
:10B1D000082914BF0A24102402E0082400E00024F7
:10B1E0000DF1DE02314603F0D4FB054634A80DF51F
:10B1F0008972314608F0B1FD0DF1C40800264046C1
:10B200000A2100223396CDE9316605F038FD9DF91B
:10B21000CF00319F002808A858BF4746CDE90660F7
:10B2200046A845A93097FDF71FFE00285DD106AE60
:10B230000DF1C0090DF58A7B9DF9CF103098DDF82E
:10B24000C8A0002958BF5FFA81FA07EB0A018842BB
:10B250001CD14FEA4A014046002205F010FD339808
:10B260009DF9CF1020F0004000294FF00A0148BF9F
:10B27000411E4046002205F002FD9DF9CF00319F9E
:10B28000002858BF474607EB0A0030904698D0E99F
:10B290000312914202D0088803E000BF0168496AA6
:10B2A0008847BDF8121180B2CDE9006134A902913E
:10B2B00008A9039107A9049121463A464B460595F2
:10B2C00008F0CEFC88B94698D0E90312914203D029
:10B2D0000231C16003E000BF0168896A884746A85F
:10B2E0005946FDF7C1FD0028A6D09DF9DB00DDE938
:10B2F00050563599002858BFC1B241B1079808A9E6
:10B30000411A9F2903DC069940F8041B07903099E5
:10B3100038462A46234607F086F9079A306034A853
:10B3200008A92B4606F04CFE46A845A9FDF79CFD52
:10B3300018B1286840F0020028609DF9CF00469CB3
:10B34000B0F1FF3F05DC3399319821F000410BF05B
:10B35000E7FF9DF9DB00B0F1FF3F05DC369934983B
:10B3600021F000410BF0DCFF204647B0BDE8F08F34
:10B370002DE9F04FC7B01E465B68469113F04A01B5
:10B38000459208D0402904D0082914BF0A2410246B
:10B3900002E0082400E000240DF1DE02314603F053
:10B3A000F8FA054634A80DF58972314608F0D5FC47
:10B3B0000DF1C408002640460A2100223396CDE94B
:10B3C000316605F05CFC9DF9CF00319F002808A88C
:10B3D00058BF4746CDE9066046A845A93097FDF716
:10B3E00043FD00285DD106AE0DF1C0090DF58A7B45
:10B3F0009DF9CF103098DDF8C8A0002958BF5FFA3A
:10B4000081FA07EB0A0188421CD14FEA4A01404603
:10B41000002205F034FC33989DF9CF1020F0004055
:10B4200000294FF00A0148BF411E4046002205F0A6
:10B4300026FC9DF9CF00319F002858BF474607EBF7
:10B440000A0030904698D0E90312914202D0088851
:10B4500003E000BF0168496A8847BDF8121180B255
:10B46000CDE9006134A9029108A9039107A90491CB
:10B4700021463A464B46059508F0F2FB88B94698B6
:10B48000D0E90312914203D00231C16003E000BF52
:10B490000168896A884746A85946FDF7E5FC0028F7
:10B4A000A6D09DF9DB00DDE950563599002858BF3C
:10B4B000C1B241B1079808A9411A9F2903DC069936
:10B4C00040F8041B0790309938462A46234607F077
:10B4D000F6F8079AC6E9000134A808A92B4606F039
:10B4E0006FFD46A845A9FDF7BFFC18B1286840F0DC
:10B4F000020028609DF9CF00469CB0F1FF3F05DCBB
:10B500003399319821F000410BF00AFF9DF9DB00DF
:10B51000B0F1FF3F05DC3699349821F000410BF083
:10B52000FFFE204647B0BDE8F08F00002DE9F04F48
:10B53000C7B01E465B68469113F04A01459208D099
:10B54000402904D0082914BF0A24102402E008244A
:10B5500000E000240DF1DE02314603F01AFA054640
:10B5600034A80DF58972314608F0F7FB0DF1C408D7
:10B57000002640460A2100223396CDE9316605F0C7
:10B580007EFB9DF9CF00319F002808A858BF474691
:10B59000CDE9066046A845A93097FDF765FC00286F
:10B5A0005DD106AE0DF1C0090DF58A7B9DF9CF1076
:10B5B0003098DDF8C8A0002958BF5FFA81FA07EB80
:10B5C0000A0188421CD14FEA4A014046002205F098
:10B5D00056FB33989DF9CF1020F0004000294FF022
:10B5E0000A0148BF411E4046002205F048FB9DF974
:10B5F000CF00319F002858BF474607EB0A00309024
:10B600004698D0E90312914202D0088803E000BFB7
:10B610000168496A8847BDF8121180B2CDE900611E
:10B6200034A9029108A9039107A9049121463A4639
:10B630004B46059508F014FB88B94698D0E90312EB
:10B64000914203D00231C16003E000BF0168896A02
:10B65000884746A85946FDF707FC0028A6D09DF963
:10B66000DB00DDE950563599002858BFC1B241B121
:10B67000079808A9411A9F2903DC069940F8041B82
:10B680000790309938462A46234607F057F8079A1C
:10B69000306034A808A92B4606F092FC46A845A9BC
:10B6A000FDF7E2FB18B1286840F0020028609DF920
:10B6B000CF00469CB0F1FF3F05DC3399319821F073
:10B6C00000410BF02DFE9DF9DB00B0F1FF3F05DCE2
:10B6D0003699349821F000410BF022FE204647B005
:10B6E000BDE8F08F2DE9F04FC7B01E465B6846916C
:10B6F00013F04A01459208D0402904D0082914BF0C
:10B700000A24102402E0082400E000240DF1DE02E7
:10B71000314603F03EF9054634A80DF589723146ED
:10B7200008F01BFB0DF1C408002640460A21002248
:10B730003396CDE9316605F0A2FA9DF9CF00319F2D
:10B74000002808A858BF4746CDE9066046A845A985
:10B750003097FDF789FB00285DD106AE0DF1C009D9
:10B760000DF58A7B9DF9CF103098DDF8C8A000292F
:10B7700058BF5FFA81FA07EB0A0188421CD14FEAF1
:10B780004A014046002205F07AFA33989DF9CF101D
:10B7900020F0004000294FF00A0148BF411E4046FA
:10B7A000002205F06CFA9DF9CF00319F002858BFA8
:10B7B000474607EB0A0030904698D0E903129142C1
:10B7C00002D0088803E000BF0168496A8847BDF8D5
:10B7D000121180B2CDE9006134A9029108A9039148
:10B7E00007A9049121463A464B46059508F038FAD8
:10B7F00088B94698D0E90312914203D00231C16062
:10B8000003E000BF0168896A884746A85946FDF7EA
:10B810002BFB0028A6D09DF9DB00DDE950563599B9
:10B82000002858BFC1B241B1079808A9411A9F2901
:10B8300003DC069940F8041B0790309938462A46E5
:10B84000234606F0B9FF079A306034A808A92B46B2
:10B8500006F0B6FB46A845A9FDF706FB18B1286817
:10B8600040F0020028609DF9CF00469CB0F1FF3FF8
:10B8700005DC3399319821F000410BF051FD9DF921
:10B88000DB00B0F1FF3F05DC3699349821F0004130
:10B890000BF046FD204647B0BDE8F08F2DE9F04F94
:10B8A000C7B01E465B68469113F04A01459208D026
:10B8B000402904D0082914BF0A24102402E00824D7
:10B8C00000E000240DF1DE02314603F062F8054687
:10B8D00034A80DF58972314608F03FFA0DF1C4081D
:10B8E000002640460A2100223396CDE9316605F054
:10B8F000C6F99DF9CF00319F002808A858BF4746D8
:10B90000CDE9066046A845A93097FDF7ADFA0028B5
:10B910005DD106AE0DF1C0090DF58A7B9DF9CF1002
:10B920003098DDF8C8A0002958BF5FFA81FA07EB0C
:10B930000A0188421CD14FEA4A014046002205F024
:10B940009EF933989DF9CF1020F0004000294FF068
:10B950000A0148BF411E4046002205F090F99DF9BA
:10B96000CF00319F002858BF474607EB0A003090B0
:10B970004698D0E90312914202D0088803E000BF44
:10B980000168496A8847BDF8121180B2CDE90061AB
:10B9900034A9029108A9039107A9049121463A46C6
:10B9A0004B46059508F05CF988B94698D0E9031232
:10B9B000914203D00231C16003E000BF0168896A8F
:10B9C000884746A85946FDF74FFA0028A6D09DF9AA
:10B9D000DB00DDE950563599002858BFC1B241B1AE
:10B9E000079808A9411A9F2903DC069940F8041B0F
:10B9F0000790309938462A46234606F01BFF079ADF
:10BA0000308034A808A92B4606F0DAFA46A845A9E2
:10BA1000FDF72AFA18B1286840F0020028609DF965
:10BA2000CF00469CB0F1FF3F05DC3399319821F0FF
:10BA300000410BF075FC9DF9DB00B0F1FF3F05DC28
:10BA40003699349821F000410BF06AFC204647B04B
:10BA5000BDE8F08F2DE9F04FC7B01E465B684691F8
:10BA600013F04A01459208D0402904D0082914BF98
:10BA70000A24102402E0082400E000240DF1DE0274
:10BA8000314602F086FF054634A80DF5897231462D
:10BA900008F063F90DF1C408002640460A2100228F
:10BAA0003396CDE9316605F0EAF89DF9CF00319F74
:10BAB000002808A858BF4746CDE9066046A845A912
:10BAC0003097FDF7D1F900285DD106AE0DF1C00920
:10BAD0000DF58A7B9DF9CF103098DDF8C8A00029BC
:10BAE00058BF5FFA81FA07EB0A0188421CD14FEA7E
:10BAF0004A014046002205F0C2F833989DF9CF1064
:10BB000020F0004000294FF00A0148BF411E404686
:10BB1000002205F0B4F89DF9CF00319F002858BFEE
:10BB2000474607EB0A0030904698D0E9031291424D
:10BB300002D0088803E000BF0168496A8847BDF861
:10BB4000121180B2CDE9006134A9029108A90391D4
:10BB500007A9049121463A464B46059508F080F81E
:10BB600088B94698D0E90312914203D00231C160EE
:10BB700003E000BF0168896A884746A85946FDF777
:10BB800073F90028A6D09DF9DB00DDE95056359900
:10BB9000002858BFC1B241B1079808A9411A9F298E
:10BBA00003DC069940F8041B0790309938462A4672
:10BBB000234606F080FE079AC6E9000134A808A9CA
:10BBC0002B4606F0FDF946A845A9FDF74DF918B139
:10BBD000286840F0020028609DF9CF00469CB0F133
:10BBE000FF3F05DC3399319821F000410BF098FBC1
:10BBF0009DF9DB00B0F1FF3F05DC3699349821F068
:10BC000000410BF08DFB204647B0BDE8F08F0000EF
:10BC10002DE9F04FCDB01F46CDE94B213CAE39A800
:10BC20003DAA0DF1F2033946009608F0C6F936AF89
:10BC3000002438460A2100223894CDE9364405F024
:10BC40001EF89DF9E300369E00280DA858BF3E4619
:10BC5000CDE90B4001208DF82B0045208DF82A00FE
:10BC60004CA84BA935968DF82940FDF7FDF8002822
:10BC700046D09DF9EF00DDE956453A99002858BFB6
:10BC8000C1B261B19DF82B00012808D10C980DA913
:10BC9000411A9F2903DC0B9940F8041B0C9035993D
:10BCA0003046224605F081FF0C9AC5E9000139A80B
:10BCB0000DA9234606F084F94CA84BA9FDF7D4F84A
:10BCC00018B1206840F0020020609DF9E3004C9C10
:10BCD000B0F1FF3F05DC3899369821F000410BF0B8
:10BCE0001FFB9DF9EF00B0F1FF3F05DC3B99399850
:10BCF00021F000410BF014FB20464DB0BDE8F08F61
:10BD00004FF000090DF1D4080DF12B0A0DF12A05B1
:10BD10009DF9E3103598DDF8DCB0002958BF5FFAD3
:10BD200081FB06EB0B0188421CD14FEA4B013846E0
:10BD3000002204F0A4FF38989DF9E31020F00040A1
:10BD400000294FF00A0148BF411E3846002204F086
:10BD500096FF9DF9E300369E002858BF3E4606EB4D
:10BD60000B0035904C98D0E90312914202D008881C
:10BD700003E000BF0168496A8847BDF8F210BDF8CA
:10BD8000F020CDE9008139A903910DA904910CA9F6
:10BD90000DF1290305910BA908930292069180B237
:10BDA00051462A4633463DAC079408F000F8002877
:10BDB0007FF45FAF5FEAC97002D04FF0010919E06C
:10BDC0003598811B012913DB30782B2801D02D28D1
:10BDD00023D101290CD02D2801D02B2808D170782F
:10BDE0004FF001092E2805D03038092802D940E744
:10BDF0004FF000094C98D0E90312914202D0023171
:10BE0000C16002E00168896A88474CA84BA9FDF728
:10BE10002BF800283FF47CAF2BE72E284FF00109C8
:10BE2000E8D030380A28E5D323E700002DE9F04FA9
:10BE3000CDB01F46CDE94B213CAE39A83DAA0DF14E
:10BE4000F2033946009608F0B8F836AF00243846B9
:10BE50000A2100223894CDE9364404F010FF9DF900
:10BE6000E300369E00280DA858BF3E46CDE90B40A2
:10BE700001208DF82B0045208DF82A004CA84BA9F5
:10BE800035968DF82940FCF7EFFF002846D09DF944
:10BE9000EF00DDE956453A99002858BFC1B261B1BB
:10BEA0009DF82B00012808D10C980DA9411A9F2953
:10BEB00003DC0B9940F8041B0C9035993046224660
:10BEC00005F09DFE0C9AC5E9000139A80DA923468D
:10BED00006F076F84CA84BA9FCF7C6FF18B120680D
:10BEE00040F0020020609DF9E3004C9CB0F1FF3F60
:10BEF00005DC3899369821F000410BF011FA9DF9D4
:10BF0000EF00B0F1FF3F05DC3B99399821F000418B
:10BF10000BF006FA20464DB0BDE8F08F4FF0000957
:10BF20000DF1D4080DF12B0A0DF12A059DF9E3104E
:10BF30003598DDF8DCB0002958BF5FFA81FB06EBCD
:10BF40000B0188421CD14FEA4B013846002204F015
:10BF500096FE38989DF9E31020F0004000294FF03C
:10BF60000A0148BF411E3846002204F088FE9DF9B0
:10BF7000E300369E002858BF3E4606EB0B00359086
:10BF80004C98D0E90312914202D0088803E000BF28
:10BF90000168496A8847BDF8F210BDF8F020CDE984
:10BFA000008139A903910DA904910CA90DF1290370
:10BFB00005910BA908930292069180B251462A4638
:10BFC00033463DAC079407F0F2FE00287FF45FAFE4
:10BFD0005FEAC97002D04FF0010919E03598811B62
:10BFE000012913DB30782B2801D02D2823D10129FA
:10BFF0000CD02D2801D02B2808D170784FF00109E2
:10C000002E2805D03038092802D940E74FF0000922
:10C010004C98D0E90312914202D00231C16002E093
:10C020000168896A88474CA84BA9FCF71DFF0028C6
:10C030003FF47CAF2BE72E284FF00109E8D03038D1
:10C040000A28E5D323E700002DE9F04FCDB01F46C5
:10C05000CDE94B213CAE39A83DAA0DF1F20339469A
:10C06000009607F0AAFF36AF002438460A210022C6
:10C070003894CDE9364404F002FE9DF9E300369E83
:10C0800000280DA858BF3E46CDE90B4001208DF891
:10C090002B0045208DF82A004CA84BA935968DF829
:10C0A0002940FCF7E1FE002845D09DF9EF00DDE9CD
:10C0B00056453A99002858BFC1B261B19DF82B008E
:10C0C000012808D10C980DA9411A9F2903DC0B996E
:10C0D00040F8041B0C9035993046224605F0B9FD16
:10C0E0000C9A286039A80DA9234605F069FF4CA8D1
:10C0F0004BA9FCF7B9FE18B1206840F0020020609F
:10C100009DF9E3004C9CB0F1FF3F05DC389936986F
:10C1100021F000410BF004F99DF9EF00B0F1FF3F71
:10C1200005DC3B99399821F000410BF0F9F82046E5
:10C130004DB0BDE8F08F4FF000090DF1D4080DF1BE
:10C140002B0A0DF12A0500BF9DF9E3103598DDF8A3
:10C15000DCB0002958BF5FFA81FB06EB0B01884277
:10C160001CD14FEA4B013846002204F088FD389874
:10C170009DF9E31020F0004000294FF00A0148BF6C
:10C18000411E3846002204F07AFD9DF9E300369EF8
:10C19000002858BF3E4606EB0B0035904C98D0E97E
:10C1A0000312914202D0088803E000BF0168496A87
:10C1B0008847BDF8F210BDF8F020CDE9008139A91B
:10C1C00003910DA904910CA90DF1290305910BA967
:10C1D00008930292069180B251462A4633463DACFE
:10C1E000079407F0E4FD00287FF45FAF5FEAC970B1
:10C1F00002D04FF0010919E03598811B012913DBAA
:10C2000030782B2801D02D2823D101290CD02D28BE
:10C2100001D02B2808D170784FF001092E2805D0C5
:10C220003038092802D940E74FF000094C98D0E98E
:10C230000312914202D00231C16002E00168896AB2
:10C2400088474CA84BA9FCF70FFE00283FF47CAFB1
:10C250002BE72E284FF00109E8D030380A28E5D323
:10C2600023E700002DE9F04FC7B009ADCDE9452126
:10C270000024284619463794CDE9354401F0FBF8EF
:10C2800048F24C11C2F200412846FDF7E4F901687A
:10C2900038AB0F6B4CF61C11C0F6030101F11A020A
:10C2A000B847099848F26021C2F20041884206D09E
:10C2B00041684A1E426011B901688968884732AFF7
:10C2C000519E38460A2100223494CDE9324404F0CC
:10C2D000D6FC9DF9D300329D002809A858BF3D46E1
:10C2E000CDE9074046A845A93195FCF7BDFD08B149
:10C2F000284662E00DF11C0831AE0DF58C7B0DF582
:10C300008A7A00BF9DF9D3103198DDF8CC900029CE
:10C3100058BF5FFA81F905EB090188421CD14FEA49
:10C3200049013846002204F0AAFC34989DF9D31044
:10C3300020F0004000294FF00A0148BF411E384656
:10C34000002204F09CFC9DF9D300329D002858BFC8
:10C350003D4605EB090031904698D0E90312914221
:10C3600002D0088803E000BF0168496A88470021BD
:10C37000019135A9029109A9039108A9049180B2FC
:10C3800010212A46334638ACCDF80080059407F0DA
:10C3900067FC80B94698D0E90312914202D002317D
:10C3A000C16002E00168896A884758465146FCF737
:10C3B0005BFD0028A6D03198519EDDF84081411BDD
:10C3C0003846002204F05BFC9DF9D300329C002823
:10C3D00058BF3C4606F0DAFA4FF26322C0F6030279
:10C3E00020460021334605F009FF01281CBF042028
:10C3F000C8F8000046A845A9FCF736FD28B1D8F8D2
:10C40000000040F00200C8F800009DF9D300469CEF
:10C41000B0F1FF3F05DC3499329821F000410AF079
:10C420007FFF9DF9DF00B0F1FF3F05DC37993598BC
:10C4300021F000410AF074FF204647B0BDE8F08FBC
:10C440002DE9F0478AB014461A79DDF84C80DDF802
:10C4500048901F46D207099112D102684FF0FF336E
:10C460001669039303AD22463B46CDE90095B047DC
:10C4700003990446012967D0002969D1002064E0AE
:10C4800003AD2846394600F0F6FF48F24C11C2F2DF
:10C4900000412846FDF7DFF8039948F26026C2F212
:10C4A0000046B142824607D04868421E4A6018B929
:10C4B000086882680846904703AD2846394600F070
:10C4C000DAFF48F27431C2F200412846FDF7C3F8A2
:10C4D00003990746B14207D04868421E4A6018B91E
:10C4E0000868826808469047386839468269284655
:10C4F000904738683946C26905F10C009047012021
:10C5000005F11803CDE9019009A821462A46CDF886
:10C5100000A005F039FA401BB0FA80F0099C4009F0
:10C52000002688F8000000BFA81990F91710B1F193
:10C53000FF3F04DC4169C06849000AF0F1FE0C3E8F
:10C5400016F11800F0D109E0012088F8000005E09C
:10C55000012088F800000420C9F8000020460AB035
:10C56000BDE8F08780B5DDE902CECDE902CEBDE8B9
:10C570008040FFF74DBB80B5DDE902CECDE902CEAC
:10C58000BDE88040FFF752BC80B5DDE902CECDE9C1
:10C5900002CEBDE88040FFF757BD80B5DDE902CE91
:10C5A000CDE902CEBDE88040FEF706BE80B5DDE9EC
:10C5B00002CECDE902CEBDE88040FFF793B880B54A
:10C5C000DDE902CECDE902CEBDE88040FFF766B9D5
:10C5D00080B5DDE902CECDE902CEBDE88040FEF7B0
:10C5E000C7BE80B5DDE902CECDE902CEBDE8804010
:10C5F000FFF730BA80B5DDE902CECDE902CEBDE865
:10C600008040FEF793BF2DE9F04792B00020984696
:10C610008946DDE91A611190252010AC5368154652
:10C620001090601C012205F021F806F0AFF90DF121
:10C63000330738460D2100222346009605F0B6FE4A
:10C640003C18384621462A4605F08AF80DF1100AB2
:10C6500006465046294600F00EFF05A806A9CDE97A
:10C66000001007AB384631462246CDF808A007F047
:10C67000EBFC049848F26021C2F20041884206D0E7
:10C6800041684A1E426011B9016889688847DDE93E
:10C69000053207A94846CDE9005805F0E3FC12B081
:10C6A000BDE8F0872DE9F04792B000209846894612
:10C6B000DDE91A611190252010AC536815461090E1
:10C6C000601C002204F0D2FF06F060F90DF1330780
:10C6D00038460D2100222346009605F067FE3C18DF
:10C6E000384621462A4605F03BF80DF1100A064669
:10C6F0005046294600F0BFFE05A806A9CDE9001066
:10C7000007AB384631462246CDF808A007F09CFC1E
:10C71000049848F26021C2F20041884206D0416884
:10C720004A1E426011B9016889688847DDE905320F
:10C7300007A94846CDE9005805F094FC12B0BDE8C1
:10C74000F0872DE9F0479AB0002098468946249951
:10C750001990252018AC53681546DDE922A61890DB
:10C76000601C012204F082FF06F010F912AF384677
:10C77000182100222346CDE900A605F017FE3C183B
:10C78000384621462A4604F0EBFF0DF10C0A064616
:10C790005046294600F06FFE04A805A9CDE9001017
:10C7A0000DF11B03384631462246CDF808A007F0AC
:10C7B0004BFC039848F26021C2F20041884206D047
:10C7C00041684A1E426011B9016889688847DDE9FD
:10C7D00004320DF11B014846CDE9005805F042FC3A
:10C7E0001AB0BDE8F0872DE9F0479AB000209846CE
:10C7F000894624991990252018AC53681546DDE91F
:10C8000022A61890601C002204F030FF06F0BEF84B
:10C8100012AF3846182100222346CDE900A605F0C4
:10C82000C5FD3C18384621462A4604F099FF0DF113
:10C830000C0A06465046294600F01DFE04A805A92C
:10C84000CDE900100DF11B03384631462246CDF8E4
:10C8500008A007F0F9FB039848F26021C2F20041FA
:10C86000884206D041684A1E426011B90168896851
:10C870008847DDE904320DF11B014846CDE9005837
:10C8800005F0F0FB1AB0BDE8F0872DE9F04FA5B038
:10C89000002023902520934689463099229022A893
:10C8A0005268DDE92E7A01301E4604F019FF0DF1C1
:10C8B0006A080446CDF8648006F068F80696D4B19C
:10C8C000DBF8080022AB00900DF16A001E21002267
:10C8D000CDE9027A002505F069FD1D2825DD06F069
:10C8E00055F8DBF8083019A822AA0021CDE9007A12
:10C8F00005F04EFD14E00DF16A0022AB1E2100226E
:10C90000CDE9007A002505F051FD1D280DDD06F06A
:10C910003DF819A822AA0021CDE9007A05F038FDDA
:10C920000446013014D0199D00E004460595199D78
:10C930005A462F192846394604F012FF45458046CD
:10C94000CA4607D06000D3F76AFF0446064620B9FE
:10C950000AF03EFC0DF12B0600240DF11C0948469F
:10C96000594600F088FD08A809A9CDE9001028461D
:10C9700041463A463346CDF8089007F077FC0798D1
:10C9800048F26021C2F20041884206D041684A1E46
:10C99000426011B9016889688847DDE90832069F5D
:10C9A00050463146CDE900B705F05CFB054614B1B1
:10C9B0002046D3F763FF059808B1D3F75FFF2846F9
:10C9C00025B0BDE8F08F2DE9F04FA5B000202390F1
:10C9D0002520934689463099229022A85268DDE9A5
:10C9E0002E7A01301E4604F07BFE0DF16A080446E3
:10C9F000CDF8648005F0CAFF0696D4B1DBF80800D4
:10CA000022AB00900DF16A001E210022CDE9027ACE
:10CA1000002505F0CBFC1D2825DD05F0B7FFDBF870
:10CA2000083019A822AA0021CDE9007A05F0B0FC4F
:10CA300014E00DF16A0022AB1E210022CDE9007A3C
:10CA4000002505F0B3FC1D280DDD05F09FFF19A89A
:10CA500022AA0021CDE9007A05F09AFC04460130B3
:10CA600014D0199D00E004460595199D5A462F19CA
:10CA70002846394604F074FE45458046CA4607D02C
:10CA80006000D3F7CCFE0446064620B90AF0A0FBAE
:10CA90000DF12B0600240DF11C094846594600F003
:10CAA000EAFC08A809A9CDE90010284641463A4603
:10CAB0003346CDF8089007F0D9FB079848F260217B
:10CAC000C2F20041884206D041684A1E426011B954
:10CAD000016889688847DDE90832069F504631467B
:10CAE000CDE900B705F0BEFA054614B12046D3F7EC
:10CAF000C5FE059808B1D3F7C1FE284625B0BDE8AC
:10CB0000F08F2DE9F04F93B01C9C03939346029154
:10CB100005F03CFF4FF263230DF1380AC0F6030322
:10CB2000504614210022009405F040FC0AEB00045A
:10CB30008146504621465A4604F012FE04AF05468F
:10CB40003846594600F097FC48F24411C2F20041C1
:10CB50003846FCF780FD049948F26022C2F2004298
:10CB60009142804607D04868421E4A6018B908685A
:10CB7000826808469047D8F800005146066A404649
:10CB800022463B46B04707EB0903A5EB0A001A46CD
:10CB9000A54218BF3A1802983946039FCDE900B75D
:10CBA00005F060FA13B0BDE8F08F0000F0B583B077
:10CBB0000C461179089FC90708D10168D1F818C03F
:10CBC0002146089703B0BDE8F04060476D4628460F
:10CBD000114600F050FC48F26C31C2F20041284688
:10CBE000FCF739FD009948F26022C2F200429142FE
:10CBF000064607D04868421E4A6018B9086882682D
:10CC00000846904730681C21002F18BF1821425851
:10CC10006D462846314690479DF90B10DDE900022C
:10CC2000002958BF0A4672B3002958BF2846064655
:10CC300044B1D4E906023178904205D0421CA26189
:10CC4000017009E0002407E02068426B204690470D
:10CC5000B0F1FF3008BF04469DF90B10DDE900027A
:10CC60002B4600294CBF03460A4601361A44964219
:10CC7000DED1002904D5029921F000410AF050FBD1
:10CC8000204603B0F0BDB1F1FF3FF9DCF3E710B58A
:10CC900084B0DDE906CE4FF27924C0F60304029495
:10CCA000CDE900CEFFF7F1FD04B010BD10B584B0A2
:10CCB000DDE906CE4FF23224C0F603040294CDE93A
:10CCC00000CEFFF780FE04B010BD80B582B0DDF865
:10CCD00010C04FF2612EC0F6030ECDE900CEFFF773
:10CCE00092FC02B080BD80B582B0DDF810C04FF27A
:10CCF000612EC0F6030ECDE900CEFFF7D3FC02B0E3
:10CD000080BD10B584B0DDE906CE4FF26024C0F6D8
:10CD100003040294CDE900CEFFF713FD04B010BD6B
:10CD200010B584B0DDE906CE4FF26024C0F60304EE
:10CD30000294CDE900CEFFF756FD04B010BD2DE9F9
:10CD4000F04798B0002098468946DDE920611790A9
:10CD5000252016AC536815461690601C012204F07D
:10CD600085FC05F013FE0DF14B0738460D2100221E
:10CD70002346009605F01AFB3C18384621462A4601
:10CD800004F0EEFC0DF1100A06465046294600F06C
:10CD900072FB05A806A9CDE9001007AB384631465D
:10CDA0002246CDF808A007F0C7FB049848F260219E
:10CDB000C2F20041884206D041684A1E426011B961
:10CDC000016889688847DDE9053207A94846CDE949
:10CDD000005805F099F918B0BDE8F0872DE9F04743
:10CDE00098B0002098468946DDE9206117902520FB
:10CDF00016AC536815461690601C002204F036FCF1
:10CE000005F0C4FD0DF14B0738460D2100222346E5
:10CE1000009605F0CBFA3C18384621462A4604F025
:10CE20009FFC0DF1100A06465046294600F023FBF0
:10CE300005A806A9CDE9001007AB384631462246C1
:10CE4000CDF808A007F078FB049848F26021C2F200
:10CE50000041884206D041684A1E426011B901680B
:10CE600089688847DDE9053207A94846CDE90058B9
:10CE700005F04AF918B0BDE8F0872DE9F047A6B0F3
:10CE800000209846894630992590252024AC536887
:10CE90001546DDE92EA62490601C012204F0E6FB75
:10CEA00005F074FD1EAF3846182100222346CDE957
:10CEB00000A605F07BFA3C18384621462A4604F0C5
:10CEC0004FFC0DF1100A06465046294600F0D3FAF1
:10CED00005A806A9CDE900100DF11E03384631461C
:10CEE0002246CDF808A007F027FB049848F26021FD
:10CEF000C2F20041884206D041684A1E426011B920
:10CF0000016889688847DDE905320DF11E01484650
:10CF1000CDE9005805F0F8F826B0BDE8F0872DE916
:10CF2000F047A6B0002098468946309925902520E4
:10CF300024AC53681546DDE92EA62490601C00221F
:10CF400004F094FB05F022FD1EAF384618210022A4
:10CF50002346CDE900A605F029FA3C1838462146BB
:10CF60002A4604F0FDFB0DF1100A064650462946FC
:10CF700000F081FA05A806A9CDE900100DF11E0305
:10CF8000384631462246CDF808A007F0D5FA049875
:10CF900048F26021C2F20041884206D041684A1E30
:10CFA000426011B9016889688847DDE905320DF1F1
:10CFB0001E014846CDE9005805F0A6F826B0BDE8A8
:10CFC000F0872DE9F04FB3B0002031902520934633
:10CFD00089463E99309030A85268DDE93C7A0130AC
:10CFE0001E4604F07DFB0DF1A2080446CDF89C809E
:10CFF00005F0CCFC0696D4B1DBF8080030AB00900D
:10D000000DF1A2001E210022CDE9027A002505F0D3
:10D01000CDF91D2825DD05F0B9FCDBF8083027A87F
:10D0200030AA0021CDE9007A05F0B2F914E00DF143
:10D03000A20030AB1E210022CDE9007A002505F0C8
:10D04000B5F91D280DDD05F0A1FC27A830AA0021A7
:10D05000CDE9007A05F09CF90446013014D0279DF3
:10D0600000E004460595279D5A462F192846394663
:10D0700004F076FB45458046CA4607D0A000D3F7AA
:10D08000CEFB0446064620B90AF0A2F80DF12A06A6
:10D0900000240DF11C094846594600F0ECF908A897
:10D0A00009A9CDE90010284641463A463346CDF855
:10D0B000089007F051FB079848F26021C2F2004146
:10D0C000884206D041684A1E426011B901688968E9
:10D0D0008847DDE90832069F50463146CDE900B762
:10D0E00005F012F8054614B12046D3F7C7FB0598A2
:10D0F00008B1D3F7C3FB284633B0BDE8F08F2DE964
:10D10000F04FB3B0002031902520934689463E99D8
:10D11000309030A85268DDE93C7A01301E4604F0B8
:10D12000DFFA0DF1A2080446CDF89C8005F02EFC34
:10D130000696D4B1DBF8080030AB00900DF1A200E8
:10D140001E210022CDE9027A002505F02FF91D28C5
:10D1500025DD05F01BFCDBF8083027A830AA0021EC
:10D16000CDE9007A05F014F914E00DF1A20030AB1E
:10D170001E210022CDE9007A002505F017F91D28AF
:10D180000DDD05F003FC27A830AA0021CDE9007AC7
:10D1900005F0FEF80446013014D0279D00E0044657
:10D1A0000595279D5A462F192846394604F0D8FA86
:10D1B00045458046CA4607D0A000D3F730FB044659
:10D1C000064620B90AF004F80DF12A0600240DF1F4
:10D1D0001C094846594600F04EF908A809A9CDE9AE
:10D1E0000010284641463A463346CDF8089007F0ED
:10D1F000B3FA079848F26021C2F20041884206D093
:10D2000041684A1E426011B9016889688847DDE9B2
:10D210000832069F50463146CDE900B704F074FF4E
:10D22000054614B12046D3F729FB059808B1D3F77A
:10D2300025FB284633B0BDE8F08F2DE9F04F9DB0B7
:10D24000269C04939346039105F0A0FB4FF26323C1
:10D250000DF1600AC0F60303504614210022009429
:10D2600005F0A4F80AEB00048146504621465A46D0
:10D2700004F076FA05AF05463846594600F0FBF84B
:10D2800048F24C11C2F200413846FCF7E4F9059926
:10D2900048F26022C2F200429142804607D04868BC
:10D2A000421E4A6018B90868826808469047D8F854
:10D2B00000005146066B404622463B46B04707EB0E
:10D2C0004903A5EB0A001A46A54218BF07EB400226
:10D2D00003983946049FCDE900B704F015FF1DB04F
:10D2E000BDE8F08FF0B583B00C461179089FC907EF
:10D2F00008D10168D1F818C02146089703B0BDE8ED
:10D30000F04060476D462846114600F0B4F848F2F8
:10D310007431C2F200412846FCF79DF9009948F2A9
:10D320006022C2F200429142064607D04868421E7F
:10D330004A6018B9086882680846904730681C211E
:10D34000002F18BF182142586D4628463146904795
:10D350009DF90B10DDE90002002958BF0A4672B39F
:10D36000002958BF2846064644B1D4E90602318850
:10D37000904205D020F8021BA06109E0002407E0DC
:10D380002068426B20469047B0F1FF3008BF04464A
:10D390009DF90B10DDE900022B4600294CBF034626
:10D3A0000A46023603EB42029642DDD1002903D53C
:10D3B0000299490009F0B4FF204603B0F0BDB1F175
:10D3C000FF3FF9DCF4E710B584B0DDE906CE4FF29B
:10D3D0007924C0F603040294CDE900CEFFF7F1FDF5
:10D3E00004B010BD10B584B0DDE906CE4FF2322492
:10D3F000C0F603040294CDE900CEFFF780FE04B02E
:10D4000010BD80B582B0DDF810C04FF2612EC0F6BD
:10D41000030ECDE900CEFFF792FC02B080BD80B5CF
:10D4200082B0DDF810C04FF2612EC0F6030ECDE9D8
:10D4300000CEFFF7D3FC02B080BD10B584B0DDE9AB
:10D4400006CE4FF26024C0F603040294CDE900CE6C
:10D45000FFF713FD04B010BD10B584B0DDE906CEB2
:10D460004FF26024C0F603040294CDE900CEFFF72A
:10D4700056FD04B010BD80B51C3105F064FE80BDC2
:10D4800080B5039991F90B20002A06D4D1E9002335
:10D490008968C0E90023816080BD06C903F0E1FA14
:10D4A00080BD4FF0FF307047704780B5039991F908
:10D4B0000B20002A06D4D1E900238968C0E90023A3
:10D4C000816080BD06C903F0E7FD80BD4FF0FF30ED
:10D4D0007047704791F91720002A07D40C31D1E921
:10D4E00000238968C0E900238160704780B50A691C
:10D4F000C96803F0B6FA80BD80B502A103F085FCCF
:10D5000080BD00BF747275650000000080B502A187
:10D5100003F07BFC80BD00BF66616C73650000009A
:10D52000007A7047407A704791F91720002A07D493
:10D530000C31D1E900238968C0E90023816070477C
:10D5400080B50A69C96803F08CFA80BD80B54FF2D6
:10D550000831C0F6030103F035FF80BD80B502A19C
:10D5600003F030FF80BD00BF660061006C007300F7
:10D57000650000000089704740897047F0B581B0B0
:10D580001C46DDE9065310460F46042621462A466E
:10D59000009604F015FF297849070BD4014664284A
:10D5A00038BF01F26C714528B8BF00F5FA61A1F2ED
:10D5B0006C70386001B0F0BD2DE9F04184B01746C1
:10D5C00050F8082FDDF8288092681E460C469047D8
:10D5D000054690F90B006968002858BFC1B295F95B
:10D5E00017002A69002858BFC2B2D14206D1D8F824
:10D5F000000040F00400C8F800001BE00B98002178
:10D6000005F1180300900291384631462A46CDF8BC
:10D61000048004F0C3F82168A84208BF0C2907D091
:10D62000401B0C2806D10B2904DC01F10C0000E0A2
:10D630000020206004B0BDE8F0812DE9F04385B002
:10D640001546064650F8082FDDF830805269DDF89F
:10D6500034901C460F46904790F90B10D0E90023F8
:10D6600000295CBF0246CBB2D018CDE9022030467B
:10D6700039462A462346CDF80080CDF8049000F0C4
:10D6800093F905B0BDE8F083B0B586B043F64D24FC
:10D69000C5F22534059444F62504C2F23A54DDE976
:10D6A0000ACE049404AC04F10805CDE90245CDE9A5
:10D6B00000CE00F079F906B0B0BD2DE9F04184B09C
:10D6C00002AE0546DDE90A87039130461946144645
:10D6D000FFF7D1FE48F24411C2F200413046FBF799
:10D6E000BAFF029948F26022C2F200429142064615
:10D6F00007D04868421E4A6018B908688268084620
:10D70000904707F1140103AA28462346CDE9008675
:10D71000FFF734FF039804B0BDE8F08170B582B024
:10D720000D4601A928461C460192FBF76CFB08B187
:10D73000062025E02868069ED0E90312914201D018
:10D74000087802E00168496A8847316800224B6A1C
:10D75000C1B230469847252807D12868D0E903127E
:10D76000914204D00131C16004E0042008E0016866
:10D77000896A884701A92846FBF745FB18B10220B2
:10D7800021680843206002B070BD022070472DE977
:10D79000F04184B002AE0546DDE90A8703913046C8
:10D7A00019461446FFF767FE48F24411C2F20041E1
:10D7B0003046FBF750FF029948F26022C2F2004265
:10D7C0009142064607D04868421E4A6018B9086868
:10D7D00082680846904707F1180103AA28462346A5
:10D7E000CDE9008600F06CF8039804B0BDE8F08144
:10D7F0002DE9F04383B0164650F8082FDDF82C8051
:10D800005268DDF828901D460C469047074600F503
:10D81000907300200290304629463A46CDF80080A9
:10D82000CDF8049003F0BAFFC01BB0F5907F13DA77
:10D830004AF6AB218010CAF6AA2148434AF6AB212A
:10D84000C2F6AA2180FB0112510801EBD27101EB53
:10D850004101A0EB8100206003B0BDE8F0832DE919
:10D86000F04184B002AE0546DDE90A8703913046F7
:10D8700019461446FFF7FFFD48F24411C2F2004179
:10D880003046FBF7E8FE029948F26022C2F20042FD
:10D890009142064607D04868421E4A6018B9086897
:10D8A00082680846904707F1100103AA28462346DC
:10D8B000CDE90086FFF79CFF039804B0BDE8F08136
:10D8C0002DE9F04383B0164650F8082FDDF82C8080
:10D8D0001268DDF828901D460C469047074600F177
:10D8E000A80300200290304629463A46CDF8008031
:10D8F000CDF8049003F052FFC01BA72815DC4AF6B0
:10D90000AB218010CAF6AA2142F2934300FB01F238
:10D91000C9F2492382FB033700FB0170811001EB40
:10D92000D070C0EBC000101A206003B0BDE8F083D7
:10D93000F0B581B00D46694628461C460092FBF7BB
:10D9400062FA30BB069F6E462868D0E90312914206
:10D9500002D0087804E000BF0168496A8847C0B275
:10D9600041B2002915D4B96811F82000C00710D0C1
:10D970002868D0E90312914202D00131C16002E06F
:10D980000168896A884728463146FBF73CFA002837
:10D99000DAD069462846FBF736FA18B1206840F01D
:10D9A0000200206001B0F0BD2DE9F04F89B006AC57
:10D9B0000490DDE91478CDE9072120461946059346
:10D9C000FFF759FD48F24411C2F200412046FBF72F
:10D9D00042FE069948F26022C2F20042914283461A
:10D9E00007D04868421E4A6018B90868826808462D
:10D9F0009047129900204745086000F0C28008ACAB
:10DA00000DF11C0920464946FBF7FDF9002840F0BE
:10DA1000B580DBF800003978436A58460022984701
:10DA2000252821D1781C404500F0A880DBF8002093
:10DA30000178536A584600224FF0000A984705467D
:10DA4000452801D0302D20D1B81C404500F09680EB
:10DA5000DBF800200178536A584600229847AA460E
:10DA60000223054612E000BF97F90010002905D4F3
:10DA7000DBF8080010F82110C9071AD10898D0E97E
:10DA80000312914224D0087825E00123049E0899CE
:10DA90003068079A446A12981F4400903046059BEC
:10DAA000139ECDE9025A0196A0470890013708ACB1
:10DAB00030E0791C414535D091F90020002A33D45B
:10DAC00010F822200137D20701F10101F2D12DE037
:10DAD0000168496A8847DBF80010CA68C1B2584635
:10DAE0009047DBF800203978D268054658469047C1
:10DAF000854207D10898D0E90312914206D001313E
:10DB0000C16006E012980421016003E00168896A9F
:10DB100088470137474534D01298006800283FF401
:10DB200071AF2EE0474601E00F4600BF2046494650
:10DB3000FBF769F90028EDD10898D0E9031291426A
:10DB400002D0087804E000BF0168496A8847C0B283
:10DB500041B20029DED4DBF8081011F82000C0071C
:10DB6000D8D00898D0E90312914203D00131C160A6
:10DB7000DCE700BF0168896A8847D7E7129904206B
:10DB8000086008A807A9FBF73EF920B112990868B8
:10DB900040F002000860089809B0BDE8F08F00006E
:10DBA0002DE9F04F89B0DDF848808346002004ADB0
:10DBB000149E0891C8F80000284619461F46914651
:10DBC000FFF759FC48F24411C2F200412846FBF726
:10DBD00042FD049948F26022C2F20042914204469A
:10DBE00007D04868421E4A6018B90868826808462B
:10DBF0009047A6F14100382800F26E80DDF84CA075
:10DC0000DFE810F04B0039007400B0007400D3005E
:10DC10007400A300DD00740074007400100174002F
:10DC2000740074007400F200610136017400740025
:10DC300074004701C2007400740074007400740022
:10DC4000740074004B003900310155005500740018
:10DC5000740039007400840074007400FD004300F7
:10DC600074008D017400220174004300740074007C
:10DC70007301790099000AF1100108AA58464B4631
:10DC8000CDE90084FFF7B4FD45E108A958464A46AE
:10DC900043460094FFF74CFE3DE10AF1180108AA43
:10DCA00058464B46CDE90084FFF70AFE33E10227D0
:10DCB00008A8494642462346009704F081FBD8F85D
:10DCC0000010421E1E2A00F2228111F0040240F0D0
:10DCD0001E81CAF80C001EE1252E07D108A958465E
:10DCE0004A4643460094FFF719FD14E1D8F80000B6
:10DCF00040F004000DE1DBF8000008994669584641
:10DD00004A463B46CDE9008AB04705E1032708A80B
:10DD1000494642462346009704F052FBD8F80010CB
:10DD2000B0F5B77F80F2F38011F0040240F0EF808D
:10DD3000CAF81C00EFE00AF1140108AA58464B4645
:10DD4000CDE90084FFF71AFCE5E0022708A8494660
:10DD500042462346009704F033FBD8F800101728FA
:10DD60003BDDD4E040F2F71042F66D51C1F20050B5
:10DD7000C6F22541084445F62511C2F22D5101F5A0
:10DD80000531CDE904107DE0042708A84946424644
:10DD90002346009704F014FB98F8001049075CBF75
:10DDA000A0F26C70CAF81400B5E042F66D50C6F2ED
:10DDB0002540059045F62510C2F22D5061E002275E
:10DDC00008A8494642462346009704F0F9FAD8F8D5
:10DDD0000010421E0B2A00F29A8011F0040240F05B
:10DDE0009680CAF8080096E04D208DF8140044F69D
:10DDF0002500C2F23A50089904906E1D45E00227B2
:10DE000008A8494642462346009704F0D9FAD8F8B4
:10DE1000001001380B287AD811F0040277D1CAF823
:10DE2000100078E0022708A849464246234600979A
:10DE300004F0C6FAD8F800103B2868DC11F00402A0
:10DE400065D1CAF8040066E03AA13A484A6805F18B
:10DE50000B06CDE904020889897AADF818008DF81F
:10DE60001A10089911E0584650F8081FC96814E0C4
:10DE700043F64D20C5F22530059044F62500C2F248
:10DE80003A500490089905F10806CDE9008A0295F8
:10DE900011E0584650F8081F8969884790F90B200F
:10DEA000D0E900360899002A5CBF0346D6B21E446A
:10DEB000CDE9008A029358464A463B460396FFF74F
:10DEC00073FD089027E0022708A8494642462346EA
:10DED000009704F075FAD8F800103C2817DC11F010
:10DEE000040214D1CAF8000015E0012708A8494629
:10DEF00042462346009704F063FAD8F8001006283B
:10DF000005DC11F0040202D1CAF8180003E041F068
:10DF10000400C8F80000089809B0BDE8F08F0AF1C5
:10DF2000080108AA58464B46CDE90084FFF744FB98
:10DF3000F1E700BF25493A254D3A255320257000C9
:10DF4000F0B581B01C46DDE9065310460F460426A5
:10DF500021462A46009604F0BFFA297849070BD4D7
:10DF60000146642838BF01F26C714528B8BF00F53E
:10DF7000FA61A1F26C70386001B0F0BD2DE9F0419A
:10DF800084B0174650F8082FDDF8288092681E46A6
:10DF90000C469047054690F90B006968002858BF69
:10DFA000C1B295F917002A69002858BFC2B2D14200
:10DFB00006D1D8F8000040F00400C8F800001BE0CB
:10DFC0000B98002105F11803009002913846314664
:10DFD0002A46CDF8048003F0D7FC2168A84208BF88
:10DFE0000C2907D0401B0C2806D10B2904DC01F1B9
:10DFF0000C0000E00020206004B0BDE8F0812DE9B5
:10E00000F04385B01546064650F8082FDDF83080FD
:10E010005269DDF834901C460F46904790F90B107A
:10E02000D0E9002300295CBF0246CBB202EB4300DB
:10E03000CDE90220304639462A462346CDF80080F5
:10E04000CDF8049000F092F905B0BDE8F083F0B58A
:10E0500089B04EF67C04C0F6030494E8E000E4685E
:10E06000DDE90ECE089405AC059504F11005069681
:10E070000797CDE90245CDE900CE00F077F909B068
:10E08000F0BD2DE9F04184B002AE0546DDE90A8716
:10E090000391304619461446FFF7EDF948F24C114A
:10E0A000C2F200413046FBF7D6FA029948F26022EC
:10E0B000C2F200429142064607D04868421E4A60BA
:10E0C00018B9086882680846904707F1140103AA46
:10E0D00028462346CDE90086FFF732FF039804B0B7
:10E0E000BDE8F08170B582B00D4601A928461C46F6
:10E0F0000192FAF7B9FE08B1062025E02868069ECD
:10E10000D0E90312914201D0088802E00168496A0F
:10E110008847316800224B6B81B2304698472528EA
:10E1200007D12868D0E90312914204D00231C160BE
:10E1300004E0042008E00168896A884701A92846AC
:10E14000FAF792FE18B1022021680843206002B05D
:10E1500070BD022070472DE9F04184B002AE054643
:10E16000DDE90A870391304619461446FFF783F923
:10E1700048F24C11C2F200413046FBF76CFA0299AA
:10E1800048F26022C2F200429142064607D0486837
:10E19000421E4A6018B9086882680846904707F12D
:10E1A000180103AA28462346CDE9008600F06CF842
:10E1B000039804B0BDE8F0812DE9F04383B0164622
:10E1C00050F8082FDDF82C805268DDF828901D46A5
:10E1D0000C469047074600F59073002002903046A9
:10E1E00029463A46CDF80080CDF8049003F0CCFBE8
:10E1F000C01BB0F5907F13DA4AF6AB218010CAF647
:10E20000AA2148434AF6AB21C2F6AA2180FB01129B
:10E21000510801EBD27101EB4101A0EB81002060BC
:10E2200003B0BDE8F0832DE9F04184B002AE0546AD
:10E23000DDE90A870391304619461446FFF71BF9BA
:10E2400048F24C11C2F200413046FBF704FA029941
:10E2500048F26022C2F200429142064607D0486866
:10E26000421E4A6018B9086882680846904707F15C
:10E27000100103AA28462346CDE90086FFF79CFF3C
:10E28000039804B0BDE8F0812DE9F04383B0164651
:10E2900050F8082FDDF82C801268DDF828901D4614
:10E2A0000C469047074600F1A80300200290304634
:10E2B00029463A46CDF80080CDF8049003F064FB7F
:10E2C000C01BA72815DC4AF6AB218010CAF6AA218C
:10E2D00042F2934300FB01F2C9F2492382FB033768
:10E2E00000FB0170811001EBD070C0EBC000101A70
:10E2F000206003B0BDE8F083F0B581B00D466946FB
:10E3000028461C460092FAF7AFFD20BB069E6F46DA
:10E310002868D0E90312914202D0088803E000BFC8
:10E320000168496A8847316882B2CB68304601216A
:10E33000984780B12868D0E90312914202D0023197
:10E34000C16002E00168896A884728463946FAF7C1
:10E350008BFD0028DCD069462846FAF785FD18B108
:10E36000206840F00200206001B0F0BD2DE9F04FC0
:10E3700089B006AC0490DDE9148BDDF84890CDE956
:10E380000721204619460593FFF775F848F24C110E
:10E39000C2F200412046FBF75EF9069948F260227E
:10E3A000C2F200429142064607D04868421E4A60C7
:10E3B00018B908688268084690470020D845C9F80F
:10E3C000000000F0BE8008AC07AF00BF2046394611
:10E3D000FAF74AFD002840F0B1803068B8F8001024
:10E3E000436B304600229847252821D108F10200CE
:10E3F000584500F0A38032680188536B30460022F4
:10E400004FF0000A98470546452801D0302D52D1DB
:10E4100008F10400584500F0918032680188536B80
:10E42000304600229847AA460427054644E000BF2C
:10E430003068B8F80020C36830460121984798B387
:10E4400008F10205A8465D4515D03068454635F807
:10E45000022BC3683046012198470028F2D10AE018
:10E460000898D0E90312914202D00231C16002E063
:10E470000168896A884720463946FAF7F5FC002882
:10E4800054D10898D0E90312914201D0088802E0E3
:10E490000168496A8847316882B2CB6830460121F9
:10E4A00098470028DCD141E00898D0E90312914256
:10E4B00019D008881AE00227049B08991868079A5F
:10E4C000446ADDF84890CDE9025A1846059B139D31
:10E4D0004744CDF800900195A047089007F1020845
:10E4E00008AC07AF22E00168496A88473168CA6909
:10E4F00081B2304690473268B8F80010D2690546BC
:10E5000030469047854207D10898D0E903129142DE
:10E5100006D00231C16006E00420C9F8000005E021
:10E520000168896A884708F1020800BFD84508D009
:10E53000D9F8000000283FF449AF02E00420C9F8F0
:10E54000000008A807A9FAF78FFC28B1D9F8000045
:10E5500040F00200C9F80000089809B0BDE8F08F4B
:10E560002DE9F04F8BB0DDF850808346002004ADDC
:10E57000169E0A91C8F80000284619461F46914683
:10E58000FEF779FF48F24C11C2F200412846FBF732
:10E5900062F8049948F26022C2F2004291420446B5
:10E5A00007D04868421E4A6018B908688268084661
:10E5B0009047A6F14100382800F26E80DDF854A0A3
:10E5C000DFE810F04B0039007400B0007400C500A3
:10E5D0007400A300CE00740074007400060174007F
:10E5E000740074007400E3005E0130017400740074
:10E5F00074004301B400740074007400740074006B
:10E60000740074004B0039002B0155005500740054
:10E61000740039007400840074007400F200430038
:10E6200074008A01740018017400430074007400BF
:10E630007001790099000AF110010AAA58464B4668
:10E64000CDE90084FFF7B8FD42E10AA958464A46E1
:10E6500043460094FFF750FE3AE10AF118010AAA76
:10E6600058464B46CDE90084FFF70EFE30E1022705
:10E670000AA8494642462346009703F02DFFD8F8E2
:10E680000010421E1E2A00F21F8111F0040240F009
:10E690001B81CAF80C001BE1252E07D10AA9584698
:10E6A0004A4643460094FFF71DFD11E1D8F80000EB
:10E6B00040F004000AE1DBF800000A994669584678
:10E6C0004A463B46CDE9008AB04702E103270AA843
:10E6D000494642462346009703F0FEFED8F8001054
:10E6E000B0F5B77F80F2F08011F0040240F0EC80CA
:10E6F000CAF81C00ECE00AF114010AAA58464B467D
:10E70000CDE90084FFF71CFCE2E002270AA8494695
:10E7100042462346009703F0DFFED8F80010172882
:10E720002CDDD1E07548049074A013E004270AA8FA
:10E73000494642462346009703F0CEFE98F8001063
:10E7400049075CBFA0F26C70CAF81400C0E06748CB
:10E75000049066A041688268C068CDE905126CE04B
:10E7600002270AA8494642462346009703F0B4FE12
:10E77000D8F80010421E0B2A00F2A68011F0040205
:10E7800040F0A280CAF80800A2E04CF27460C0F623
:10E790000300D0E90012008904910A990592ADF8AE
:10E7A000180005F10A064CE002270AA8494642462D
:10E7B0002346009703F090FED8F8001001380B288C
:10E7C00000F2828011F004027ED1CAF810007FE0CE
:10E7D00002270AA8494642462346009703F07CFEDA
:10E7E000D8F800103B286FDC11F004026CD1CAF895
:10E7F00004006DE04CF25C60C0F6030090E84E004F
:10E8000004690DF1100C808A8CE84E000A99089476
:10E81000ADF8240005F1160613E0584650F8081F1D
:10E82000C96816E04EF67C00C0F6030090E80E00C2
:10E83000C0680DF1100C8CE80E000A9905F1100665
:10E840000790CDE9008A029512E0584650F8081F5B
:10E850008969884790F90B20D0E900360A99002A87
:10E860005CBF0346D6B203EB4606CDE9008A0293AD
:10E8700058464A463B460396FFF778FD0A9027E044
:10E8800002270AA8494642462346009703F024FE81
:10E89000D8F800103C2817DC11F0040214D1CAF893
:10E8A000000015E001270AA8494642462346009782
:10E8B00003F012FED8F80010062805DC11F004025F
:10E8C00002D1CAF8180003E041F00400C8F80000C3
:10E8D0000A980BB0BDE8F08F0AF108010AAA584661
:10E8E0004B46CDE90084FFF749FBF1E725005900CD
:10E8F0002D0025006D002D002500640025006D0011
:10E900002F00250064002F0025007900B0B59EB0CF
:10E910000C462499DDE9223025228DF87020002252
:10E920008DF871008DF872108DF8732019B18DF883
:10E9300071108DF872000DF10B051CAA2846642198
:10E94000D3F778F82B181CA80DF16F012A46009414
:10E95000FAF706FA1D981EB0B0BDB0B5B8B00DF10B
:10E960000E050C46DDE93C3C3E9805F1C8010291DC
:10E9700002AA2946CDE900C0FAF72AF9029B36A877
:10E980000DF1D7012A460094FAF70EFA379838B0FD
:10E99000B0BDB0B582B001AD28461446FEF76BFDA0
:10E9A00048F24C11C2F200412846FAF754FE0168C1
:10E9B00023460D6B4CF61C11C0F6030101F11A023F
:10E9C000A847019848F26021C2F20041884206D06F
:10E9D00041684A1E426011B901688968884720462B
:10E9E00002B0B0BD2DE9F047A8B0DDE930A9CDE90E
:10E9F000262140F6E7010DA8C0F6030109AF0B90F0
:10EA00000C9100F164043846514698461646FEF7CC
:10EA100032FD48F24411C2F200413846FAF71BFEBB
:10EA200005460020DAF804108DF823000AA80BAA86
:10EA30000DF12303CDE90019CDE90235CDE904201C
:10EA400027A8314642463B46069405F0F5FF78B3C9
:10EA5000329C94F90B00B0F1FF3F03DD00202070E1
:10EA6000E07203E020680021017061609DF82300DE
:10EA7000012808D128682D21C269284690470146FF
:10EA8000204602F06AF928683021C269284690477A
:10EA9000DDE90A21531E994207D200BF0F78874251
:10EAA00003D101319942F9D11946204601F0FEFF08
:10EAB00027A826A9FAF7A7F928B1D9F8000040F04D
:10EAC0000200C9F80000099848F26021279CC2F2B0
:10EAD0000041884206D041684A1E426011B901686F
:10EAE000896888470B9800210B9108B10C998847D9
:10EAF000204628B0BDE8F0872DE9F04FC5B0DDE92C
:10EB00004EA9CDE9432140F6E7012AA8C0F603014A
:10EB100026AF2890299100F1640438465146984662
:10EB20001646FEF7A8FC48F24411C2F200413846EE
:10EB3000FAF791FD05460020DAF804108DF89700E9
:10EB400027A828AA0DF19703CDE90019CDE90235D0
:10EB5000CDE9042044A8314642463B46069405F0E0
:10EB60006BFF00285AD04FF2C020C0F60300D0E956
:10EB7000001223ACCDE923120189807A0DF18206BF
:10EB80008DF896002868ADF89410076A04F10A021F
:10EB9000284621463346B847DDE927B7ABEB0700E7
:10EBA000632807DB0230D1F73AFE8246054628B9D2
:10EBB00008F00EFB0DF11E054FF0000A9DF89700BE
:10EBC000DDF84081012804BF2D2005F8010B5F45C9
:10EBD00011D200BF17F8011B30460A22D2F740FEBF
:10EBE000002808BF06F10A00801B2799205C8F428D
:10EBF00005F8010BEED300204FF249212870C0F632
:10EC000003010DF11E004246D2F7F0F8012829D188
:10EC1000BAF1000F02D05046D1F730FE44A843A904
:10EC2000FAF7F1F828B1D9F8000040F00200C9F86D
:10EC30000000269848F26021449CC2F200418842BC
:10EC400006D041684A1E426011B901688968884748
:10EC500028980021289108B129998847204645B075
:10EC6000BDE8F08F4FF26620C0F6030003F0C5FC4C
:10EC70002DE9F047C0B0DDE948A9CDE93E2140F6D5
:10EC8000E7010CA8C0F6030108AF0A900B9100F150
:10EC9000C8043846514698461646FEF7ECFB48F243
:10ECA0004C11C2F200413846FAF7D5FC0546002067
:10ECB000DAF804108DF81F0009A80AAA0DF11F0345
:10ECC000CDE90019CDE90235CDE904203FA8314650
:10ECD00042463B46069406F039FA68B34A9C94F9DA
:10ECE0000B00B0F1FF3F03DD00202080E07203E065
:10ECF00020680021018061609DF81F00012808D173
:10ED000028682D21C26A284690470146204602F015
:10ED1000F6FA28683021C26A28469047DDE90921C1
:10ED2000931E00BF994204D20F88874201D102315D
:10ED3000F8E7204602F0DCF93FA83EA9FAF794F87C
:10ED400028B1D9F8000040F00200C9F80000089886
:10ED500048F260213F9CC2F20041884206D04168DF
:10ED60004A1E426011B90168896888470A980021E3
:10ED70000A9108B10B998847204640B0BDE8F0875A
:10ED80002DE9F04FE1B0DDE96AA9CDE95F2140F658
:10ED9000E7012DA8C0F6030129AF2B902C9100F1BB
:10EDA000C8043846514698461646FEF764FB48F2BA
:10EDB0004C11C2F200413846FAF74DFC05460020DE
:10EDC000DAF804108DF8A3002AA82BAA0DF1A303EA
:10EDD000CDE90019CDE90235CDE9042060A831461E
:10EDE00042463B46069406F0B1F900285AD04FF24D
:10EDF000C020C0F60300D0E9001226ACCDE92612EF
:10EE00000189807AADF8A0108DF8A200286821AEA3
:10EE1000076B04F10A02284621463346B847DDE96C
:10EE20002AB7ABEB0700C52809DB022101EB500034
:10EE3000D1F7F5FC8246054620B908F0C9F908ADBE
:10EE40004FF0000A9DF8A300DDF8B081012804BF4F
:10EE50002D2005F8010B5F4512D200BF37F8021BC9
:10EE600030460A22D2F7E9FC002808BF06F1140058
:10EE7000801B40102A99205C8F4205F8010BEDD3CE
:10EE800000204FF249212870C0F6030108A842462D
:10EE9000D1F7ACFF012829D1BAF1000F02D05046BA
:10EEA000D1F7ECFC60A85FA9F9F7DEFF28B1D9F82B
:10EEB000000040F00200C9F80000299848F26021E3
:10EEC000609CC2F20041884206D041684A1E4260FE
:10EED00011B90168896888472B9800212B9108B1E6
:10EEE0002C998847204661B0BDE8F08F4FF266202C
:10EEF000C0F6030003F081FB2DE9F04FB7B036AE4A
:10EF0000419C0E913046194690460C93FEF7B3FA99
:10EF100048F24411C2F200413046FAF79CFB94F9E2
:10EF20000B206168002A58BF11464FF000060D9073
:10EF300069B12168002A58BF214602680F78D2695A
:10EF40002D219047381AB0FA80F0410900E00021E5
:10EF50003396CDE93166CDE92F66CDE92D66CDE951
:10EF60002B662AA82EAD31AB0DF1D2060DF1D302DE
:10EF70002BAFCDE90026CDE90235059036AA35AB99
:10EF800040460B91049700F04AFF94F90BA0DDF87E
:10EF9000A880D4F80490BAF1000F58BFD146C145FB
:10EFA00013DD9DF9B710A9EB08002C9A002958BF72
:10EFB000CAB29DF9C31008EB40002F9B10440029F2
:10EFC00058BFCBB2184401300FE09DF9B7002C991F
:10EFD000002858BFC1B29DF9C3002F9A002858BF1E
:10EFE000C2B208EB010010440230652806D3D1F705
:10EFF00016FC0546064618B908F0EAF811AE0025D9
:10F00000DDF830B02068DBF80430BAF1000F58BFEB
:10F01000204600EB0904CDE900040D982EAF0290C4
:10F020000B989DF8D3109DF8D22008972BAF039032
:10F0300035A80DF1100CCDE909788CE8070010A96E
:10F040000FAA304631AF079700F070FF109ADDE944
:10F050000E03409F3146CDE900B703F003F80446A4
:10F0600015B12846D1F70AFC9DF9B700B0F1FF3F72
:10F0700005DC2D992B9821F0004108F051F99DF9FC
:10F08000C300B0F1FF3F05DC30992E9821F000411C
:10F0900008F046F99DF9CF00B0F1FF3F05DC339948
:10F0A000319821F0004108F03BF9369848F2602190
:10F0B000C2F20041884206D041684A1E426011B93E
:10F0C000016889688847204637B0BDE8F08F2DE990
:10F0D000F04FEBB09146DDE976644FF24D22884661
:10F0E00052A8C0F6030264211D465190CDE9006488
:10F0F000D1F724FE642815D303F048FC4FF24D22CB
:10F10000C0F6030251A80021CDE9006403F040F9E4
:10F11000074601307ED0519C3846D1F780FB8346AC
:10F1200028B977E007460DF1E00B00200024CDE977
:10F130000E0437AC20462946CDF830800D95FEF7F9
:10F140009AF948F24411C2F200412046FAF783FAD4
:10F15000044600685199066ACA1920465B46B047C2
:10F16000012F4FF0000007DB519909782D39B1FAD2
:10F1700081F14FEA511801E04FF000083490CDE9D9
:10F180003200CDE93000CDE92E00CDE92C002BA8CE
:10F190002FAD32AB0DF1D6010DF1D7022CAECDE97A
:10F1A0000021CDE90235059037AA36AB48464146E5
:10F1B000049600F034FEDDF8AC904F4513DD9DF968
:10F1C000BB10A7EB09002D9A002958BFCAB29DF9C0
:10F1D000C71009EB4000309B1044002958BFCBB248
:10F1E000184401300FE09DF9BB002D99002858BF4D
:10F1F000C1B29DF9C700309A002858BFC2B209EBCE
:10F20000010010440230652806D3D1F708FB0646FA
:10F21000054618B907F0DCFF12AD0026DDF834A072
:10F220009DF8D7009DF8D6100BEB07022FAFDAF848
:10F23000043008972CAFCDE900B236AACDE90979A0
:10F24000CDE90420069111A910AA284632AFCDE9D4
:10F250000248079700F06AFEDDE910320C98749FAF
:10F260002946CDE900A702F0FDFE044616B130465E
:10F27000D1F704FB9DF9BB00DDE90E65B0F1FF3F5E
:10F2800005DC2E992C9821F0004108F049F89DF9F1
:10F29000C700B0F1FF3F05DC31992F9821F0004104
:10F2A00008F03EF89DF9D300B0F1FF3F05DC34993A
:10F2B000329821F0004108F033F8379848F2602185
:10F2C000C2F20041884206D041684A1E426011B92C
:10F2D00001688968884716B13046D1F7CFFA15B171
:10F2E0002846D1F7CBFA20466BB0BDE8F08F2DE968
:10F2F000F04FD1B050AE5B9C0F913046194690460E
:10F300000D93FEF7B8F848F24C11C2F200413046B6
:10F31000FAF7A1F994F90B206168002A58BF114649
:10F320004FF000060E9069B12168002A58BF2146AF
:10F3300002680F88D26A2D219047381AB0FA80F0FF
:10F34000410900E000214D96CDE94B66CDE94966C3
:10F35000CDE94766CDE9456644A848AD4BAB4EAE16
:10F360000DF59D7245AFCDE90026CDE9023505903A
:10F3700050AA4FAB40460C91049700F020FF94F93F
:10F380000BA0DDF81081D4F80490BAF1000F58BF3B
:10F39000D146C14513DD9DF91F11A9EB0800469A1E
:10F3A000002958BFCAB29DF92B1108EB4000499BB8
:10F3B0001044002958BFCBB2184401300FE09DF92A
:10F3C0001F014699002858BFC1B29DF92B01499AE7
:10F3D000002858BFC2B208EB010010440230652873
:10F3E00007D34000D1F71BFA0546064618B907F0C7
:10F3F000EFFE12AE0025DDF834B02068DBF80430F3
:10F40000BAF1000F58BF204600EB4904CDE90004D3
:10F410000E9848AF02900C98BDF83A11BDF838210B
:10F42000089745AF03904FA80DF1100CCDE909786E
:10F430008CE8070011A910AA30464BAF079700F0DF
:10F4400043FF119ADDE90F035A9F3146CDE900B71A
:10F4500002F05AFE044615B12846D1F70FFA9DF97D
:10F460001F01B0F1FF3F04DC47994598490007F0C0
:10F4700057FF9DF92B01B0F1FF3F04DC4A994898F2
:10F48000490007F04DFF9DF93701B0F1FF3F05DC62
:10F490004D994B9821F0004107F042FF509848F2F7
:10F4A0006021C2F20041884206D041684A1E426093
:10F4B00011B9016889688847204651B0BDE8F08FCE
:10F4C0002DE9F04FADF51D7D9146DDE9A8644FF2C1
:10F4D0004D22884684A8C0F6030264211D4683900D
:10F4E000CDE90064D1F72AFC642819D303F04EFA61
:10F4F0004FF24D22C0F6030283A80021CDE900643B
:10F5000002F046FF0746013000F08180839C7800BE
:10F51000D1F785F900287AD08346CDE90E0405E0BD
:10F52000074600200DF5A27BCDE90E0050AC204629
:10F530002946CDF830800D95FDF79DFF48F24C111E
:10F54000C2F200412046FAF786F804460068839923
:10F55000066BCA1920465B46B047012F4FF00000EA
:10F5600007DB839909782D39B1FA81F14FEA5118F7
:10F5700001E04FF000084D90CDE94B00CDE9490086
:10F58000CDE94700CDE9450044A848AD4BAB4EA9B5
:10F590000DF59D7245AECDE90021CDE9023505900E
:10F5A00050AA4FAB48464146049600F008FEDDF8ED
:10F5B00010914F4513DD9DF91F11A7EB0900469AE5
:10F5C000002958BFCAB29DF92B1109EB4000499B95
:10F5D0001044002958BFCBB2184401300FE09DF908
:10F5E0001F014699002858BFC1B29DF92B01499AC5
:10F5F000002858BFC2B209EB010010440230652850
:10F6000007D34000D1F70BF90646054618B907F0B5
:10F61000DFFD12AD0026DDF834A0BDF83A01BDF8DB
:10F6200038110BEB470248AFDAF80430089745AFC2
:10F63000CDE900B24FAACDE90979CDE904200691C0
:10F6400011A910AA28464BAFCDE90248079700F050
:10F650003BFEDDE910320C98A69F2946CDE900A7B4
:10F6600002F052FD044616B13046D1F707F99DF974
:10F670001F01B0F1FF3F04DC47994598490007F0AE
:10F680004FFE9DF92B010F9DB0F1FF3F04DC4A991D
:10F690004898490007F044FE9DF93701B0F1FF3F5B
:10F6A00005DC4D994B9821F0004107F039FE509848
:10F6B00048F26021C2F20041884206D041684A1EE9
:10F6C000426011B90168896888470E9808B1D1F77E
:10F6D000D5F815B12846D1F7D1F820460DF51D7D96
:10F6E000BDE8F08F10B50A4648F21C310446C2F25C
:10F6F00000411046F9F7AFFF0168606289698847E9
:10F70000616AE0620A680846D2699047E16A84F853
:10F7100035000929B8BF10BD4FF2F000C0F6030054
:10F7200002F06BFF012100F001B800002DE9F04F5D
:10F730008BB0044690F83400884601280AD1266B25
:10F74000B8F1000F6FD04FF0FF302063002084F835
:10F75000340068E094F83500012810D1206AD1F710
:10F7600049F9411C5DD0B8F1000FC6B24CD1216AF5
:10F770003046D1F741F9411C08BF064653E0E76A1D
:10F7800000250DF12409012FD8BF0127206AD1F7E8
:10F7900031F9411C45D009F805000135AF42F5D1DA
:10F7A0000DF12300CDF8148000F10108D4E909011E
:10F7B00009EB07030268D1E900AB156907AA0092BB
:10F7C0000DF12302CDE901284A4606AE0396A8476B
:10F7D00001280DD1A06A082FC0E900AB21D0206A12
:10F7E000D1F708F9411C1CD009F807000137DDE703
:10F7F000022816D0032803D19DF824008DF8230099
:10F80000059818B19DF8236026630CE0A9F1010565
:10F81000012F0CDBE85D216A013FD1F7EDF80130E3
:10F82000F6D14FF0FF3630460BB0BDE8F08F9DF8B3
:10F830002360F8E72DE9F0418AB00C460131054616
:10F840000ED095F8351095F8340091B1C007002816
:10F8500010D0296A286BD1F7CFF8013039D135E0C3
:10F8600095F8340090BB2C6BB4F1FF3018BF012029
:10F8700031E0C0072DD0286B0DF11B028DF81B0065
:10F88000D5E90901531C066808AFD6F80CC005AECF
:10F8900007F108080DF11C0E8DE8C041E047411E3C
:10F8A000022913D3032805D1286B8DF82000781C7A
:10F8B000079000BF0798B8420BD9411E079110F876
:10F8C000010C296AD1F798F80130F3D14FF0FF34D9
:10F8D00003E001202C6385F8340020460AB0BDE81F
:10F8E000F0810021FFF722BF70B582B015460E46A9
:10F8F000044602F07CFA4DF6C830C0F6030008302A
:10F9000020604FF0FF30A5622063002001AD84F835
:10F910003400211D2846266203F015FC2068294684
:10F92000826820469047284603F02BFC204602B010
:10F9300070BD80B502F078FA3821BDE8804007F04C
:10F94000EFBC10B50A4648F224310446C2F2004129
:10F950001046F9F780FE0168606289698847616A2C
:10F96000E0620A680846D2699047E16A84F8350087
:10F970000929B8BF10BD4FF2F000C0F6030002F035
:10F980003CFE0121AFF300802DE9F04F8BB004461F
:10F9900090F83400884601280AD1266BB8F1000F90
:10F9A0006FD04FF0FF302063002084F8340068E00F
:10F9B00094F83500012810D1206AD1F79EF8411C37
:10F9C0005DD0B8F1000F86B24CD1216A3046D1F734
:10F9D00097F8411C08BF064653E0E76A00250DF181
:10F9E0002409012FD8BF0127206AD1F703F8411C51
:10F9F00045D009F805000135AF42F5D10DF12200DF
:10FA0000CDF8148000F10208D4E9090109EB0703DD
:10FA10000268D1E900AB156907AA00920DF1220234
:10FA2000CDE901284A4606AE0396A84701280DD124
:10FA3000A06A082FC0E900AB21D0206AD0F7DAFF16
:10FA4000411C1CD009F807000137DDE7022816D059
:10FA5000032803D19DF82400ADF82200059818B1C1
:10FA6000BDF8226026630CE0A9F10105012F0CDB33
:10FA7000E85D216A013FD0F7BFFF0130F6D14FF0BA
:10FA8000FF3630460BB0BDE8F08FBDF82260F8E7D6
:10FA90002DE9F0418AB00C46013105460ED095F8AB
:10FAA000351095F8340091B1C007002810D0296AAC
:10FAB000286BD1F725F8013039D135E095F83400BD
:10FAC00090BB2C6BB4F1FF3018BF012031E0C007B0
:10FAD0002DD0286B0DF11A02ADF81A00D5E90901F5
:10FAE000931C066808AFD6F80CC005AE07F10808ED
:10FAF0000DF11C0E8DE8C041E047411E022913D3D1
:10FB0000032805D1286B8DF82000781C079000BFD2
:10FB10000798B8420BD9411E079110F8010C296AC9
:10FB2000D0F76AFF0130F3D14FF0FF3403E001203A
:10FB30002C6385F8340020460AB0BDE8F08100212E
:10FB4000FFF722BF70B582B015460E46044602F09C
:10FB50000AFA4DF60840C0F60300083020604FF066
:10FB6000FF30A5622063002001AD84F83400211D20
:10FB70002846266203F0E7FA206829468268204674
:10FB80009047284603F0FDFA204602B070BD80B5CC
:10FB900002F006FA3821BDE8804007F0C1BB80B50D
:10FBA000AFF300800821BDE8804007F0B9BB80B505
:10FBB000AFF300800821BDE8804007F0B1BB80B5FD
:10FBC000AFF300800821BDE8804007F0A9BB80B5F5
:10FBD000AFF300800821BDE8804007F0A1BB10B55D
:10FBE0000446006800B110BD01202060084690471F
:10FBF0004FF0FF30206010BD2DE9F04F83B0DDF8ED
:10FC00004080DDE90E95DDE90CA7002808469B46FB
:10FC1000164607BF47F66471C2F2004147F66C71A1
:10FC2000C2F20041F9F717FD04460068C16A204698
:10FC30008847010E3070F170010C000AB1707070CD
:10FC400020682146026A6846904798F90B00B0F197
:10FC5000FF3F07DCD8F80810D8F8000021F0004179
:10FC600007F05EFB9DE8070088E807002068214652
:10FC7000C2696846904795F90B00B0F1FF3F05DC7B
:10FC8000A968286821F0004107F04AFB9DE80700B9
:10FC900007C52068C168204688478BF800002068A7
:10FCA0000169204688478AF8000020682146426999
:10FCB0006846904797F90B00B0F1FF3F05DCB96843
:10FCC000386821F0004107F02BFB9DE8070007C7CB
:10FCD0002068214682696846904799F90B00B0F187
:10FCE000FF3F07DCD9F80810D9F8000021F00041E7
:10FCF00007F016FB9DE8070089E807002068416AC5
:10FD0000204688471199086003B0BDE8F08F2DE9BF
:10FD1000F04F83B0DDF84080DDE90E95DDE90CA7FA
:10FD2000002808469B46164607BF47F67471C2F284
:10FD3000004147F67C71C2F20041F9F78CFC0446A1
:10FD40000068C16A20468847010E3070F170010CCE
:10FD5000000AB170707020682146026A68469047B8
:10FD600098F90B00B0F1FF3F06DCD8F80810D8F87E
:10FD70000000490007F0D4FA9DE8070088E8070072
:10FD800020682146C2696846904795F90B00B0F19A
:10FD9000FF3F04DCA9682868490007F0C1FA9DE824
:10FDA000070007C52068C16820468847ABF80000F7
:10FDB0002068016920468847AAF80000206821468B
:10FDC00042696846904797F90B00B0F1FF3F05DCA8
:10FDD000B968386821F0004107F0A2FA9DE80700F1
:10FDE00007C72068214682696846904799F90B0049
:10FDF000B0F1FF3F06DCD9F80810D9F8000049003F
:10FE000007F08EFA9DE8070089E807002068416A3C
:10FE1000204688471199086003B0BDE8F08F2DE9AE
:10FE2000F04F83B0DDF84080DDE90E79DDE90CBAF2
:10FE3000002810461D460E4619BF47F66C71C2F2E7
:10FE4000004147F66471C2F20041F9F704FC044630
:10FE5000006866B1C16A20468847010E2870E970C3
:10FE6000010C000AA97068702068026A0BE0816AC0
:10FE700020468847010E2870E970010C000AA9701D
:10FE800068702068C26968462146904798F90B005F
:10FE9000B0F1FF3F07DCD8F80810D8F8000021F0D7
:10FEA000004107F03DFA9DE8070088E80700206858
:10FEB000C168204688478BF8000020680169204609
:10FEC00088478AF8000020682146426968469047C2
:10FED00097F90B00B0F1FF3F05DCB968386821F0F5
:10FEE000004107F01DFA9DE8070007C7206821467A
:10FEF00082696846904799F90B00B0F1FF3F07DC33
:10FF0000D9F80810D9F8000021F0004107F008FAEC
:10FF10009DE8070089E807002068416A2046884775
:10FF20001199086003B0BDE8F08F00002DE9F04F93
:10FF300083B0DDE912C9109CDDE90C8E16468A46B5
:10FF40004FF0000B01930090106000BF14F80B00FD
:10FF5000042800F20681DFE800F003703D5C070032
:10FF60003068CAF80000FCE00F9832688044F04521
:10FF700047460FD20E984746806800BF97F9001099
:10FF8000002907D410F82110490603D50137774519
:10FF9000F4D377461698029201287CDB54464745F5
:10FFA0005CD9DDF858A0781E3268404510F8013958
:10FFB000514602F10107AAF1010A3760137001D915
:10FFC0000129F1D1012900F1010749D14FF0000ABF
:10FFD00000204EE0149991F90B004F68002858BF9B
:10FFE00007460199890540F1BB80002F00F0B880D9
:10FFF000149A34681168002858BF114620463A46C2
:020000040803EF
:10000000D1F738FCDDF834E0DDF848C0E0193060A5
:10001000A6E0159A92F90B005168002858BF0146D6
:10002000002900F09E801168002858BF11463068F2
:100030000978421C3260017093E00E9832680168C2
:10004000CAF80020CA69202190473168DDF834E001
:10005000DDF848C04A1C3260087082E0DDF858A024
:100060000E980168CA6930219047DDF848C0DDF874
:1000700034E0BAF1010F08DB0AF1010132680139FD
:10008000531C012933601070F8D83068A246411C17
:1000900031601199017047450ED099F90B00D9F8DC
:1000A0000410002858BF0146A1B1D9F8001000285B
:1000B00058BF494609780FE00E980168CA69302197
:1000C00090473168DDF834E0DDF848C04A1C326002
:1000D000087030E04FF0FF31002000228A4220D12A
:1000E00032680130531C336082F800C099F90B204C
:1000F000D9F80430002A58BF1346984210D24B4614
:10010000D9F80010002A48BF0B461B5CFF2B04D017
:10011000002A58BF4946095C02E04FF0FF3100BF9A
:100120000022336817F8014D5D1C474502F10102BA
:1001300035601C70D2D130680299814210D00138EC
:10014000109C81420DD20131027811F8013C01F876
:10015000012C00F80139814201F10101F4D300E0E2
:10016000109C0BF1010BBBF1040F7FF4EFAE159B5C
:1001700093F90B105868002958BF0846012810D978
:100180001A68002958BF1A46511C024435680128D4
:10019000A2EB010703D028463A46D1F76BFBE819DA
:1001A0003060019800F0B000102805D02028009899
:1001B00008BF3068CAF8000003B0BDE8F08F2DE931
:1001C000F04F83B0DDF84080DDE90E79DDE90CBA4F
:1001D000002810461D460E4619BF47F67C71C2F234
:1001E000004147F67471C2F20041F9F734FA04464F
:1001F000006866B1C16A20468847010E2870E97020
:10020000010C000AA97068702068026A0BE0816A1C
:1002100020468847010E2870E970010C000AA97079
:1002200068702068C26968462146904798F90B00BB
:10023000B0F1FF3F06DCD8F80810D8F800004900FC
:1002400007F06EF89DE8070088E807002068C1689D
:1002500020468847ABF8000020680169204688479F
:10026000AAF800002068214642696846904797F93D
:100270000B00B0F1FF3F05DCB968386821F00041A0
:1002800007F04EF89DE8070007C7206821468269FD
:100290006846904799F90B00B0F1FF3F06DCD9F8AA
:1002A0000810D9F80000490007F03AF89DE8070067
:1002B00089E807002068416A20468847119908604C
:1002C00003B0BDE8F08F00002DE9F04F85B0049138
:1002D000DDF854B0129DDDF83890DDE910A10293ED
:1002E00017464FF00008064603461060002918BF65
:1002F00002210191009000BF15F80800042866D87B
:10030000DFE800F00358334A0600049806605DE019
:1003100001980F9D8144A9454C4603930BD24C464E
:10032000DAF800002288C36850464021984710B18F
:100330000234AC42F4D31898012864DB4C454DD903
:100340003968189EA01E00BF484530F80239324671
:1003500021F8023BA6F1010601D9012AF4D1012AB4
:1003600000F1020439603AD149E0169991F90B0085
:100370004C68002858BF04460299890527D534B334
:10038000169B620019680028304658BF1946D1F7FD
:1003900071FA06EB440618E0179A92F90B005168BF
:1003A000002858BF014691B11168002858BF114676
:1003B000088808E00499DAF800000E60C26A504626
:1003C000202190473E6826F8020B3E60334608F134
:1003D0000108B8F1040F7FF48FAF77E0189EDAF8C8
:1003E00000003021C26A504690473968012E06DB72
:1003F000721C00BF013A012A21F8020BFAD81398A7
:1004000021F8020B39604C450ED09BF90B00DBF84C
:100410000410002858BF014689B1DBF800100028FD
:1004200058BF594609780CE0DAF800003021C26A5A
:10043000504690473E6826F8020B3E602FE04FF092
:10044000FF31149D3E680020002200BF8A421ED169
:1004500026F8025B3E609BF90B200130DBF804308C
:10046000002A58BF1346984210D25B46DBF80010B2
:10047000002A48BF0B461B5CFF2B04D0002A58BF44
:100480005946095C02E04FF0FF3100BF002234F80A
:10049000023D013226F8023B4C453E60D6D103991D
:1004A000B14211D0B01E129D81428FD2023100BFE5
:1004B000028831F8023C21F8022C20F802398142EE
:1004C00001F10201F4D381E7129D7FE7179B93F9B5
:1004D0000B105868002958BF0846012812D91A681D
:1004E000002958BF1A46911C02EB40020223B3EBCD
:1004F000400FA2EB010503D030462A46D1F7BAF9E6
:100500002E443E60029800F0B000102804D020284D
:1005100018BF009E0498066005B0BDE8F08F00008B
:100520002DE9F04385B003AD044605F108080DF14F
:10053000080900BFD4E909014346026857692A4601
:10054000CDF80090B84707460298236A461B284614
:1005500001213246D2F7D0FFB04203D1012FE9D0BA
:10056000022F02D14FF0FF3006E0206AD0F72BFABD
:10057000002818BF4FF0FF3005B0BDE8F083B0B5DC
:10058000044600680D4682692046904748F21C31B7
:10059000C2F200412846F9F75EF801686062C96955
:1005A000884784F82C00B0BDF0B581B0054690F8BE
:1005B0002C0014460E4640B12B6A304601212246DB
:1005C00001B0BDE8F040D2F797BF0027012C0ADB4D
:1005D0002868F15D426B28469047013003D001370F
:1005E000BC42F5D12746384601B0F0BD2DE9F04FA9
:1005F00089B08946013113D0054690F82C008DF85A
:100600001B9001280FD12B6A07A8012101228DF828
:100610001C90D2F771FF012818BF4FF0FF3934E06A
:100620004FF0000931E00DF11C0B0DF11B0707F134
:1006300001080BF1080ACDF814B000BFD5E9090193
:100640004346026805AED46804AACDE9002B3A46B9
:10065000CDF808A00396A0470499B94213D00446E8
:10066000032816D0012C0ED805982B6AA0EB0B0797
:10067000584601213A46D2F73FFFB84203D1049FC2
:10068000012CDBD001E04FF0FF39484609B0BDE84E
:10069000F08F2B6A384601210122BAE7F0B581B00C
:1006A00015460E46044601F0A2FB4DF62850C0F652
:1006B0000300083026626E462060211D304602F09D
:1006C00042FD48F21C31C2F20041F8F7C4FF074670
:1006D000304602F056FD3868C4E90975C1693846EC
:1006E00088470146204684F82C1001B0F0BD80B543
:1006F00001F09AFB3021BDE8804006F011BE0000F9
:100700002DE9F04385B003AD044605F108080DF16D
:10071000080900BFD4E909014346026857692A461F
:10072000CDF80090B84707460298236A461B284632
:1007300001213246D2F7E0FEB04203D1012FE9D0C9
:10074000022F02D14FF0FF3006E0206AD0F73BF9CC
:10075000002818BF4FF0FF3005B0BDE8F083B0B5FA
:10076000044600680D4682692046904748F22431CD
:10077000C2F200412846F8F76EFF01686062C9695D
:10078000884784F82C00B0BDF0B581B0054690F8DC
:100790002C0014460E4640B12B6A304602212246F8
:1007A00001B0BDE8F040D2F7A7BE0027012C0BDB5B
:1007B000286836F81710426B28469047013003D05E
:1007C0000137BC42F4D12746384601B0F0BD0000E5
:1007D0002DE9F04F89B0894601310FD0054690F8D8
:1007E0002C00ADF81A9001280BD1296A1FFA89F064
:1007F000D0F74BF9411C08BF81463FE04FF000099C
:100800003CE00DF11C0B0DF11A0707F102080BF18A
:10081000080ACDF814B000BFD5E9090143460268C3
:1008200005AED46804AACDE9002B3A46CDF808A05D
:100830000396A0470499B94213D00446032813D065
:10084000012C0ED805982B6AA0EB0B075846012106
:100850003A46D2F751FEB84203D1049F012CDBD0B7
:100860000CE04FF0FF3909E02B6A384601210122E4
:10087000D2F742FE012818BF4FF0FF39484609B0B1
:10088000BDE8F08FF0B581B015460E46044601F084
:100890006AFB4DF66850C0F60300083026626E46CB
:1008A0002060211D304602F04EFC48F22431C2F295
:1008B0000041F8F7D0FE0746304602F062FC386887
:1008C000C4E90975C169384688470146204684F85D
:1008D0002C1001B0F0BD80B501F062FB3021BDE805
:1008E000804006F01DBD70472DE9F0410D464FF6E2
:1008F000F871C7F6FF718B4204461DD21F46904621
:100900000A2B01D8E7720BE047F00700461C30467F
:100910000AF088FA46F00041C4E90007A1600446E5
:10092000B8EB050604D0204629463246D0F7A2FF90
:100930000020A055BDE8F0812046F8F758FA2DE9CF
:10094000F0410D464FF6F871C7F6FF718B42044631
:100950001DD21F4690460A2B01D8E7720BE047F0E4
:100960000700461C30460AF05DFA46F00041C4E933
:100970000007A1600446B8EB050604D020462946CE
:100980003246D0F777FF0020A055BDE8F081204621
:10099000F8F72DFA2DE9F04F81B00E464FF6F671BB
:1009A000C7F6FF711F468B1B9A42044656D894F92E
:1009B0000B00DDF8288000284FF6F270D4F8009084
:1009C000C3F6FF7058BFA14686420DD89019B0EB10
:1009D000460F98BF700040F0070101F1010B0B2892
:1009E00038BF4FF00B0B01E001F1010B58460AF044
:1009F00019FAB8F1000F054604D028464946424688
:100A0000D0F738FFDDE90BA22AB10D9905EB0800FC
:100A1000CFF71AFE0C9A0AEB08003F1A0AD009EB2E
:100A2000080000EB0A0105EB080010443A46D0F735
:100A300021FF0C9A711C0B2903D0484606F070FC6C
:100A40000C9A4BF0004002EB08013944A0600020F2
:100A5000C4E90051685401B0BDE8F08F2046F8F7B2
:100A6000C6F9F0B581B015460C460A2A064601D8EB
:100A7000F57211E04FF6F870C7F6FF70854212D29A
:100A800045F00700471C38460AF0CCF947F0004112
:100A9000C6E90005B16006466A1C30462146D0F71B
:100AA000E9FE01B0F0BD3046F8F7A1F92DE9F047B5
:100AB00086B090F90B60D0E90173002E8A4658BFCA
:100AC00037460A21002E054623F0004048BF411E4C
:100AD000B2EB0A0952D02868002E2C4648BF0446C3
:100AE000A24520D3E6190136B2451CD203AF3846E1
:100AF00051464B46FFF723FF9DF91700DDE903122E
:100B000000285CBF3946C2B2284600F03BF89DF988
:100B10001700B0F1FF3F31DC0599039821F0004147
:100B200006F0FEFB2AE0CA1B4A4507EB09080DD276
:100B30000020A8EB0102CDE9010028463B460097C2
:100B400000F0B6F8E97A28686F6000E0190E49B243
:100B5000002958BF28460744384651464A46D0F730
:100B600089FE002007F8090095F90B00B0F1FF3F5E
:100B7000D2BFC5F8048008F07F00E872284606B0AE
:100B8000BDE8F087F0B585B01646D0E901520446BD
:100B900090F90B0022F000420A2300284CBF531E9C
:100BA00005465A1BB2428C460DD2A819C21A002023
:100BB000CDE90050204619462B460296CDF80CC0D0
:100BC000FFF7E8FE16E0AEB12768002858BF2746B9
:100BD000781961463246D0F74DFE94F90B00B0F11A
:100BE000FF3F05EB0600C6BF00F07F01E1726060C9
:100BF00000213954204605B0F0BD2DE9F04383B003
:100C00000446C1B39046D4E9017094F90B200E4616
:100C10000A2120F00043002A4CBF591ED7B2CA1B3C
:100C2000B2420ED207EB06090020A9EB0102CDE982
:100C3000010020463B46009700F03AF8E07A6760F2
:100C400002E0000E07EB060940B22568002858BFF5
:100C50002546E81931464246CFF76DFD94F90B0061
:100C6000B0F1FF3FC6BF09F07F00E072C4F8049006
:100C7000002005F80900204603B0BDE8F08390F994
:100C80000BC04368BCF1000F58BF6346994202D9BC
:100C9000C91AFFF7B2BFBCF1FF3F03DD01F07F02CD
:100CA000C27202E00268416010460022425470475E
:100CB0002DE9F04F81B04FF6F775C7F6FF750E4678
:100CC000691A8A42044645D894F90B00DDF8289049
:100CD00000284FF6F2702768C3F6FF70984658BF99
:100CE000274686420AD89019B0EB460F98BF70008D
:100CF00040F007014D1C0B2838BF0B25DDF82CB048
:100D000028460AF08FF8B9F1000F824604D0504609
:100D100039464A46D0F7AEFD0BEB090080450BD0B3
:100D20000C9BA8EB000207EB090000EB0B010AEBA0
:100D300009001844D0F79EFD711C0B2902D03846DB
:100D400006F0EEFA45F00040C4F800A0A06001B043
:100D5000BDE8F08F2046F8F74AF870B584B0044635
:100D600090F90B000D46002804D4C0B20A2818D10F
:100D70000A2606E0D4E9010121F000414E1EB042EE
:100D80000AD10020CDE90100204631460122334638
:100D90000096FFF78DFF30462168421C62600C46CA
:100DA00003E0411C01F07F01E1722118255400206D
:100DB000487004B070BD2DE9F0410C464FF6F87153
:100DC000C7F6FF718C4205461CD290460B2C03D20D
:100DD0002F46EC7264B910E044F00700461C304620
:100DE0000AF020F8074646F00040C5E90074A86004
:100DF000384621464246CFF79EFC00212846395509
:100E0000BDE8F0812846F7F7F2FF2DE9F0410446EE
:100E100008468846D0F7F2FC05464FF6F870C7F64C
:100E2000FF7085421BD20B2D03D22746E57265B9B0
:100E300010E045F00700461C304609F0F3FF074676
:100E400046F00040C4E90075A060384641462A4695
:100E5000D0F710FD002120467955BDE8F0812046ED
:100E6000F7F7C5FF10B5044690F90B00B0F1FF3F4E
:100E700005DCA168206821F0004106F051FA204607
:100E800010BD2DE9F0410D464FF6F871C7F6FF7120
:100E90008B42044620D21F469046042B01D8E772AD
:100EA0000EE047F00300461CB6F1FF3F17DD70006F
:100EB00009F0B8FF46F00041C4E90007A16004460C
:100EC000B8EB050604D0204629463246D0F7D2FCBE
:100ED0000020A053BDE8F0812046F7F78EFF06F012
:100EE0009DF92DE9F0410D464FF6F871C7F6FF71F7
:100EF0008B42044620D21F469046042B01D8E7724D
:100F00000EE047F00300461CB6F1FF3F17DD70000E
:100F100009F088FF46F00041C4E90007A1600446DB
:100F2000B8EB050604D0204629463246D0F7A2FC8D
:100F30000020A053BDE8F0812046F7F75EFF06F0E1
:100F40006DF970B584B00446154694F90B2080689D
:100F50000426002A20F0004348BF5E1EB5428C469E
:100F60000ED963680020002A58BF1346AA1B8DE8DB
:100F7000290020463146CDF80CC000F01CF817E0DF
:100F80002668002A58BF264635B16A0030466146B9
:100F9000D0F770FCE07A00E0000E40B2B0F1FF3F05
:100FA000C6BF05F07F00E0726560002026F81500DE
:100FB000204604B070BD2DE9F04F81B00D464FF6CC
:100FC000F671C7F6FF711E464B1B9A42044660D865
:100FD00094F90B00D4F8009000284FF6F270C3F695
:100FE000FF7058BFA146854211D85019B0EB450F8C
:100FF00098BF680040F0030101F10108052838BFDF
:101000004FF00508B8F1FF3F03DC06F007F901F1E6
:101010000108DDF828B04FEA480009F003FFBBF1F2
:10102000000F074605D04FEA4B0238464946D0F735
:1010300021FCDDE90BA232B10D9907EB4B00520008
:10104000CFF702FB0C9A0AEB0B00361A0BD009EB18
:101050004B0000EB4A0107EB4B0000EB4200720033
:10106000D0F708FC0C9A681C052804D041004846BB
:1010700006F056F90C9A48F0004002EB0B0131449F
:10108000A0600020C4E9007127F8110001B0BDE89C
:10109000F08F2046F7F7B1FEF0B581B015460C464B
:1010A000042A064601D8F57214E04FF6F870C7F628
:1010B000FF70854217D245F00300471CB7F1FF3F90
:1010C00014DD780009F0AEFE47F00041C6E90005E6
:1010D000B1600646022000EB450230462146D0F7BB
:1010E000C9FB01B0F0BD3046F7F787FE06F096F871
:1010F0002DE9F04786B090F90B30D0E90167002B5D
:101100008A4658BF1E460421002B054627F00040A2
:1011100048BF411EB2EB0A0954D02868002B2C4668
:1011200048BF0446A2454FEA69031FD304EB4604B7
:101130000234A2451AD203AE30465146FFF7D1FE23
:101140009DF91700DDE9031200285CBF3146C2B2E9
:10115000284600F03BF89DF91700B0F1FF3F31DC65
:1011600005990398490006F0DBF82BE08A1B9A42A8
:1011700006EB03080DD20020A8EB0102CDE9010027
:1011800028463346009600F05EF8E97A28686E60DB
:1011900000E0390E49B2002958BF284600EB460648
:1011A000304651464A46D0F765FB002026F8090034
:1011B00095F90B00B0F1FF3FD2BFC5F8048008F0ED
:1011C0007F00E872284606B0BDE8F087F0B585B02C
:1011D0001646D0E90152044690F90B0022F0004275
:1011E000042300284CBF531E05465A1BB2428C46AE
:1011F0000DD2A819C21A0020CDE900502046194688
:101200002B460296CDF80CC0FFF7D5FE18E0BEB114
:101210002768002858BF274607EB45007200614643
:10122000D0F728FB94F90B00B0F1FF3F05EB060067
:10123000C6BF00F07F01E1726060002127F8101046
:10124000204605B0F0BD2DE9F04F81B04FF6F7779D
:10125000C7F6FF770D46791A8A4204464AD894F9B0
:101260000B00266800284FF6F270C3F6FF70984610
:1012700058BF264685420DD85019B0EB450F98BF90
:10128000680040F003014F1C052838BF0527B7F15F
:10129000FF3F32DDDDE90AAB780009F0C3FDBAF1AA
:1012A000000F814605D04FEA4A0248463146D0F742
:1012B000E1FA0BEB0A0080450DD00C9AA8EB000375
:1012C00006EB4A0000EB4B0109EB4A0000EB420041
:1012D0005A00D0F7CFFA681C052803D041003046E9
:1012E00006F01EF847F00040C4F80090A06001B07E
:1012F000BDE8F08F2046F7F780FD05F08FFF70B551
:1013000084B0044690F90B000D46002804D4C0B206
:10131000042818D1042606E0D4E9010121F0004197
:101320004E1EB0420AD10020CDE9010020463146D0
:10133000012233460096FFF786FF30462168421CA3
:1013400062600C4603E0411C01F07F01E17204EB96
:10135000400124F810500020488004B070BD000007
:10136000F0B581B00C464FF6F871C7F6FF718C42AC
:10137000054622D21646052C03D22946EC727CB9CA
:1013800015E044F00300471CB7F1FF3F18DD78007B
:1013900009F048FD014647F00040C5E90014A86087
:1013A000002000BF21F8106001308442FAD10022F1
:1013B000284621F8142001B0F0BD2846F7F71DFD9E
:1013C00005F02CFF2DE9F041044608468846D0F789
:1013D0003EFA05464FF6F870C7F6FF7085421FD2F9
:1013E000052D03D22746E5727DB913E045F00300D1
:1013F000461CB6F1FF3F16DD700009F013FD0746ED
:1014000046F00040C4E90075A0606A0038464146D5
:10141000D0F730FA0021204627F81510BDE8F081FA
:101420002046F7F7EAFC05F0F9FE10B5044690F9FE
:101430000B00B0F1FF3F04DCA1682068490005F013
:101440006FFF204610BD10B50446083002F00CF8BE
:1014500020465C21BDE8104005F062BF10B504468F
:10146000083002F001F8204610BD10B504460830DF
:1014700001F0FAFF20465C21BDE8104005F050BFA6
:1014800010B50446083001F0EFFF204610BD10B53E
:1014900082B00446006850F80C0C20448069E8B122
:1014A0006846214600F01DF89DF80000012812D181
:1014B000206850F80C0C20448069016889698847CD
:1014C000013008D1206850F80C0C2044016941F02B
:1014D000010101F0ABFF684600F016F8204602B0AB
:1014E00010BD10B50446002020700868616050F8F7
:1014F0000C0C0844016929B9806C08B1FFF7C7FFDB
:1015000001202070204610BD10B5044640680168D7
:1015100051F80C1C08448169E1B10169D1B94079E5
:10152000800617D505F070FEA0B96068016851F813
:101530000C1C08448069016889698847013009D119
:101540006068016851F80C1C0844016941F0010110
:1015500001F06CFF204610BD10B50446043001F0C8
:1015600083FF20465821BDE8104005F0D9BE10B5D4
:101570000446043001F078FF204610BD10B582B05B
:101580000446006850F80C0C20448069E8B16846B5
:10159000214600F01DF89DF80000012812D12068B6
:1015A00050F80C0C20448069016889698847013033
:1015B00008D1206850F80C0C2044016941F0010169
:1015C00001F034FF684600F016F8204602B010BD66
:1015D00010B50446002020700868616050F80C0CBB
:1015E0000844016929B9806C08B1FFF7C7FF0120E1
:1015F0002070204610BD10B504464068016851F8BF
:101600000C1C08448169E1B10169D1B940798006B7
:1016100017D505F0F9FDA0B96068016851F80C1CF8
:1016200008448069016889698847013009D1606888
:10163000016851F80C1C0844016941F0010101F0F6
:10164000F5FE204610BD10B50446043001F00CFF35
:1016500020465821BDE8104005F062BE10B5044692
:10166000043001F001FF204610BD00005FEA035C7A
:101670000CD503F04A0CBCF1080F07D0BCF1400FA9
:1016800004D01AB14FF02B0C00F801CB5FEA835C59
:1016900044BF4FF0230C00F801CB91F800C0BCF11F
:1016A000000F08D0013100BF00F801CB11F801CBC9
:1016B000BCF1000FF8D103F04A01402907D00829F6
:1016C00007D159044FF0580158BF782105E06F2128
:1016D00003E07521002A18BF6421017070470000E3
:1016E0001305034644BF2B2003F8010B500502F4F9
:1016F000827C44BF232003F8010BBCF5827F04D019
:101700002E2018702A2058700233087830B1013129
:1017100003F8010B11F8010B0028F9D1BCF5807F0B
:1017200007D0BCF1040F09D14621500458BF6621EF
:1017300010E04521500458BF65210BE0BCF5827FC5
:1017400004D04721500458BF672103E041215004D1
:1017500058BF6121BCF5827018BF01201970704715
:10176000526802F0B002202A04BF08467047102ACF
:1017700012D102782D2A01D02B2A01D101307047D5
:10178000091A0229B8BF7047302A05D1417841F0C3
:101790002001782908BF0230704700002DE9F04F82
:1017A0009FB091460446981A4AF6AB228010CAF6BA
:1017B000AA2200FB02F61D46652E1E9106D3304676
:1017C000CFF72DF8014618B905F002FD05A9002054
:1017D000A9454FF0000A0090029117D0484600BF7B
:1017E00090F90B204368002A58BFD3B2002B4FF06A
:1017F000010204BF0222013E002B00F10C0008BFD1
:101800000AF1010AA84201F8012BE9D11EA92046DC
:10181000F7F7F9FA002840F09380002E00F090804E
:101820004FF000080394CDF8049000BF2068D0E981
:101830000312914202D00C7804E000BF0168496AAB
:101840008847C4B22A9828B928980168CA682146EE
:1018500090470446A94547D0029F08F101004FF088
:10186000000B04903878012827D199F90B00D9F89A
:101870000010002858BF49462A9811F8081020B9CE
:1018800028980268D268904701468C4212D199F993
:101890000B00D9F80410002858BFC1B20498814247
:1018A00004D102203870013E0AF1010A4FF0010B09
:1018B00003E000BF0020013E387009F10C09A94582
:1018C00007F10107CED15FEACB700BD0039CDDF8A6
:1018D00004902068D0E90312914210D00131C16018
:1018E00010E000BFDDF80490039C20461EA9F7F726
:1018F0008AFA28BB002E08F1010897D120E0016880
:10190000896A88470AEB06000228EED3A945ECD085
:10191000029948460A78022A0CD190F90B204368B4
:10192000002A58BFD3B2049A93421EBF00220A7005
:10193000AAF1010A0C30A84201F10101EAD1D4E771
:10194000299E1EA92046F7F75EFA18B1306840F0CC
:10195000020030600299A94509D000BF087802282A
:1019600009D009F10C09A94501F10101F6D130684E
:1019700040F004003060009808B1CEF77FFF484681
:101980001FB0BDE8F08F00002DE9F04F9FB09146E9
:101990000446981A4AF6AB228010CAF6AA2200FB27
:1019A00002F61D46652E1E9106D33046CEF737FF50
:1019B000014618B905F00CFC05A90020A9454FF017
:1019C000000A0090029117D0484600BF90F90B2002
:1019D0004368002A58BFD3B2002B4FF0010204BF66
:1019E0000222013E002B00F10C0008BF0AF1010A9F
:1019F000A84201F8012BE9D11EA92046F7F734FAD5
:101A0000002840F09380002E00F090804FF00008F6
:101A10000394CDF8049000BF2068D0E903129142EE
:101A200002D00C8804E000BF0168496A884784B28C
:101A30002A9828B928980168CA692146904704461F
:101A4000A94547D0029F08F101004FF0000B049018
:101A50003878012827D199F90B00D9F8001000280F
:101A600058BF49462A9831F8181020B928980268BA
:101A7000D269904701468C4212D199F90B00D9F8EE
:101A80000410002858BFC1B20498814204D102203A
:101A90003870013E0AF1010A4FF0010B03E000BF6C
:101AA0000020013E387009F10C09A94507F1010732
:101AB000CED15FEACB700BD0039CDDF80490206898
:101AC000D0E90312914210D00231C16010E000BF92
:101AD000DDF80490039C20461EA9F7F7C5F928BB42
:101AE000002E08F1010897D120E00168896A884733
:101AF0000AEB06000228EED3A945ECD0029948462D
:101B00000A78022A0CD190F90B204368002A58BFAA
:101B1000D3B2049A93421EBF00220A70AAF1010AAE
:101B20000C30A84201F10101EAD1D4E7299E1EA997
:101B30002046F7F799F918B1306840F0020030609C
:101B40000299A94509D000BF0878022809D009F1F7
:101B50000C09A94501F10101F6D1306840F00400FB
:101B60003060009808B1CEF789FE48461FB0BDE846
:101B7000F08F704710B50446D0E90110814205D0BE
:101B8000091A033121F003010844A060206850B114
:101B90002169884204D0E168091A05F0C1FB02E01E
:101BA000002081F87800204610BDF0B583B088424F
:101BB000144617D00D460746CEF7EAFF06460068E2
:101BC00002900020306000F0E1FE01A938460AF0E2
:101BD000CFF932680092009A0AB9029A3260019AEB
:101BE000AA4205D00420206000200AF04BFA04E04D
:101BF000009A022A04BF0422226003B0F0BDF0B5AF
:101C000083B08842144617D00D460746CEF7C0FF72
:101C10000646006802900020306000F0B7FE01A97F
:101C200038460AF0CDF932680092009A0AB9029A51
:101C30003260019AAA4205D00420206000200AF0F8
:101C400021FA04E0009A022A04BF0422226003B0B1
:101C5000F0BDF0B583B08842144617D00D46074654
:101C6000CEF796FF0646006802900020306000F034
:101C70008DFE01A938460AF093F931680091009968
:101C800009B9029931600199A94205D00420206068
:101C900000200AF0FEF904E00099022904BF0421A3
:101CA000216003B0F0BD1E2907D890F87820D20734
:101CB00002BF012180F878107047B1F1804F02D245
:101CC000880009F0AFB805F0A9FA01464FF2A91053
:101CD000C0F6030000F098FC00207047704710B574
:101CE00004460068416A20468847013004D0E06815
:101CF000411CE160007810BD4FF0FF3010BD70470F
:101D00002DE9F041012A24DB90460E4607460024C7
:101D1000D7E9031081420FD2451AA8EB0400A8426C
:101D2000B8BF054625B130462A46CFF7A3FDF9686E
:101D300048192E44F86008E03868816A38468847B8
:101D4000411C07D006F8010B01252C444445DFDB7C
:101D500000E000242046BDE8F08100002DE9F041BC
:101D6000012A25DB90460E4607460024D7E90601E6
:101D7000884211D20D1AA8EB0401A942B8BF0D4642
:101D800025B131462A46CFF775FDB86928442E445F
:101D90002C44B86109E000BF38683178426B38469E
:101DA0009047013005D0013601344445DEDB00E0C8
:101DB00000242046BDE8F08100214FF0FF32C0E949
:101DC0000011C0E90222704700214FF0FF32C0E944
:101DD0000011C0E9022270474FF0FF3070474FF00A
:101DE000FF307047002070474FF0FF307047B0B5AC
:101DF00004464DF64860C0F603000830254645F815
:101E0000080B201D01F0ACF928461821CEF7C5FCBF
:101E10002046B0BD10B5044600F006F8204620214B
:101E2000BDE8104005F07CBA10B504464DF6486098
:101E3000C0F6030000F10801204640F8041B01F041
:101E4000A0F9204610BD00207047704710B5044629
:101E50000068416A2046884701300FBF4FF0FF30CD
:101E6000E16831F8020BE16010BD70472DE9F041E7
:101E7000012A28DB90460E4607460024D7E90310C6
:101E8000814213D2401AA8EB0405B5EB600FA8BF3E
:101E9000451025B16A003046CFF7ECFCF96801EB3C
:101EA000450006EB4506F86009E000BF3868816A26
:101EB00038468847411C07D026F8020B01252C44E0
:101EC0004445DBDB00E000242046BDE8F081000053
:101ED0002DE9F041012A27DB90460E4607460024F3
:101EE000D7E90601884213D2091AA8EB0405B5EB1D
:101EF000610FA8BF4D1025B16A003146CFF7BAFC7B
:101F0000B86900EB450006EB45062C44B86108E0D3
:101F100038683188426B38469047013005D0023628
:101F200001344445DCDB00E000242046BDE8F081BC
:101F300000214FF0FF32C0E90011C0E902227047D2
:101F400000214FF0FF32C0E90011C0E902227047C2
:101F50004FF0FF3070474FF0FF3070470020704760
:101F60004FF0FF307047B0B504464DF68860C0F6BC
:101F700003000830254645F8080B201D01F0F0F855
:101F800028461821CEF709FC2046B0BD10B50446FE
:101F900000F006F820462021BDE8104005F0C0B949
:101FA00010B504464DF68860C0F6030000F1080144
:101FB000204640F8041B01F0E4F8204610BD000064
:101FC000B0B590F90BE0D0F804C0BEF1000FA2EB61
:101FD000010458BFF446052C43DBBCF1000F40D090
:101FE0009142A2F1040C12D0614510D201F1040E0D
:101FF000624600BF14685EF8045C4EF8044C42F878
:10200000045996450EF1040EF4D390F80BE04FFA04
:102010008EF40268002C58BF0246614515D2406814
:10202000002C58BF5FFA8EF0104400BF147824B122
:10203000FF2C02D00D68A54211D1851A012D01F1A6
:102040000401C8BF01326145F0D3107848B1FF28C0
:1020500007D0DCF800100139814238BFB0BD042040
:102060001860B0BD2DE9F04383B000284FF00007A1
:1020700045D0DDF828900446D9F80C0015465A1AC8
:10208000801AA5EB01069846C8BF0746012E06DB5D
:1020900020683246036B20469847B0422FD1012F6B
:1020A0001DDB0B9A68463946FEF785FE23689DF9CD
:1020B0000B2000991B6B002A58BF014620463A4668
:1020C00098479DF90B100646B1F1FF3F05DC0299D8
:1020D000009821F0004105F023F9BE420FD1A8EB92
:1020E0000506012E07DB20682946036B2046324691
:1020F0009847B04203D10020C9F80C0000E000244A
:10210000204603B0BDE8F0832DE9F04383B00028FA
:102110004FF0000747D0DDF828900446D9F80C00AE
:1021200015465A1AB0EB620FC8BFA0EB6207681AD7
:1021300046109846012E06DB20683246036B204687
:102140009847B0422FD1012F1CDB0B9A68463946C5
:10215000FFF706F923689DF90B2000991B6B002AF5
:1021600058BF014620463A4698479DF90B1006464F
:10217000B1F1FF3F04DC02990098490005F0D0F866
:10218000BE4210D1A8EB05004610012E07DB2068E7
:102190002946036B204632469847B04203D10020BF
:1021A000C9F80C0000E00024204603B0BDE8F0832D
:1021B00001A000F029FA00BF6261645F636173747B
:1021C00020776173207468726F776E20696E202D9E
:1021D000666E6F2D657863657074696F6E73206DC0
:1021E0006F646500006848F25C210068C2F200413B
:1021F0000A68006801320A604260704781B080B5A9
:1022000081B0114603AA03930092CEF7D5FD01B029
:10221000BDE8804001B070472DE9F0470546D0E9A0
:10222000007610689046C01B420001248A4640F6A2
:10223000E701012A88BF44006FF00042C0F60301A5
:10224000904228BF4FF0FF34DAF800908E4206D05B
:1022500038462146CEF7EDFCD0B1286008E0204694
:10226000CEF7DDFAA0B1286017B13846B04728682C
:10227000A9EB070140F67D02C0F6000208446A603F
:10228000CAF8000028682044C8F80000BDE8F087BC
:1022900004F09EFF2DE9F0470546D0E9007610686E
:1022A0009046C01B4FEA40048A4640F6E70108BF4B
:1022B00004246FF00042C0F60301904228BF4FF0A3
:1022C000FF34DAF800908E4206D038462146CEF729
:1022D000B0FCE0B1286008E02046CEF7A0FAB0B12B
:1022E000286017B13846B0472868A9EB070140F6C7
:1022F0007D02C0F6000208446A60CAF8000028683F
:1023000024F003010844C8F80000BDE8F08704F099
:102310005FFF2DE9F0470546D0E90076106890464A
:10232000C01B4FEA40048A4640F6E70108BF02247A
:102330006FF00042C0F60301904228BF4FF0FF3417
:10234000DAF800908E4206D038462146CEF771FC6E
:10235000E0B1286008E02046CEF761FAB0B128600D
:1023600017B13846B0472868A9EB070140F67D024F
:10237000C0F6000208446A60CAF80000286824F029
:1023800001010844C8F80000BDE8F08704F020FF10
:1023900081B080B581B0114603AA03930092CEF7B5
:1023A000B0FC01B0BDE8804001B0704780B582B09C
:1023B0001A4604AB0193CEF7E1FC02B080BD0000E9
:1023C0002DE9F04782B0019101A99A469146054650
:1023D000F6F719FD10B10027062015E02868D0E9AE
:1023E0000312914201D0087802E00168496A8847E7
:1023F00041B2002906D4DAF80820C1B212F821004F
:1024000040060AD400270420D9F800100843C9F870
:102410000000384602B0BDE8F087DAF8000000227C
:10242000436A5046984729680446D1E903239A42F3
:1024300002D0501CC86003E00868826A08469047D2
:1024400001A92846A4F13007F6F7DDFCD8BB0A9EA7
:10245000022E38DB0DF104082868D0E903129142FE
:1024600002D0097804E000BF0168496A8847C1B218
:1024700048B20028CDD4DAF8080010F82100400650
:10248000C7D5DAF800000022436A50469847296809
:102490000446D1E903239A4202D0501CC86003E0ED
:1024A0000868826A0846904707EB870004EB400003
:1024B000A0F1300728464146F6F7A5FC18B9022ED0
:1024C000A6F10106C8D801A92846F6F79CFC002809
:1024D0009FD0022098E700002DE9F04782B00191DB
:1024E00001A91E4691468246F6F7BEFC10B10027B0
:1024F000062072E0DAF80000D0E90312914201D020
:10250000088802E00168496A8847316887B2CB6869
:10251000304640213A46984778B130683946436B97
:10252000304600229847DAF800100446D1E9032328
:102530009A4205D0901CC86006E0002704204CE0B9
:102540000868826A0846904701A95046A4F13007FE
:10255000F6F78AFCD8BB0A9D022D38DB0DF1040882
:10256000DAF80000D0E90312914201D0088802E0B5
:102570000168496A8847316884B2CB683046402197
:102580002246984770B330682146436B304600229C
:102590009847DAF800100446D1E903239A4203D0A1
:1025A000901CC86004E000BF0868826A0846904733
:1025B00007EB870004EB4000A0F13007504641468E
:1025C000F6F752FC18B9022DA5F10105C8D801A9EA
:1025D0005046F6F749FC28B10220D9F8001008430C
:1025E000C9F80000384602B0BDE8F08701464FF256
:1025F000F010C0F6030000F007F801464FF27A2011
:10260000C0F6030000F000F884B0844601A80EC0B4
:1026100040F2484001AAC2F2004061460092CFF762
:1026200079FCCFF7A7F82DE9F04184B088429046B5
:1026300019D01F460D460446CEF7AAFA0646006892
:1026400003900020306000F0A1F902A920463A462C
:10265000CEF7EAFB32680192019A0AB9039A326016
:10266000029AAA4206D00420C8F80000002004B054
:10267000BDE8F081019A022A09D140424FF00000E2
:102680004FF004028841C8F8002015DB09E06FF024
:102690000042121A4FF0FF328A4105DB0420C8F8CD
:1026A00000004FF00040E2E7B0F1004271F100019C
:1026B000DDDB0420C8F800006FF00040D7E72DE90B
:1026C000F04184B08842904619D01F460D4604461A
:1026D000CEF75EFA0646006803900020306000F0F6
:1026E00055F902A920463A46CEF79EFB3268019280
:1026F000019A0AB9039A3260029AAA4207D00420CA
:10270000C8F800000020002104B0BDE8F081019A63
:10271000022AF9D140424FF000004FF0040270EB62
:102720000101C8F80020B8BF01204FF00041002887
:102730001CBF6FF000414FF0FF30E5E72DE9F0439B
:1027400083B08842904621D090F800901E460D46F6
:102750000746B9F12D0F02D10137AF4216D0CEF79F
:1027600017FA0446006802900020206000F00EF97D
:1027700001A938463246CEF759FB22680092009AEA
:102780000AB9029A2260019AAA4206D00420C8F827
:102790000000002003B0BDE8F083009A31B9022A9E
:1027A00004D0B9F12D0F08BF4042F3E70420C8F868
:1027B00000004FF0FF30EDE72DE9F04383B0884291
:1027C000904621D090F800901E460D460746B9F17C
:1027D0002D0F02D10137AF4216D0CEF7D9F90446FA
:1027E000006802900020206000F0D0F801A938466F
:1027F0003246CEF71BFB22680092009A0AB9029A71
:102800002260019AAA4206D00420C8F800000020E5
:1028100003B0BDE8F083009A31B9022A04D0B9F1BF
:102820002D0F08BF4042F3E70420C8F800004FF026
:10283000FF30EDE72DE9F04383B08842904621D088
:1028400090F800901E460D460746B9F12D0F02D1B3
:102850000137AF4216D0CEF79BF9044600680290CC
:102860000020206000F092F801A938463246CEF7E9
:10287000DDFA22680092009A0AB9029A2260019A4F
:10288000AA4207D00420C8F80000002080B203B09C
:10289000BDE8F083009A51EA104106D1022A04D023
:1028A000B9F12D0F08BF4042F0E70420C8F800003E
:1028B0004FF6FF70EAE72DE9F04383B08842904677
:1028C00022D090F800901E460D460746B9F12D0F14
:1028D00002D10137AF4217D0CEF75AF9044600684B
:1028E00002900020206000F051F801A938463246DD
:1028F000CEF79CFA22680092009B02460BB9029820
:1029000020600198A84208D00420C8F800000020E8
:102910000023194603B0BDE8F0830098022807D1D0
:102920000420C8F800004FF0FF304FF0FF33F0E70D
:1029300050424FF000038B41B9F12D0F1CBF1046E0
:102940000B46E6E780B500F005F81021BDE88040B1
:1029500004F0E6BC10B504464DF6C8618068C0F6C8
:1029600003010831216020B1217B012908BF04F057
:10297000D3FC2046BDE81040FFF7FBB880B5AFF3AD
:1029800000800821BDE8804004F0CABC80B547F64D
:10299000A060C2F200400078BFF35F8FC00701D093
:1029A000002080BD47F6A060C2F2004005F0AEFEF8
:1029B0000028F5D047F6A060C2F2004005F0BCFE4A
:1029C000EEE710B584B004460068019401300BD0E6
:1029D00001A8039003A842F2E5120290C0F6030298
:1029E00002A92046FDF7FBF86068013804B010BD6D
:1029F00070B50646144656F8082F0D4670684968AB
:102A0000801AB4EBA00F01F10100686004D3611CCF
:102A1000304600F0D8FB326852F8240038B14168E3
:102A20004B1E436019B9016889688847326842F8CB
:102A3000245070BDF0B581B004464DF64070C0F62C
:102A40000300013900F108020123254604F11400B6
:102A500005F88C3FC4E900217821A0602561CDF7FD
:102A60009CFE04F190000FF29051E560FEF7CDF965
:102A7000A06849F63415E0604EF28800C0F6030005
:102A8000C2F2004500260830C5E9000648F22C30A5
:102A9000C2F20040FFF795FF024620462946FFF7A5
:102AA000A7FF4EF2A80049F63C15C0F60300C2F29B
:102AB00000450830C5E9000648F23430C2F2004053
:102AC000FFF77FFF024620462946FFF791FF4DF6AC
:102AD000C86049F6E805C0F60300C2F200450830B8
:102AE0004EF26C41C5E9000648F24410C0F60301FD
:102AF000C2F200402E73A960FFF763FF0246204632
:102B00002946FFF775FF4DF6FC6049F6F805C0F65B
:102B10000300C2F200450830C5E9000648F24C1037
:102B2000C2F20040FFF74DFF024620462946FFF75C
:102B30005FFF4EF2280049F62015C0F60300C2F2EE
:102B400000450830C5E9000648F21C30C2F20040DA
:102B5000FFF737FF024620462946FFF749FF4EF2AE
:102B6000580049F62815C0F60300C2F200450830A7
:102B7000C5E90006FFF70AFF48F22430C2F2004020
:102B8000AE60FFF71EFF024620462946FFF730FFE2
:102B90004DF6F87049F61815C0F60300C2F200456C
:102BA0000830C5E9000648F21430C2F20040FFF7D1
:102BB00008FF024620462946FFF71AFF4DF6987097
:102BC00049F60815C0F60300C2F200450830C5E911
:102BD000000648F20430C2F20040FFF7F2FE02465F
:102BE00020462946FFF704FF4DF6C87049F6101538
:102BF000C0F60300C2F200450830C5E9000648F2FD
:102C00000C30C2F20040FFF7DCFE024620462946A7
:102C1000FFF7EEFE4DF6687049F60015C0F60300AA
:102C2000C2F200450830C5E9000648F2FC20C2F2B5
:102C30000040FFF7C6FE024620462946FFF7D8FEB1
:102C40004EF2002049F67415C0F60300C2F20045AA
:102C50000830C5E9000642F62E40288148F26C3063
:102C6000C2F20040C5E903666E61FFF7AAFE0246A4
:102C700020462946FFF7BCFE4EF2282049F68C1567
:102C8000C0F60300C2F2004508302E21C5E9000657
:102C900048F27430C0F22C01C2F20040C5E90216BD
:102CA000C5E90466FFF78DFE024620462946FFF778
:102CB0009FFE4EF2C80049F64415C0F60300C2F26A
:102CC00000450830C5E9000648F23C30C2F2004039
:102CD000FFF777FE024620462946FFF789FE4EF2AF
:102CE000081049F64C15C0F60300C2F20045083042
:102CF000C5E9000648F24430C2F20040FFF761FE29
:102D0000024620462946FFF773FE4EF2481049F668
:102D10005415C0F60300C2F200450830C5E90006AC
:102D200048F24C30C2F20040FFF74BFE024620460C
:102D30002946FFF75DFE4EF27C1049F65C15C0F6A1
:102D40000300C2F200450830C5E9000648F25430DD
:102D5000C2F20040FFF735FE024620462946FFF743
:102D600047FE4DF6484049F6C805C0F60300C2F2DA
:102D700000450830C5E9000647F66470C2F200401D
:102D8000FFF71FFE024620462946FFF731FE4DF6AB
:102D9000804049F6D005C0F60300C2F20045083075
:102DA000C5E9000647F66C70C2F20040FFF709FE65
:102DB000024620462946FFF71BFE4DF6B84049F66D
:102DC000D805C0F60300C2F200450830C5E9000688
:102DD00047F67470C2F20040FFF7F3FD024620464A
:102DE0002946FFF705FE4DF6F04049F6E005C0F62E
:102DF0000300C2F200450830C5E9000647F67C70C2
:102E0000C2F20040FFF7DDFD024620462946FFF7EB
:102E1000EFFD4EF2283049F6D415C0F60300C2F299
:102E200000450830C5E9000648F29C30C2F2004077
:102E3000FFF7C7FD024620462946FFF7D9FD4EF2AF
:102E4000443049F6DC15C0F60300C2F200450830F4
:102E5000C5E9000648F2A430C2F20040FFF7B1FD18
:102E6000024620462946FFF7C3FD4EF2603049F680
:102E7000E415C0F60300C2F200450830C5E90006BB
:102E800048F2AC30C2F20040FFF79BFD02462046FC
:102E90002946FFF7ADFD4EF27C3049F6EC15C0F641
:102EA0000300C2F200450830C5E9000648F2B4301C
:102EB000C2F20040FFF785FD024620462946FFF793
:102EC00097FD4EF2502049F6A415C0F60300C2F259
:102ED000004500F108013830A86048F27C30C2F2A9
:102EE0000040C5E90016FFF76CFD02462046294662
:102EF000FFF77EFD4EF2A42049F6B015C0F60300A0
:102F0000C2F2004500F108013830A86048F2843070
:102F1000C2F20040C5E90016FFF753FD0246204605
:102F20002946FFF765FD4DF6547049F6BC15C0F60D
:102F30000300C2F2004500F10807C5E90076FFF77B
:102F400025FD4EF2F820C0F603000830286048F254
:102F50008C30C2F20040AE60FFF733FD02462046DF
:102F60002946FFF745FD49F6C815C2F20045C5E9F7
:102F70000076FFF70BFD4EF21030C0F6030008306C
:102F8000286048F29430C2F20040AE60FFF719FDAD
:102F9000024620462946FFF72BFD4EF2C01049F6A7
:102FA0006415C0F60300C2F200450830C5E900060A
:102FB00048F25C30C2F20040FFF703FD02462046B3
:102FC0002946FFF715FD4EF2E01049F66C15C0F6E4
:102FD0000300C2F200450830C5E9000648F264303B
:102FE000C2F20040FFF7EDFC024620462946FFF7FB
:102FF000FFFC204601B0F0BD4300000080B500F0AA
:1030000005F89C21BDE8804004F08AB9F0B581B094
:10301000044627464DF6407057F8081FE268C0F690
:10302000030008308A42206011D0002651F82600A3
:1030300040B143685D1E456023B9016889688847CF
:10304000D4E902120136501AB6EBA00FEED394F970
:103050009B00B0F1FF3F07DCD4F89810D4F8900043
:1030600021F0004104F05CF96846009700F09BF8FD
:103070002046AFF3008001B0F0BD01684968084701
:1030800080B5AFF300800821BDE8804004F048B966
:10309000FEF76FBD10B547F6A460C2F2004000789D
:1030A000BFF35F8FC00704D049F6F410C2F20040AE
:1030B00010BD47F6A460C2F2004005F027FB0028CF
:1030C000F2D048F2602049F6F414C2F20040012127
:1030D000C2F20044FFF7AEFC206047F6A460C2F2E3
:1030E000004005F029FBDFE710B547F6A860C2F203
:1030F00000400078BFF35F8FC00704D049F6F81096
:10310000C2F2004010BD47F6A860C2F2004005F0D0
:10311000FDFA0028F2D049F6F814C2F20044FFF795
:10312000B9FF006848F26021C2F200418842206085
:1031300002D041680131416047F6A860C2F2004008
:1031400005F0FAFADAE7096848F26022C2F20042B2
:103150009142016008BF70474A6801324A60704777
:1031600010B50446FFF7C0FF006848F26021C2F2C4
:1031700000418842206002D0416801314160204610
:1031800010BD10B50446006848F26021C2F200414B
:10319000884206D041684A1E426011B901688968B8
:1031A0008847204610BD0168086858B101F10C023B
:1031B0009042486003D08968091A04F0B1B8002031
:1031C00081F884007047D0E900239B1AB1EBA30F6C
:1031D0004FEAA30302D9C91A00F006B899423CBFCE
:1031E00002EB8101416070472DE9F04186B0D0E9E2
:1031F00001620446901B0D46B1EBA00F1ED920467C
:1032000050F80C1B731A05EBA306B6F1804F3ED2A3
:10321000511A4FF6FC72B6EB610FC7F6FF7238BF5A
:103220004E1091424FEAA30728BF6FF04046059029
:103230006EB131460022FEF736FD09E02DB1A9003E
:103240003046CDF7AAFA06EB850666601CE0002042
:1032500000EB870700EB8608A9003846CDF79DFAFA
:10326000D4E9001007EB8506421ABD1A2846CDF7AF
:1032700030FA2068A168CDE90200019001A884E835
:1032800060010491FEF776FC06B0BDE8F0812046AF
:10329000F6F7F2F980B5AFF300800821BDE8804071
:1032A00004F03EB880B5AFF300800821BDE880404F
:1032B00004F036B880B5AFF300800821BDE8804047
:1032C00004F02EB880B5AFF300800821BDE880403F
:1032D00004F026B880B5AFF300800821BDE8804037
:1032E00004F01EB810B504464EF25800C0F60300B4
:1032F00008302060FFF74AFB2046AFF300800C2126
:10330000BDE8104004F00CB810B504464EF2580069
:10331000C0F6030008302060FFF738FB2046BDE808
:103320001040FEF726BC10B5044600F006F8204613
:103330000821BDE8104003F0F3BFFEF71ABC10B53A
:10334000044600F006F820460821BDE8104003F0CE
:10335000E7BFFEF70EBC80B5AFF300800821BDE8E3
:10336000804003F0DDBF80B5AFF300800821BDE8E9
:10337000804003F0D5BF80B5AFF300800821BDE8E1
:10338000804003F0CDBF80B5AFF300800821BDE8D9
:10339000804003F0C5BFB0B547F6AC61C2F2004152
:1033A00009780446C807BFF35F8F01D02046B0BD3F
:1033B00047F6AC60C2F2004005F0A8F90028F5D04D
:1033C00049F6FC15C2F20045284600F008F943F61C
:1033D0004B0040F20002C0F60300C0F6000229468E
:1033E000CDF701F947F6AC60C2F2004005F0A4F950
:1033F000DCE7704710B5B1FA81F20023520941F2BF
:1034000002044FF0060CC0E9053100F12001C0E9CB
:10341000014CC0E9033200F11C0408462821CDF715
:10342000BCF92046BDE81040FFF79ABED0E905235D
:10343000002B08BF41F001010A42016108BF70473B
:1034400001A0FEF742FC00BF696F735F62617365A4
:103450003A3A636C6561720080B500F005F8482166
:10346000BDE8804003F05CBF70B5044625464EF2CF
:10347000B01055F81C1FC0F6030008302060F1B1F1
:10348000A06A68B1461E00BFD4E9080150F8263092
:1034900051F82620002021469847013E701CF3D1A8
:1034A0002846FFF76EFE206ACDF7E8F9606ACDF78F
:1034B000E5F9206BCDF7E2F9E06BCDF7DFF92046B7
:1034C00070BD80B5AFF300800821BDE8804003F0F7
:1034D00027BF80B5AFF300800821BDE8804003F02E
:1034E0001FBF80B500F005F81821BDE8804003F04B
:1034F00017BF10B504464EF2002094F91710C0F61D
:1035000003000830B1F1FF3F206005DC6169E0682D
:1035100021F0004103F004FF2046BDE81040FEF713
:1035200028BB80B500F005F81821BDE8804003F005
:10353000F7BE10B504464EF2282094F91710C0F6D5
:1035400003000830B1F1FF3F206005DC6169E068ED
:1035500021F0004103F0E4FE2046BDE81040FEF7F4
:1035600008BB80B5AFF300800C21BDE8804003F0BC
:10357000D7BEFEF7FEBA80B5AFF300800C21BDE8E0
:10358000804003F0CDBEFEF7F4BA10B50446FFF755
:10359000FDF92046AFF300800C21BDE8104003F098
:1035A000BFBE10B50446FFF7F1F92046BDE8104054
:1035B000FEF7DFBA10B50446FFF7E8F92046AFF38F
:1035C00000800C21BDE8104003F0AABE10B50446EF
:1035D000FFF7DCF92046BDE81040FEF7CABA2DE936
:1035E000F04F81B048F2C83440F2A03BC2F2004430
:1035F000C2F2004B48F298420090C2F200422046CC
:103600005946FCF771F947F684764DF6A850C2F298
:103610000046C0F60300002500F10C0100F1200275
:10362000304640F8082FC6E9001521467562FFF7BD
:10363000E1FE48F23047C2F2004740F2F43148F26E
:103640000852C2F20041C2F200423846356586F89F
:103650005850FDF723F848F290084DF6F850C2F2A2
:103660000048C0F6030000F10C0900F1200A4046B2
:1036700040F804AF3946C8F82050C8F80090FFF76A
:10368000B9FE48F20044C2F2004440F2484148F218
:103690000052C2F20041C2F200422046C8F84C502B
:1036A00088F85450FCF7FAFF47F6E077C2F200477B
:1036B000384640F804AF21463D62C7F80090FFF756
:1036C00099FE3868FD6487F8545050F80C0C48F2A5
:1036D00038043844C2F200448169204640F804AFFF
:1036E0002562C4F80090FFF785FE3068E56484F831
:1036F000545050F80C0C39683044C0F8488051F8E8
:103700000C0C48F2604438444268C2F2004442F46F
:103710000052426051F80C0C48F210523844C0F884
:103720004880C2F2004220465946FCF70BFA48F2A4
:10373000E8094DF6D050C2F20049C0F6030000F18E
:103740000C0100F12002484640F8082FC9E9001595
:103750002146C9F82450FFF74DFE48F2D044C2F28A
:10376000004448F2205240F2F431C2F200422046B6
:10377000C2F20041C9F8505089F85850FDF782F85C
:1037800048F2042A4DF62060C2F2004AC0F6030057
:1037900000F10C0B00F12007504640F8047F214651
:1037A000CAF82050CAF800B0FFF724FE48F2A0483B
:1037B000C2F2004848F2185240F24841C2F20042B8
:1037C0004046C2F20041CAF84C508AF85450FDF706
:1037D00059F848F25414C2F20044204640F8047FDD
:1037E00041462562C4F800B0FFF704FE2068E56496
:1037F00084F8545050F80C0C48F2AC162044C2F235
:1038000000468169304640F8047F3562C6F800B052
:10381000FFF7F0FDD9F80000F56486F8545050F831
:103820000C0C21684844C0F848A051F80C0C204406
:10383000426842F40052426051F80C0C2118009882
:10384000C1F848A001B0BDE8F08F10B5044648F2B9
:103850009000C2F20040FDF71AFE48F23800C2F2B2
:103860000040FDF714FE48F20420C2F20040FDF7CC
:1038700085FE48F2AC10C2F20040FDF77FFE204604
:1038800010BD2DE9F04381B01E680D9FDDF820804A
:103890001C46154689469642014618D0DDE90920A6
:1038A00090F90B304068002B58BFD8B2914213D129
:1038B00090B1DDE90B010A68101A9F284FF0000053
:1038C00022DCD8F8003042F8043B0A601AE0387E67
:1038D00081420FD12B2011E038461A22CDF7C0FFCC
:1038E000002808BF07F11A00C11B17290FDD4FF090
:1038F000FF3009E0787E8142D0D12D20711C2160FB
:1039000030700020C8F8000001B0BDE8F083B9F1C4
:10391000080F05D0B9F1100F05D0B9F10A0F04D185
:103920004945E4DA01E016290EDA4CF61C10C0F61F
:103930000300405C711C21603070D8F80000013039
:10394000C8F800000020DFE7AE424FF0FF30DBD0C8
:10395000721B022AD8DC16F8010C3028C7D10020CF
:103960004CF61C12C8F80000C0F60302515C721C31
:1039700022603170C8E770B582B001AE05463046AE
:103980001446F9F778FD48F26C31C2F20041304636
:10399000F5F761FE064600680169304688473168E0
:1039A00020704A69284631469047019848F26021C4
:1039B000C2F20041884206D041684A1E426011B9F5
:1039C00001688968884702B070BD2DE9F04F81B069
:1039D000904602460B981D46DDE90F3CDDE90DB42B
:1039E0000A9F82420E461DD1307801284DD1396898
:1039F00000204A1C3A602E2230700A709BF90B108E
:103A0000DBF80420002958BFCAB2002A00F0B080B9
:103A10001868011B9F2900F3AA80DCF8001040F809
:103A2000041BA3E00C98824219D19BF90B00DBF830
:103A30000410002858BFC1B289B13078012824D1C0
:103A40001968081B9F284FF0000000F39180DCF8F4
:103A5000002041F8042B1960CCF8000088E0DDE973
:103A60001174114638461C2207F11C09CDF7F8FEE7
:103A7000002808BF48462278A0EB070A0A21002A3E
:103A800018BF1621BAF11B0F02D94FF0FF306FE0BB
:103A9000DDF828C04CF61C10C0F60300DCF800303E
:103AA00010F80AE00AF01E00162810D0182824D1B9
:103AB000AB421846109B44D010F8010C98F8002037
:103AC00000F05F0002F07F029042DED139E0AB42AD
:103AD000DBD013F8010C3B7898424FF0FF3008BF61
:103AE000002A45D198F90020109B002A40D40120DB
:103AF0002070502088F8000023E098F800200EF095
:103B00005F00904228D1AB42109BBED0803088F835
:103B100000003078012814D1002030709BF90B0090
:103B2000DBF80420002858BFC2B252B10F980E9A99
:103B30000068821A9F2A04DC1A6840F8042B0F9A46
:103B40001060DCF800008A4500F10102CCF800208A
:103B500080F800E008DB0AE08A450CDA581CCCF853
:103B6000000083F800E0109B186801301860002006
:103B700001B0BDE8F08FAB423FF487AF13F8011CF2
:103B800038461C2274461D46CDF76AFE002818BF31
:103B90008146A9EB0701BAF10F0F4FF0FF3008DCA7
:103BA0000A9ABAF10A0F23460BD0BAF10F0F08D0C8
:103BB000DEE70A9ABAF1100F234602D0BAF1150FC8
:103BC000D6D121F001001E287FF45FAF681C106081
:103BD0002B70CCE72DE9F04381B06F46DDF82080F3
:103BE000814638461D461646F9F745FC48F2441111
:103BF000C2F200413846F5F72EFD016833460C6AE3
:103C00004CF61C11C0F6030101F11C02A04748F25A
:103C10006C31C2F200413846F5F71DFD06460068DA
:103C2000C16830468847316828700969304688473E
:103C3000316888F800004A69484631469047009844
:103C400048F26021C2F20041884206D041684A1E13
:103C5000426011B901688968884701B0BDE8F08306
:103C60002DE9F04115461A680B9FDDF818801C46B7
:103C70000E46AA42014618D0DDE9072090F90B3024
:103C80004068002B58BFD8B2914213D190B1DDE902
:103C900009010A68101A9F284FF000005BDCD8F871
:103CA000003042F8043B0A601CE0388E814211D19A
:103CB0002B2013E038461A22CDF7BFFD002808BF9D
:103CC00007F13400C01B411017290FDD4FF0FF3002
:103CD000BDE8F081788E8142CED12D20511C21602B
:103CE00010700020C8F80000BDE8F081082E03D055
:103CF000102E04D00A2E04D1B142E7DA01E01629D1
:103D000010DA4CF61C10C0F603002268405C511C0F
:103D100021601070D8F800000130C8F800000020C1
:103D2000BDE8F08122684FF0FF30AA4213D0531B48
:103D3000022BC8BFBDE8F08112F8010C3028C5D1B4
:103D400000204CF61C13C8F80000C0F60303595CB1
:103D5000531C23601170BDE8F08170B582B001AED4
:103D6000054630461446F9F786FB48F27431C2F234
:103D700000413046F5F76FFC0646006801693046A1
:103D80008847316820804A69284631469047019823
:103D900048F26021C2F20041884206D041684A1EC2
:103DA000426011B901688968884702B070BD2DE989
:103DB000F04F81B0924602460B981D46DDE90F3C5C
:103DC000DDE90D840A9F82420E461ED1307801281B
:103DD0004FD1396800204A1C3A602E2230700A7098
:103DE00098F90B10D8F80420002958BFCAB2002A4D
:103DF00000F0B3801868011B9F2900F3AD80DCF848
:103E0000001040F8041B1860A6E00C98824219D1FB
:103E100098F90B00D8F80410002858BFC1B289B136
:103E20003078012825D11968081B9F284FF0000021
:103E300000F39380DCF8002041F8042B1960CCF8E3
:103E400000008AE0DDE91174114638461C2207F1B2
:103E50003809CDF7F2FC002808BF48462378A0EBCC
:103E6000070B4FEA6B010A22002B18BF16221B29F1
:103E700002D94FF0FF3070E04CF61C10C0F6030082
:103E8000DDF828E0405CDEF800C000902BF0020076
:103E90002C280FD0302823D1009CAC4546D01CF8EC
:103EA000010C9AF8003000F05F0003F07F039842A5
:103EB000DFD13BE0AC45DCD01CF8010C3F888742E9
:103EC0004FF0FF3008BF002B47D19AF90030002B8C
:103ED00043D401202070009C50208AF8000025E087
:103EE000009C9AF8000004F05F03834228D1AC459F
:103EF000BFD003F180008AF800003078012815D186
:103F00000020307098F90B00D8F80430002858BF12
:103F1000C3B25BB10F980E9B0068C31A9F2B05DCE0
:103F2000109B1B6840F8043B0F9B1860DEF80000F4
:103F3000914200F10103CEF80030047008DB0BE081
:103F400091420DDA0CF10100CEF800008CF800402F
:103F50001099086801300860002001B0BDE8F08FBA
:103F6000AC453FF486AF1CF8011C38461C22CDF747
:103F700064FC002818BF8146A9EB0701BBF11F0FA5
:103F80004FF0FF3007DC0A9ABBF1140F0AD0BBF1E7
:103F90001E0F07D0E1E70A9ABBF1200F02D0BBF158
:103FA0002A0FDAD121F002003C287FF462AF1068BA
:103FB000411C116000990170CEE72DE9F04381B0FA
:103FC0006F46DDF82080814638461D461646F9F7D3
:103FD00052FA48F24C11C2F200413846F5F73BFB69
:103FE000016833460C6B4CF61C11C0F6030101F15D
:103FF0001C02A04748F27431C2F200413846F5F77E
:104000002AFB06460068C168304688473168288028
:104010000969304688473168A8F800004A6948466F
:1040200031469047009848F26021C2F20041884230
:1040300006D041684A1E426011B901688968884704
:1040400001B0BDE8F08300002DE9F04F89B0149C69
:104050000F4648F24411DDE912AB8146C2F200413D
:1040600020461D469046F5F7F6FA48F26C310646B2
:10407000C2F200412046F5F7EEFA0146006806ACB0
:1040800042692046059190479DF923000799002831
:1040900058BFC1B2002900F0C180CBF8005099F898
:1040A000001002972D2902D02B29CA460BD1306867
:1040B00009F1010AC26930469047DBF800104A1C3A
:1040C000CBF800200870A8EB0A000228CDF8049075
:1040D000039522DB9AF8000030281ED19AF80100DF
:1040E00040F02000782818D130683021C26930466D
:1040F0009047DBF800104A1CCBF8002008703068AD
:104100009AF80110C26930460AF1020A9047DBF8BA
:1041100000104A1CCBF800200870C245CDF810A052
:1041200011D0A8F1010082450DD20AF1010100BFB2
:10413000027811F8013C01F8012C00F801398142A4
:1041400001F10101F4D30598016809698847C24566
:10415000CDF814803FD20746DDE904104FF0000887
:10416000A0EB0109002500BF9DF923100698002946
:10417000214648BF014611F80810D1B19DF923101E
:10418000002958BF204610F80800854211D1DBF8FD
:1041900000000025411CCBF8001007709DF923009A
:1041A0000799002858BFC1B2481E804538BF08F1A2
:1041B000010830681AF8011BC26930469047DBF8E5
:1041C0000010B9F1010901F1010205F10105CBF877
:1041D00000200870C8D1DDF804900498039DA0EB7E
:1041E0000901DBF800006A18824224D0411EDDF884
:1041F00048A0DDF81480029F8A4221D2501C00BFE3
:104200000A7810F8013C00F8012C01F801398842C5
:1042100000F10100F4D3DBF8000011E030684946FA
:10422000046A304642462B46A047A8EB09002844C2
:10423000CBF8000004E0DDF848A0DDF81480029F10
:104240009DF923204745A7EB090118BF6818B2F173
:10425000FF3FCAF8000005DC0899069821F00041EC
:1042600003F05EF809B0BDE8F08F00002DE9F04FD3
:1042700089B0DDE91354039148F244110746C2F2B4
:10428000004120469B469146F5F7E5F948F26C312E
:104290000646C2F200412046F5F7DDF90146006806
:1042A0000291426906A89047C5F800B039782D29D7
:1042B00002D02B29B8460AD1306807F10108C2693B
:1042C00030469047139B19684A1C1A600870A9EB86
:1042D000080ABAF1020F04973EDB98F80000302874
:1042E0003AD198F8010040F02000782834D13068A5
:1042F0003021C26930469047139D4C46296808F129
:1043000002094A1C2A600870306898F80110C269D6
:10431000304690472968A14501F101022A600194C5
:10432000087031D2D044AAF10205DDF810A04F4642
:104330003C78FEF72BFBCCF71BFC0068005D80EAA5
:104340008000000604D5013D07F10107F0D1474682
:10435000C846DDF804901DE0C84510D208EB0A07F6
:10436000002400BF18F80450FEF710FBA5F13A0036
:1043700010F10A0F05D30134A245F3D108E04746F6
:1043800006E008EB040703E04F46C846DDF804905A
:10439000DDF810A09DF923000799002858BFC1B28D
:1043A000002973D05C46B845CDF804900FD0781E34
:1043B00080450CD208F10101027811F8013C01F8A6
:1043C000012C00F80139814201F10101F4D3029876
:1043D000016809698847B84505903AD2A7EB080BF0
:1043E0000025C2464FF000099DF9231006AA0029B6
:1043F0001146069848BF0146495DC9B19DF9231091
:10440000002958BF1046405D814511D1139A4FF0E5
:1044100000091068411C1160059901709DF9230085
:104420000799002858BFC1B2481E854238BF0135E0
:1044300030681AF8011BC26930469047139BBBF1E4
:10444000010B196809F1010901F101021A600870F4
:10445000CAD1DDF810A01398A8EB0A010068214426
:10446000DDF80490A34681421DD0013881421AD262
:10447000013100BF027811F8013C01F8012C00F86D
:104480000139814201F10101F4D30CE03068139C41
:10449000056A2368304641463A46A8472068A7EB9C
:1044A000080108442060DDF848804F451FD2A9EB81
:1044B0000705781C10F8011C07462E290ED030681D
:1044C000C26930469047139B013D196801F1010212
:1044D0001A60087007F10100ECD108E00298016849
:1044E000C9688847139B19684A1C1A6008703068AD
:1044F000139C056A2368304639464A46A847206817
:10450000039AA9EB07010844A2EB0A014A459DF969
:104510002320206018BF0BEB0100B2F1FF3FC8F869
:10452000000005DC0899069821F0004102F0F8FE31
:1045300009B0BDE8F08F00002DE9F04F89B0DDE94A
:1045400013B48A4648F24C110746C2F20041204695
:104550001D469046F5F77FF848F274310646C2F2E0
:1045600000412046F5F777F88146006806AC4269BD
:104570002046494690479DF923000799002858BFD7
:10458000C1B2002900F0A180CBF800503978CDE904
:1045900003A52D2902D02B29BA460BD1306807F18B
:1045A000010AC26A30469047DBF8001021F8020B7E
:1045B000CBF80010A8EB0A000228029722DB9AF839
:1045C000000030281ED19AF8010040F02000782821
:1045D00018D130683021C26A30469047DBF80010AD
:1045E00021F8020B3068CBF800109AF80110C26A6B
:1045F00030460AF1020A9047DBF8001021F8020B5E
:10460000CBF80010C245CDF814A010D0A8F10100DD
:1046100082450CD20AF10101027811F8013C01F83F
:10462000012C00F80139814201F10101F4D3D9F8DC
:104630000000016948468847C24555D2074605989B
:10464000CDF80480A8EB00094FF00008002500BF5A
:104650009DF9231006980029214648BF014611F80C
:104660000810D1B19DF92310002958BF204610F839
:104670000800854211D1DBF80000002520F8027BFC
:10468000CBF800009DF923000799002858BFC1B25C
:10469000481E804538BF08F1010830681AF8011B30
:1046A000C26A30469047DBF80010B9F101090A46AA
:1046B00022F8020B05F10105CBF80020C8D1049DBA
:1046C000129EDDF80480881C12E030683946046BC5
:1046D000304642462B46A047A8EB070005EB4000BA
:1046E000129ECBF8000020E0DBF80000049D129E33
:1046F000029F0599DDF80CA0C91B05EB4101814221
:1047000013D00238814210D205994900A1EB47012C
:1047100029440231028831F8023C21F8022C20F8A9
:104720000239814201F10201F4D39DF92320DBF823
:104730000010C245AAEB070018BF05EB4001B2F11B
:10474000FF3F316005DC0899069821F0004102F036
:10475000E7FD09B0BDE8F08F2DE9F04F89B0DDE944
:104760001354894648F24C110646C2F200412046D5
:104770009A469346F4F76FFF48F274318046C2F2CE
:1047800000412046F4F767FF014600680391426943
:1047900006A89047C5F800A031782D2902D02B2912
:1047A00034460AD1D8F80000741CC26A40469047CB
:1047B000139A116821F8020B1160ABEB0405022D6E
:1047C000049638DB2078302835D1607840F020001E
:1047D000782830D1D8F800003021C26A40464E46D1
:1047E0009047139927460C46096807F1020921F8FA
:1047F000020BD8F8000021607978C26A40469047E1
:104800002168D94521F8020B216035D27819023D83
:104810004F4605903C78FEF7B9F8CCF7A9F9006847
:10482000005D80EA8000000627D5013D07F1010701
:10483000F0D1059F21E05C4514D2CDF80890D14617
:10484000A2466719002400BF1AF80460FEF79EF81C
:10485000A6F13A0010F10A0F06D30134A542F3D1B4
:10486000049E04E027460BE0049E0AEB040754462E
:10487000CA46DDF8089003E04F464C46B146049E18
:104880009DF923000799002858BFC1B200295DD0C7
:10489000BC420ED0781E84420BD2611C027811F803
:1048A000013C01F8012C00F80139814201F10101BC
:1048B000F4D30398016809698847BC42059056D231
:1048C000CDE901B95646A7EB040B0025A2464FF0EF
:1048D000000900BF9DF9231006AA00291146069879
:1048E00048BF0146495DC9B19DF92310002958BF51
:1048F0001046405D814511D11399059A08684FF023
:10490000000920F8022B08609DF923000799002870
:1049100058BFC1B2481E854238BF0135D8F80000E3
:104920001AF8011BC26A40469047139BBBF1010B6A
:10493000196809F101090A4622F8020B1A60C9D167
:10494000B246DDE901B9049E8B1C12E0D8F80000E4
:10495000139925460B68066B0C46404629463A4695
:10496000B0472068791B00EB4103236019E01398DE
:104970000368A01B0AEB4001994212D0981E8142A5
:104980000FD26100A1EB460151440231028831F897
:10499000026C21F8022C20F80269814201F1020127
:1049A000F4D3129C5F4522D2ABEB0705781C00BF05
:1049B00010F8011C07462E2910D0D8F80000C26A52
:1049C00040469047139B013D19680A4622F8020BA6
:1049D00007F101001A60EBD18B1C08E00398016815
:1049E000C968884713990B6823F8020B0B60D8F845
:1049F00000003946066B40465A46B047139AABEB67
:104A000007011068D94500EB4100106004999DF939
:104A10002320A9EB010118BF0AEB4100B2F1FF3FCF
:104A2000206005DC0899069821F0004102F078FC2E
:104A300009B0BDE8F08F00002DE9F04FADF5037D22
:104A4000DDF834B2829182A91E4617460446F4F777
:104A5000DAF938B1DBF80000002440F00400CBF8AC
:104A6000000066E31EA81C9040F6E7011B9000F5CD
:104A7000C870C0F603011A9000200DF50F7A1D9141
:104A80001790CDE91500CDE91300CDE91100CDE96E
:104A90000F00CDE90D00CDE90B00CDE909000FAB0A
:104AA00012A815A90DF162029AE800070DF1200C79
:104AB0000CADCDE90021CDE9020319AA0DF1630384
:104AC00038463146CDF814C00495FBF795F8D9F86F
:104AD000000045460DF502794FF000080027CAF89E
:104AE000000000BF20464946F4F78DF9002840F049
:104AF000918219A8C05D042800F28882DFE800F0E6
:104B000003AD879D0700032F40F0678282E22046B5
:104B10004946F4F778F9002865D100252068D0E9E6
:104B20000312914202D00E7804E000BF0168496A86
:104B30008847C6B270B2002805D48F98806810F8F4
:104B4000260040061AD49DF95F001699002858BF28
:104B5000C1B2B1B3ADB39DF86200864231D1DDE997
:104B60001A10884205D11CA81BA91AAAFDF792FBAE
:104B70001B9840F8045B00251B9010E0DAF8000059
:104B80009299884206D19098514692AAFDF744FB2B
:104B9000DAF80000411CCAF80010067001352068E0
:104BA000D0E90312914203D00131C16003E000BF9C
:104BB0000168896A884720464946F4F724F90028A5
:104BC000ACD0DDE91B01814218BF002D0BD01A9932
:104BD000884205D11CA81BA91AAAFDF75BFB1B98EC
:104BE00040F8045B1B9008988F9D0128C0F21C813F
:104BF00020464946F4F707F9002840F0548220681F
:104C0000D0E90312914200F0B0800878B1E0022FA1
:104C10002DD3B8F1000F2AD18C99B81E18BF0120EE
:104C2000890545D49DF86710C9B2B1FA81F14909E7
:104C300008433DD04FF00008E8E19DF94700109A85
:104C40000028C1B258BF0A46002A7DD02068D0E9AA
:104C500003239A4260D0107864E0032F00F0DA81D9
:104C60002068D0E90312914213D0087815E09DF92D
:104C700053100020002948BF0120129D0DF1480A61
:104C800048BFAA46CEB2CDF8188007BBDDF84C80ED
:104C90002BE10168496A8847C0B241B2002900F19E
:104CA0000282A96811F82000C00740F08581FAE16E
:104CB0009DF95300CDF81880C6B200284FF00000CF
:104CC00048BF0120129D0DF1480A48BFAA4619A904
:104CD000394411F8011CDDF84C80012900F20581EE
:104CE0000028304618BF4046002800F0E5808F9A23
:104CF0000AEB00019268D3469BF90030002B00F1CB
:104D0000DC8012F82330DB0700F0D78001380BF18C
:104D1000010BF1D18B46D0E00168496A88479DF8C4
:104D20004710C0B24AB20F9B002A0FAA58BF1346C1
:104D30001A78904208D12068D0E903239A4200F003
:104D4000AB800132C260ACE09DF93B000D9B0028B6
:104D5000C2B258BF1346002B00F088802068D0E90B
:104D60000313994268D008786CE00168496A884763
:104D7000C0B29DF86310884240F095812068D0E968
:104D80000312914202D00131C16002E00168896AD8
:104D900088470898012847DB20464946F4F733F84E
:104DA000002840F080812068D0E90312914201D0B0
:104DB000087803E00168496A8847C0B241B2002917
:104DC00000F17181A96811F82000400640F16B8163
:104DD000DAF800009299884204D19098514692AA3C
:104DE000FDF71AFA2068D0E90312914202D0087840
:104DF00003E000BF0168496A8847DAF800104A1CDE
:104E0000CAF80020087020680899D0E90323013906
:104E10009A42089102D00132C26003E00168896AB7
:104E2000884708990029B7DC9099DAF800000968EA
:104E3000884240F0EB8036E10168496A88479DF876
:104E40003B20C0B251B20C9B00290CA958BF0B46A5
:104E50001978884208D12068D0E90313994200F0FC
:104E600098800131C16099E09DF847104BB21098CD
:104E7000002B53B258BF08460D99002B58BF11465E
:104E800008B119B10FE1002900F0C0808E99002807
:104E900018BF01200870B9E00168896A88479DF849
:104EA00047108E980022027048B2109A002858BF0E
:104EB0000A46012A0FA87BE0D3469DF92F10ABEBE1
:104EC0000A020A98002958BF084682420BD8099B5B
:104ED000002909A958BF0B461844801A5146CBF740
:104EE00087FB00B9DA46DDF834B270B2002812A8A8
:104EF0005CBF0546B04605EB0800824531D0DDF8C1
:104F000018808F9D12AE00BF20464946F3F77BFF05
:104F100058BB2068D0E90312914201D0087803E021
:104F20000168496A8847C0B29AF8001088421CD1CB
:104F30002068D0E90312914202D00131C16002E041
:104F40000168896A88479DF95300DDE912120AF168
:104F5000010A00285CBF3146C2B288188245D3D10D
:104F600003E0DDF818808F9D12AE8C98800502D486
:104F7000DDF844A24AE09DF95300DDE91212002851
:104F80005CBF3146C2B288188245DDF844A23DD0EC
:104F900089E00168896A88479DF83B208E98012145
:104FA000017050B20D99002858BF114601290CA874
:104FB00088BF80462AE000BF2068D0E903129142F2
:104FC00004D04A1CC260087803E000BF0168896A07
:104FD0008847C1B209A8FBF7C0FE20464946F3F74F
:104FE00012FF98B92068D0E90312914202D00878E4
:104FF00004E000BF0168496A8847C0B241B2002995
:1050000004D4A96811F82000C007D5D10137042FB6
:105010007FF468ADB8F1000F39D098F90B00D8F8DB
:105020000410002858BFC1B2022930D3012682AD36
:1050300020462946F3F7E7FEA8BB2068D0E9031213
:10504000914201D0087803E00168496A8847C0B2FC
:1050500098F90B10D8F80020002958BF4246915DFE
:10506000884220D12068D0E90312914202D0013158
:10507000C16002E00168896A884798F90B0001362F
:10508000D8F80410002858BFC1B28E42D0D3DDE951
:105090001B2191420FD00020079015A807ABFCF709
:1050A0008FFF079838B1DBF80000002440F00400BF
:1050B000CBF8000000E001249DF92F00B0F1FF3F84
:1050C00005DC0B99099821F0004102F029F99DF9BE
:1050D0003B00B0F1FF3F05DC0E990C9821F0004138
:1050E00002F01EF99DF94700B0F1FF3F05DC119970
:1050F0000F9821F0004102F013F99DF95300B0F12F
:10510000FF3F05DC1499129821F0004102F008F9E4
:105110009DF95F00B0F1FF3F05DC1799159821F06C
:10512000004102F0FDF81C9800211C9108B11D9966
:10513000884720460DF5037DBDE8F08F80B5AFF3BD
:1051400000800821BDE8804002F0EAB82DE9F04F68
:10515000ADF5037D8D9F829182A91E4615460446BA
:10516000F3F782FE28B13868002440F0040038606C
:105170005BE31EA81C9040F6E7011B9000F5C87089
:10518000C0F603011A9000201D911790CDE915007B
:10519000CDE91300CDE91100CDE90F00CDE90D00F7
:1051A000CDE90B00CDE909000FAB12A815A918AA8B
:1051B0000DF1640B0DF50F7C0DF1200E0CAFCDE958
:1051C0000021CDE902030DF16203284631465A461B
:1051D0009CE80013CDF814E066460497FAF797FDB3
:1051E000D9F800000DF5027900274FF0000A306071
:1051F00020464946F3F738FE002840F08F821BF81E
:105200000A00042800F28482DFE800F003916A7F3C
:105210000800BAF1030F40F063827FE2204649465E
:10522000BB46F3F721FE002840F08381002700BF32
:105230002068D0E90312914202D00D8804E000BF3B
:105240000168496A88470546D8F80000AEB2C368CD
:10525000404640213246984780B1919E92993068ED
:10526000884205D19098314692AAFDF752F83068ED
:1052700020F8025B3060013720E000BF9DF95F003D
:105280001699002858BFC1B2002900F03F81002FB5
:1052900000F03C81BDF86000864240F03781DDE9D6
:1052A0001A10919E884205D11CA81BA91AAAFCF7C6
:1052B000F1FF1B9840F8047B00271B902068D0E981
:1052C0000312914202D00231C16002E00168896A92
:1052D000884720464946F3F7C7FD0028A8D016E1C5
:1052E000BAF1020F2ED36FBB8C99BAF1020018BF2E
:1052F0000120890542D49DF86710C9B2B1FA81F145
:10530000490908433AD00027C2E09DF94700109AA6
:105310000028C1B258BF0A46002A00F0E580206884
:10532000D0E903239A4200F0C7801088CAE0BAF19E
:10533000030F00F0F3812068D0E9031291420FD0EF
:10534000088810E09DF953000697129E002812AFBE
:10535000C5B248BF3746BAF1000FBB4617D156E079
:105360000168496A8847D8F8001082B2CB68404685
:1053700001219847002840F0A18115E29DF95300D2
:10538000069712AFC5B2129E002848BF374619A82B
:10539000504410F8010C012818D800BF68B200284A
:1053A00012A813994CBF3046294600EB41008742B2
:1053B0000ED0D8F800003A88C368404601219847CB
:1053C0009DF85350129E18B10237E7E7BB461EE026
:1053D00068B20DF1480B002848BFB3469DF92F1065
:1053E000A7EB0B020A98002958BF0846B0EB620FE2
:1053F0000DD3099B002909A958BF0B4603EB4000B8
:10540000801A5946CBF7F4F8002808BFBB4668B2AB
:105410000028139812A95CBF0E46284606EB4000F0
:10542000834530D0069F919E20464946F3F71CFDE8
:1054300058BB2068D0E90312914201D0088803E0EC
:105440000168496A884780B2BBF8001088421CD1C5
:105450002068D0E90312914202D00231C16002E01B
:105460000168896A88479DF95300DDE912120BF142
:10547000020B002812AB5CBF1946C2B201EB42001E
:105480008345D1D101E0069F919E8C98800502D47E
:105490000DF1640B3CE19DF95300DDE91212002887
:1054A00012AB5CBF1946C2B201EB420083450DF15D
:1054B000640B00F02D8177E10168496A88479DF807
:1054C000471080B24AB20F9B002A0FAA58BF13465A
:1054D0001A88904208D12068D0E903239A4200F04C
:1054E000CB800232C260CCE09DF93B000D9B0028CE
:1054F000C2B258BF1346002B00F0A9802068D0E943
:105500000313994200F08A8008888DE0919EDDE9BE
:105510001B01814218BF002F0BD01A99884205D178
:105520001CA81BA91AAAFCF7B5FE1B9840F8047B1F
:105530001B9008985F4601280DF1640B68DB20463C
:105540004946F3F791FC002840F02E812068D0E90D
:105550000312914201D0088803E00168496A884734
:1055600080B2BDF86210884240F01E812068D0E908
:105570000312914202D00231C16002E00168896ADF
:1055800088470898012843DB20464946F3F76CFC1E
:10559000002840F009812068D0E90312914201D02F
:1055A000088802E00168496A8847D8F8001082B28A
:1055B000CB68404640219847002800F0F5803068CD
:1055C0009299884204D19098314692AAFCF7A1FEA4
:1055D0002068D0E90312914202D0088803E000BF9E
:1055E0000168496A8847316821F8020B31602068F8
:1055F0000899D0E9032301399A42089102D0023276
:10560000C26003E00168896A884708990029BBDC09
:1056100090993068096888427AD1C5E00168496A82
:1056200088479DF83B2080B251B20C9B00290CA901
:1056300058BF0B461988884207D12068D0E9031368
:10564000994229D00231C1602BE09DF847104BB23E
:105650001098002B53B258BF08460D99002B58BF25
:10566000114608B111B19FE0002951D08E99002850
:1056700018BF012008704BE00168896A88479DF8CF
:1056800047108E980022027048B2109A002858BF26
:105690000A46012A0FA80EE00168896A88479DF82A
:1056A0003B208E980121017050B20D99002858BFFF
:1056B000114601290CA888BF074629E02068D0E9D7
:1056C00003218A4204D032F8021BC26004E000BF0A
:1056D0000168896A8847014689B209A8FBF70FFE6D
:1056E00020464946F3F7C0FB90B92068D0E9031281
:1056F000914201D0088802E00168496A8847D8F8D9
:10570000001082B2CB684046012198470028D5D1CD
:105710000AF1010ABAF1040F7FF46AADC7B397F931
:105720000B007968002858BFC1B2022930D3012686
:1057300082AD00BF20462946F3F796FBA0BB206848
:10574000D0E90312914201D0088803E00168496A58
:10575000884780B297F90B103A68002958BF3A463B
:1057600032F8161088421FD12068D0E90312914206
:1057700002D00231C16002E00168896A884797F966
:105780000B0001367968002858BFC1B28E42D1D3D0
:10579000DDE91B2191420ED00020079015A807AB30
:1057A000FCF70EFC079830B18D990024086840F092
:1057B0000400086000E001249DF92F00B0F1FF3FD4
:1057C00004DC0B990998490001F0AAFD9DF93B0002
:1057D000B0F1FF3F04DC0E990C98490001F0A0FDE8
:1057E0009DF94700B0F1FF3F04DC11990F98490083
:1057F00001F096FD9DF95300B0F1FF3F04DC1499D0
:105800001298490001F08CFD9DF95F00B0F1FF3F57
:1058100005DC1799159821F0004101F081FD1C98D5
:1058200000211C9108B11D99884720460DF5037D84
:10583000BDE8F08F80B5AFF300800821BDE880405F
:1058400001F06EBD80B5AFF300800821BDE8804057
:1058500001F066BD80B5AFF300800821BDE880404F
:1058600001F05EBD80B547F6B060C2F2004000783E
:10587000BFF35F8FC00729D049F60020C2F2004075
:1058800090F90B10B1F1FF3F03DD0221C172014617
:1058900002E00222016842604D224A7041220A70F1
:1058A00000228A7090F91710B1F1FF3F04DD022148
:1058B000C17500F10C0102E00222C16802614D20B5
:1058C0004870502008700020887080BD47F6B06096
:1058D000C2F2004002F01AFF0028CDD047F2C530D6
:1058E00040F20002C0F60300C0F600020021CAF731
:1058F0007AFE47F6B060C2F2004002F01DFFBBE73F
:1059000070B547F6B460C2F200400078BFF35F8F15
:10591000C00700F0408149F61825C2F2004595F90C
:105920000B00B0F1FF3F03DD06202C46E87202E0D9
:1059300006202C686860A5A1204606220626CAF724
:1059400083FE0020A07195F91700B0F1FF3F03DD41
:1059500005F10C04EE7501E0EC682E619DA1204676
:105960000622CAF771FE0020A07195F92300B0F15C
:10597000FF3F05DD072005F1180485F8230002E04C
:105980000720AC69E86195A120460722CAF75CFEB2
:105990000020E07195F92F00B0F1FF3F05DD0920EF
:1059A00005F1240485F82F0002E009206C6AA86242
:1059B0008CA120460922CAF747FE0020607295F9A3
:1059C0003B00B0F1FF3F05DD082085F83B0005F105
:1059D000300002E00821286B696364214171722163
:1059E000C17075218170682141705421017073214B
:1059F000024602F8041F7921D170612191700021C3
:105A0000017295F94700B0F1FF3F05DD062005F171
:105A10003C0485F8470002E00620EC6B286474A182
:105A200020460622CAF710FE0020A07195F9530007
:105A3000B0F1FF3F05DD082085F8530005F148006F
:105A400002E00821A86CE9646421417175215322A8
:105A5000C17074210270722203468170612103F8C3
:105A6000042F4170792299700021DA70017295F942
:105A70005F00B0F1FF3F05DD032005F1540485F818
:105A80005F0002E003206C6DA8655BA12046032245
:105A90000326CAF7D9FD0020E07095F96B00B0F13C
:105AA000FF3F04DD05F1600485F86B6001E02C6EBA
:105AB0006E6652A1204603220326CAF7C5FD0020C8
:105AC000E07095F97700B0F1FF3F04DD05F16C045B
:105AD00085F8776001E0EC6E2E6749A1204603222D
:105AE0000326CAF7B1FD0020E07095F98300B0F1FC
:105AF000FF3F04DD05F1780485F8836001E0AC6FB9
:105B0000EE6740A1204603220326CAF79DFD002030
:105B1000E07095F98F00B0F1FF3F04DD05F18404DA
:105B200085F88F6003E0D5F88440C5F8886036A119
:105B3000204603220326CAF787FD0020E07095F96E
:105B40009B00B0F1FF3F04DD05F1900485F89B60F8
:105B500003E0D5F89040C5F894602CA120460322BC
:105B60000326CAF771FD0020E07095F9A700B0F197
:105B7000FF3F04DD05F19C0485F8A76003E0D5F83C
:105B80009C40C5F8A06022A120460322CAF75CFD14
:105B90000020E07070BD47F6B460C2F2004002F031
:105BA000B5FD00283FF4B7AE47F25D3040F2000289
:105BB000C0F60300C0F600020021CAF714FD47F644
:105BC000B460C2F2004002F0B7FDA4E653756E6403
:105BD000617900004D6F6E646179000054756573E2
:105BE000646179005765646E6573646179000000D3
:105BF000467269646179000053756E004D6F6E00E6
:105C000054756500576564005468750046726900F4
:105C10005361740070B547F6B860C2F20040007876
:105C2000BFF35F8FC00700F03A8249F6C025C2F289
:105C3000004595F90B00B0F1FF3F03DD07202C462E
:105C4000E87202E007202C6868600FF28841204665
:105C50000722CAF7F9FC0020E07195F91700B0F1AE
:105C6000FF3F04DD0820E87505F10C0002E0082183
:105C7000E8682961622282706522427046226121B1
:105C80000270752203464171722103F8042FC1701E
:105C9000792299700021DA70017295F92300B0F130
:105CA000FF3F05DD052005F1180485F8230002E01B
:105CB0000520AC69E8610FF2244120460522052643
:105CC000CAF7C2FC0020607195F92F00B0F1FF3FC8
:105CD00004DD05F1240485F82F6001E06C6AAE62F2
:105CE0000FF2004120460522CAF7AEFC0020607189
:105CF00095F93B00B0F1FF3F05DD032005F13004CD
:105D000085F83B0002E003202C6B68634FF276219C
:105D1000C0F6030120460322CAF796FC0020E0707B
:105D200095F94700B0F1FF3F05DD042085F84700F5
:105D300005F13C0002E00421E86B29646521C17093
:105D40006E218170752141704A210170002101711D
:105D500095F95300B0F1FF3F05DD042085F85300AD
:105D600005F1480002E00421A86CE9647921C170C2
:105D70006C218170752141704A21017000210171EF
:105D800095F95F00B0F1FF3F05DD062005F15404F1
:105D900085F85F0002E006206C6DA865D3A120465F
:105DA0000622CAF751FC0020A07195F96B00B0F1F2
:105DB000FF3F05DD092005F1600485F86B0002E076
:105DC00009202C6E6866CBA120460922CAF73CFC4C
:105DD0000020607295F97700B0F1FF3F05DD0720E4
:105DE00005F16C0485F8770002E00720EC6E286767
:105DF000C3A120460722CAF727FC0020E07195F9CD
:105E00008300B0F1FF3F05DD082085F8830005F130
:105E1000780002E00821A86FE967762282706F227D
:105E200042704E22622102706D220346417165214B
:105E300003F8042FC170722299700021DA70017288
:105E400095F98F00B0F1FF3F05DD082085F88F0040
:105E500005F1840004E00821D5F88400C5F8881015
:105E6000632282704422622102706D2203464171D6
:105E7000652103F8042FC1704170722299700021CE
:105E8000DA70017295F99B00B0F1FF3F05DD032048
:105E900005F1900485F89B0004E00320D5F89040BC
:105EA000C5F8940098A1204603220326CAF7CCFB2C
:105EB0000020E07095F9A700B0F1FF3F04DD05F187
:105EC0009C0485F8A76003E0D5F89C40C5F8A06065
:105ED0008EA1204603220326CAF7B6FB0020E070FD
:105EE00095F9B300B0F1FF3F04DD05F1A80485F892
:105EF000B36003E0D5F8A840C5F8AC6084A12046A3
:105F000003220326CAF7A0FB0020E07095F9BF002A
:105F1000B0F1FF3F04DD05F1B40485F8BF6003E094
:105F2000D5F8B440C5F8B8607AA12046032203260C
:105F3000CAF78AFB0020E07095F9CB00B0F1FF3F73
:105F400004DD05F1C00485F8CB6003E0D5F8C0405E
:105F5000C5F8C4604FF27621C0F603012046032243
:105F60000326CAF771FB0020E07095F9D700B0F165
:105F7000FF3F04DD05F1CC0485F8D76003E0D5F8D8
:105F8000CC40C5F8D06064A1204603220326CAF79E
:105F90005BFB0020E07095F9E300B0F1FF3F04DD0A
:105FA00005F1D80485F8E36003E0D5F8D840C5F8DA
:105FB000DC605AA1204603220326CAF745FB0020D5
:105FC000E07095F9EF00B0F1FF3F04DD05F1E40466
:105FD00085F8EF6003E0D5F8E440C5F8E86050A12B
:105FE000204603220326CAF72FFB0020E07095F914
:105FF000FB00B0F1FF3F04DD05F1F00485F8FB6024
:1060000003E0D5F8F040C5F8F46046A1204603222D
:106010000326CAF719FB0020E07095F90701B0F1DB
:10602000FF3F04DD05F1FC0485F8076103E0D5F8C6
:10603000FC40C5F800613CA1204603220326CAF7B4
:1060400003FB0020E07095F91301B0F1FF3F04DD80
:1060500005F5847485F8136103E0D5F80841C5F8A7
:106060000C6132A1204603220326CAF7EDFA002074
:10607000E07095F91F01B0F1FF3F04DD05F58A746A
:1060800085F81F6103E0D5F81441C5F8186128A10F
:1060900020460322CAF7D8FA0020E07070BD47F608
:1060A000B860C2F2004002F031FB00283FF4BDAD01
:1060B00047F2594040F20002C0F60300C0F6000269
:1060C0000021CAF790FA47F6B860C2F2004002F029
:1060D00033FBAAE54A616E75617279004D617263A6
:1060E00068000000417072696C00000041756775BE
:1060F0007374000053657074656D62657200000012
:106100004F63746F626572004A616E00466562009B
:106110004D617200417072004A756E004A756C00E4
:1061200041756700536570004F6374004E6F7600D1
:106130004465630080B547F6BC60C2F20040007859
:10614000BFF35F8FC0072CD049F6E030C2F20040A9
:1061500090F90B10B1F1FF3F03DD02210246C1723D
:1061600002E00221026841604121C0F24D010B0CA6
:10617000538000231180938090F91720B2F1FF3FE4
:1061800004DD0222C27500F10C0202E00223C268A3
:10619000036101F10F001080000C508000209080FE
:1061A00080BD47F6BC60C2F2004002F0AFFA0028A2
:1061B000CAD047F2F53040F20002C0F60300C0F644
:1061C00000020021CAF70FFA47F6BC60C2F2004095
:1061D00002F0B2FAB8E70000B0B547F6C060C2F20C
:1061E00000400078BFF35F8FC00700F0D68049F60B
:1061F000F834C2F200444FF27231C0F60301204677
:106200000622FAF79EFE4FF2643104F10C00C0F64C
:1062100003010622FAF795FE04F118006CA107228B
:10622000FAF78FFE04F124006DA10922FAF789FE26
:106230004FF2923104F13000C0F603010822FAF760
:1062400080FE4FF2563104F13C00C0F603010622F5
:10625000FAF777FE4FF2803104F14800C0F60301EF
:106260000822FAF76EFE94F95F00B0F1FF3F05DDFA
:10627000032004F1540584F85F0002E00320656DFB
:10628000A0655CA128460622CAF7DEF90020E88056
:1062900094F96B00B0F1FF3F05DD032004F16005C8
:1062A00084F86B0002E00320256E606653A1284647
:1062B0000622CAF7C9F90020E88094F97700B0F106
:1062C000FF3F05DD032004F16C0584F8770002E050
:1062D0000320E56E20674BA128460622CAF7B4F9D1
:1062E0000020E88094F98300B0F1FF3F05DD032032
:1062F00004F1780584F8830002E00320A56FE067CD
:1063000042A128460622CAF79FF90020E88094F9A6
:106310008F00B0F1FF3F05DD032004F1840584F810
:106320008F0004E00320D4F88450C4F8880039A119
:1063300028460622CAF788F90020E88094F99B00D5
:10634000B0F1FF3F05DD032004F1900584F89B00C8
:1063500004E00320D4F89050C4F894002FA12846FC
:106360000622CAF771F90020E88094F9A700B0F17D
:10637000FF3F05DD032004F19C0584F8A70004E03D
:106380000320D4F89C50C4F8A00026A12846062279
:10639000CAF75AF90020E880B0BD47F6C060C2F2E3
:1063A000004002F0B3F900283FF421AF47F2254046
:1063B00040F20002C0F60300C0F600020021CAF756
:1063C00012F947F6C060C2F2004002F0B5F90EE7DC
:1063D00054007500650073006400610079000000DE
:1063E0005700650064006E00650073006400610082
:1063F00079000000530075006E0000004D006F0032
:106400006E00000054007500650000005700650034
:10641000640000005400680075000000460072002F
:10642000690000005300610074000000B0B547F639
:10643000C460C2F200400078BFF35F8FC00700F075
:10644000AB8149F6A044C2F20044E1A120460722F4
:10645000FAF777FD4FF2A43104F10C00C0F6030106
:106460000822FAF76EFD04F11800DDA10522FAF703
:1064700068FD04F12400DDA10522FAF762FD94F91C
:106480003B00B0F1FF3F05DD032004F1300584F847
:106490003B0002E00320256B60634FF2B831C0F689
:1064A000030128460622CAF7CFF80020E88094F9B5
:1064B0004700B0F1FF3F05DD042004F13C0384F800
:1064C000470002E00420E36B20646E21C0F2650106
:1064D0004A20C0F275000A0CDA80020C002599806F
:1064E00018805A801D8194F95330B3F1FF3F05DDC8
:1064F000042384F8533004F1480302E00425A36C1C
:10650000E5644FF6FE75C0F2130529441880080CA7
:106510009980D88000204FF236315A80188104F1DA
:106520005400C0F603010622FAF70BFD04F16000E7
:10653000B1A10922FAF705FD04F16C00B3A107220D
:10654000FAF7FFFC4FF2243104F17800C0F60301A2
:106550000822FAF7F6FC4FF2123104F18400C0F67B
:1065600003010822FAF7EDFC94F99B00B0F1FF3F1C
:1065700005DD032004F1900584F89B0004E003206E
:10658000D4F89050C4F89400A4A128460622CAF773
:106590005BF80020E88094F9A700B0F1FF3F05DD2B
:1065A000032004F19C0584F8A70004E00320D4F83C
:1065B0009C50C4F8A0009BA128460622CAF744F8C4
:1065C0000020E88094F9B300B0F1FF3F05DD03201F
:1065D00004F1A80584F8B30004E00320D4F8A8501F
:1065E000C4F8AC0091A128460622CAF72DF8002075
:1065F000E88094F9BF00B0F1FF3F05DD032004F10E
:10660000B40584F8BF0004E00320D4F8B450C4F803
:10661000B80088A128460622CAF716F80020E880AC
:1066200094F9CB00B0F1FF3F05DD032004F1C00574
:1066300084F8CB0004E00320D4F8C050C4F8C400B0
:106640004FF2B831C0F6030128460622C9F7FCFF15
:106650000020E88094F9D700B0F1FF3F05DD03206A
:1066600004F1CC0584F8D70004E00320D4F8CC5022
:10667000C4F8D00071A128460622C9F7E5FF002022
:10668000E88094F9E300B0F1FF3F05DD032004F159
:10669000D80584F8E30004E00320D4F8D850C4F807
:1066A000DC0068A128460622C9F7CEFF0020E8805A
:1066B00094F9EF00B0F1FF3F05DD032004F1E4059C
:1066C00084F8EF0004E00320D4F8E450C4F8E800B4
:1066D0005EA128460622C9F7B7FF0020E88094F99A
:1066E000FB00B0F1FF3F05DD032004F1F00584F865
:1066F000FB0004E00320D4F8F050C4F8F40055A1E6
:1067000028460622C9F7A0FF0020E88094F9070177
:10671000B0F1FF3F05DD032004F1FC0584F807011B
:1067200004E00320D4F8FC50C4F800014BA1284633
:106730000622C9F789FF0020E88094F91301B0F11F
:10674000FF3F05DD032004F5847584F8130104E0A0
:106750000320D4F80851C4F80C0142A128460622AF
:10676000C9F772FF0020E88094F91F01B0F1FF3FE4
:1067700005DD032004F58A7584F81F0104E0032079
:10678000D4F81451C4F8180138A128460622C9F7D4
:106790005BFF0020E880B0BD47F6C460C2F2004055
:1067A00001F0B4FF00283FF44CAE47F2913040F2C4
:1067B0000002C0F60300C0F600020021C9F713FF73
:1067C00047F6C460C2F2004001F0B6FF39E600BFF0
:1067D0004A0061006E0075006100720079000000DF
:1067E0004D0061007200630068000000410070000D
:1067F000720069006C0000005300650070007400B6
:1068000065006D0062006500720000004F006300CB
:1068100074006F0062006500720000004A006100B1
:106820006E00000046006500620000004D0061003F
:106830007200000041007000720000004A00750004
:106840006E0000004A0075006C00000041007500F9
:106850006700000053006500700000004F006300F7
:10686000740000004E006F007600000044006500D8
:10687000630000002DE9F04F0C9CDDE909EC10608D
:10688000A007CCF8003019D5AEEB0300032802DADC
:106890000120BDE8F08F581CCCF80000EF201870E4
:1068A000DCF80000431CCCF80030BB230370DCF89C
:1068B0000000431CCCF80030BF23037016684FF073
:1068C000000B8E424FF0000066D20B9C40F2FF7529
:1068D0004FF0C00A4FF0020936680220A6425BD88A
:1068E00026EA0503B3F5584F08BFBDE8F08F7F2EA9
:1068F00006D8DCF80000AEEB0003012B42DAC7E754
:10690000BBEBD62F0ED1DCF80000AEEB0003022B60
:10691000BEDB4AEA961300F10108CCF80080037050
:106920002CE000BFDCF80000BBEB164FAEEB000321
:1069300009D1032BACDBE02343EA1633471CCCF828
:106940000070037011E0042BA2DBF02343EA9643AE
:10695000471CCCF800700370DCF80030300B69F392
:106960009F105F1CCCF800701870DCF80030B00984
:1069700069F39F105F1CCCF800701870DCF8000001
:1069800069F39F16431CCCF8003006701068061D92
:106990008E421660A0D30020BDE8F08F2DE9F04FA5
:1069A000DDF828C00C9F1060CCF800301368780721
:1069B0000DD5C81A03280ADB1878EF2807D15878B4
:1069C000BB2804D19878BF2804BF033313608B42DF
:1069D0004FF0000080F0A280DDF82CE0DDF824907C
:1069E000DCF800504D454FF0000024BF0120BDE809
:1069F000F08F93F90040002CE7B205D4BE45C0F0FB
:106A00008F8001247EE000BFC22FC0F08980DF2F7D
:106A100013D8CC1A022CC0F286805C7804F0C00631
:106A2000802E7DD107F01F0604F03F0444EA86174C
:106A300077454FF0020465D972E0EF2F0DD8CE1ADA
:106A4000022E70DB93F801A0ED2F18D0E02F19D1A2
:106A50000AF0E004A02C19D062E0F42F60D8A1EB7A
:106A6000030BBBF1020F5EDB93F801A0F42F21D0E2
:106A7000F02F22D1AAF19006302E22D350E00AF056
:106A8000E00401E00AF0C004802C49D1022E4AD073
:106A90009E7806F0C004802C42D13C03A4B20AF0D8
:106AA0003F0744EA871406F03F063719774537D881
:106AB000032427E00AF0F00601E00AF0C006802E69
:106AC0002ED1BBF1020F2ED093F8028008F0C00443
:106AD000802C25D1BBF1030F25D0DC7804F0C00653
:106AE000802E1DD14FF4E01606EA87460AF03F07D4
:106AF00046EA073668F38B1604F03F04A71977457A
:106B00000ED8042423441360DCF800302F601D1DD0
:106B1000CCF8005013688B42FFF464AFBDE8F08FEF
:106B20000220BDE8F08F0120BDE8F08F2DE9F04F85
:106B30000C9CDDE909EC1060A007CCF8003019D5F9
:106B4000AEEB0300032802DA0120BDE8F08F581CE9
:106B5000CCF80000EF201870DCF80000431CCCF8E3
:106B60000030BB230370DCF80000431CCCF800307D
:106B7000BF230370176800208F4228BFBDE8F08F45
:106B8000DDF82C904FF0C0084FF0020B4FF0BF0A19
:106B90003E88B145C0F0B7807F2E07D8DCF80040B2
:106BA000AEEB0405012D2DDACEE700BFB0EBD62FFA
:106BB0000CD1DCF80040AEEB0405022DC4DB48EA42
:106BC0009615671CCCF80070257017E0F40A1A2C93
:106BD00022D8DCF80040AEEB0405032DB4DB350B06
:106BE000E035671CCCF800702570DCF80050B40963
:106BF0006BF39F146F1CCCF800702C70DCF8004015
:106C00006BF39F16651CCCF80050267013689F1C10
:106C10008F421760BCD379E0B40A362C52D8CC1B13
:106C2000032C91DB37F802AF0AF47C45B5F55C4FD5
:106C300069D1DCF80050AEEB0505042DFFF684AFFA
:106C40004FEA862806F470751FFA88F3544643EA23
:106C500085236FF39F24234403F580334B4552D89B
:106C60001760012303EB9513DCF800509C08F03407
:106C70006F1CCCF800702C70C6F3830463F305140A
:106C8000DCF8003080345D1CCCF800501C7006F03D
:106C90000303CAF3831444EA0313DCF8004080338F
:106CA000651CCCF800502370DCF800306BF39F1AA1
:106CB0005C1CCCF8004083F800A04FF0C0084FF0F7
:106CC000BF0AA3E7B6F5604F1DD3DCF80040AEEB7A
:106CD0000403032BFFF638AF330BE033651CCCF80D
:106CE00000502370DCF800300AEA96145D1CCCF8E2
:106CF00000501C70DCF800306BF39F165C1CCCF865
:106D000000401E7082E70220BDE8F08F0020BDE841
:106D1000F08F00002DE9F04FDDF828C00C9F1060C7
:106D2000CCF80030156878070DD5481B03280ADB1E
:106D30002878EF2807D16878BB2804D1A878BF2825
:106D400004BF033515608D424FF0000080F0C28013
:106D5000DDF82C90DDF824E0DCF800604FF0C0088E
:106D600076454FF0000024BF0120BDE8F08F2F785A
:106D7000B945C0F0B1807BB2002B03D437806B1CC7
:106D80009EE000BFC22FC0F0A780DF2F15D84B1B9D
:106D9000022BC0F2A4806B7803F0C004802C40F07A
:106DA0009B8007F01F0403F03F0343EA84134B4525
:106DB00000F292803380AB1C82E0EF2F0ED84C1B88
:106DC000022CC0F28C8095F801A0ED2F18D0E02F96
:106DD00019D10AF0E003A02B19D07DE0F42F7BD865
:106DE000A1EB050BBBF1020F79DB95F801A0F42FA5
:106DF00022D0F02F23D1AAF19004302C23D36BE0C2
:106E00000AF0E00301E00AF0C003802B64D1022CF9
:106E100065D0AC7804F0C003802B5DD10AF03F034D
:106E20009B0143EA073304F03F0423449CB24C45E2
:106E300052D83380EB1C43E00AF0F00401E00AF082
:106E4000C004802C48D1BBF1020F48D0AC7804F0CC
:106E5000C003802B40D1BBF1030F40D0EB7803F08F
:106E6000C005802D38D1AEEB0605032D37DB07F0CA
:106E70000705AF0464F38B176AF3113703F03F0380
:106E80001F444F4528D808EA8A0747EA05250AF033
:106E90000F074FEA841B45EA8705C4F301142C440D
:106EA00004F57F5444F4584434800BF47074234444
:106EB00003F55C4326F8023FCCF800601368043306
:106EC0001360DCF800309E1CCCF8006015688D4221
:106ED000FFF446AFBDE8F08F0220BDE8F08F01203F
:106EE000BDE8F08F2DE9F0430F1A032F844612DB23
:106EF000079F844617F004070DD007788446EF2FCC
:106F000009D147788446BB2F05D187788446BF2FA7
:106F100008BF0CF1030C8C4580F09280002A00F031
:106F20008F804FF0010E4FF4E01800BF9CF9004035
:106F3000002CE5B204D4AB42C0F08280012477E09B
:106F4000C22D7DD3DF2D13D8A1EB0C04022C77DBEF
:106F50009CF8014004F0C006802E71D105F01F0599
:106F600004F03F0444EA85149C4269D802245FE09F
:106F7000EF2D10D8A1EB0C04032C61DB9CF8016011
:106F80009CF80240ED2D1BD0E02D1CD106F0E0074F
:106F9000A02F1CD054E0F42D52D8A1EB0C04042CEB
:106FA0004EDB9CF801409CF802709CF80390F42D95
:106FB0001ED0F02D1FD1A4F19006302E1FD33FE03C
:106FC00006F0E00701E006F0C007802F38D104F09A
:106FD000C007802F34D12D03ADB206F03F0645EA3D
:106FE000861504F03F042C449C4229D803241FE05A
:106FF00004F0F00601E004F0C006802E20D107F076
:10700000C006802E1CD109F0C006802E18D108EAD7
:10701000854504F03F0445EA043407F03F0544EA9F
:10702000851409F03F052C449C4209D8042400BF74
:10703000A4448C4504D296450EF1010EFFF476AFC0
:10704000ACEB0000BDE8F0832DE9F0430F1A032FED
:10705000844612DB079F844617F004070DD007789B
:107060008446EF2F09D147788446BB2F05D1877816
:107070008446BF2F08BF0CF1030C8C4580F09D8027
:10708000002A00F09A804FF0000E4FF4E01800BF85
:107090009CF80050AB42C0F090806CB2002C03D43E
:1070A0000CF1010C82E000BFC22DC0F08680DF2D04
:1070B00015D8A1EB0C04022CC0F27F809CF8014093
:1070C00004F0C006802E78D105F01F0504F03F04BF
:1070D00044EA85149C4270D80CF1020C66E0EF2D56
:1070E00010D8A1EB0C04032C67DB9CF801609CF822
:1070F0000240ED2D1FD0E02D20D106F0E007A02F9B
:1071000020D05AE0F42D58D8A1EB0C04042C54DB09
:10711000A2EB0E04022C50D39CF801409CF80270A4
:107120009CF80390F42D1FD0F02D20D1A4F19006EF
:10713000302E20D341E006F0E00701E006F0C00762
:10714000802F3AD104F0C007802F36D12D03ADB285
:1071500006F03F0645EA861504F03F042C449C42A5
:107160002BD80CF1030C21E004F0F00601E004F050
:10717000C006802E21D107F0C006802E1DD109F057
:10718000C006802E19D108EA854504F03F0445EA7F
:10719000043407F03F0544EA851409F03F052C4408
:1071A0009C420AD80EF1010E0CF1040C8C4504D25D
:1071B0000EF1010E9645FFF46BAFACEB0000BDE89D
:1071C000F083704749F6C050C2F200400068704733
:1071D00001A0FBF719FA00BF6261645F616C6C6F1C
:1071E0006320776173207468726F776E20696E20F8
:1071F0002D666E6F2D657863657074696F6E732090
:107200006D6F64650000000080B5002000BF0021A4
:107210000028C8BF0121084680BD000001A0FBF77F
:10722000F3F900BF6261645F61727261795F6E65DC
:10723000775F6C656E67746820776173207468721D
:107240006F776E20696E202D666E6F2D6578636591
:107250007074696F6E73206D6F64650000000000CC
:10726000A0F1680281681046DEF7BAB810B501686F
:1072700051F80C1C441804F10800FCF7F5F82046FE
:107280005C21BDE8104000F04BB8016851F80C1CBF
:1072900008440830FCF7E8B810B5016851F80C1C38
:1072A000441804F10800FCF7DFF820465C21BDE833
:1072B000104000F035B8016851F80C1C0844083043
:1072C000FCF7D2B810B5016851F80C1C4418201D09
:1072D000FCF7CAF820465821BDE8104000F020B85D
:1072E000016851F80C1C08440430FCF7BDB810B517
:1072F000016851F80C1C4418201DFCF7B5F8204615
:107300005821BDE8104000F00BB8016851F80C1C82
:1073100008440430FCF7A8B8AFF30080C9F7AEBA50
:10732000FFF7FCBF0000000090ED001A90ED012A6D
:1073300020EE011A60EE020AB0EE410A704700002A
:1073400000BF00BF00BF00BFFAE700000000000060
:1073500000BF00BF00BF00BFFAE70000B0B549F6AC
:1073600018250024C2F20045281990F9A710B1F1A0
:10737000FF3F07DCD0F8A410D0F89C0021F00041BA
:10738000FFF7CEFF0C3C14F1A80008BFB0BDEBE73F
:10739000B0B549F6A0454FF49074C2F2004500BF65
:1073A000281910F9011CB1F1FF3F06DC50F8041C4C
:1073B00050F80C0C4900FFF7B3FF0C3C08BFB0BD00
:1073C000EEE70000B0B549F600250024C2F2004502
:1073D000281990F91710B1F1FF3F05DC4169C06829
:1073E00021F00041FFF79CFF0C3C14F1180008BF8E
:1073F000B0BDEDE7B0B549F6E0350024C2F2004576
:10740000281990F91710B1F1FF3F04DC4169C068F9
:107410004900FFF785FF0C3C14F1180008BFB0BD10
:10742000EEE70000B0B549F6F8350024C2F2004599
:10743000281990F9A710B1F1FF3F06DCD0F8A4108D
:10744000D0F89C004900FFF76BFF0C3C14F1A8003A
:1074500008BFB0BDECE70000B0B549F6C0254FF459
:107460009074C2F2004500BF281910F9011CB1F157
:10747000FF3F07DC50F8041C50F80C0C21F00041D1
:10748000FFF74EFF0C3C08BFB0BDEDE70000000069
:1074900080B582B048F2C130C2F200400190FBF7E3
:1074A0007AFF019943F2F330C0F6030040F2000284
:1074B000C0F60002C9F797F802B080BD2DE9F04F81
:1074C00091B00768546857F8046C57F8087C7568E1
:1074D00000EB0708A5425DD0002B2ED4C41A44450A
:1074E0002BDB00274FF0010E4FF08075CDE90264D1
:1074F000CDE90423CDE90C77CDE90A77CDE908770A
:10750000CDE90677CDF838E0CDE90F5735680DF1B4
:10751000080AD5F814C005463046894651469246B9
:1075200042469B464346CDE900E7E047089F49466F
:1075300028465B465246002F67D102AFCDE90220B4
:10754000CDE9041307F110002721C9F726F901201E
:1075500000248DF83F001094306839468569304624
:10756000424601230094A8470B9801281AD000280E
:107570004BD10C99DDE90902079C81F0010180F0F3
:10758000010008430021012A18BF0C46002818BF3B
:107590000C463AE0002B0AD4DF4218BF4FF0000837
:1075A000444632E00898012825D1069C2DE09F1C16
:1075B0004FF0000429D0CDE902204FF08070012760
:1075C0000F901068CDE90744CDE90944CDE90B449B
:1075D0000D940E9710944669CDE9041302A9104644
:1075E000424643460694CDE90074B0470898012806
:1075F00008BF444609E00C98002430B909980128D6
:1076000003D10A98012808BF069C204611B0BDE8A6
:10761000F08F000000000000002070470000000014
:1076200000BF00BF00BF00BFFAE70000000000007D
:107630004FF0FF307047000000210328B8BF012140
:10764000084670470000000001207047000000005D
:10765000B0B54CF2BC00144692B2C2F200404FF0FA
:10766000FF334FF0FF35D5F79BF8002808BF2546BC
:107670002846B0BD000000004FF0FF30704700000A
:1076800080B592B24CF2BC00C2F200404FF0FF3322
:10769000D5F702F9002818BF4FF0FF3080BD000079
:1076A00080B582B08DF807004CF2BC00C2F20040F9
:1076B0000DF1070101224FF0FF33D5F7EDF802B0CD
:1076C00080BD00009FED201AB5EE002A00EE012AD1
:1076D0009FED1E1ABDEEC20AB5EEC02AF1EE10FAF9
:1076E00010EE100AB8BF013800EE100A0020B8EE04
:1076F000C00A32EE400A9FED162A20EE010ABDEEC6
:10770000C01A11EE101A30EE021AB0EB512F18BF4A
:10771000002102EE101A4EF6C00000FE010AC0F66B
:107720000300B8EE422A00EB810090ED011A30EE22
:10773000420AB7EE002A32EE402A20EE010A90ED0E
:10774000001A02EE010A704783F9223E000000444D
:10775000000000C40022B2EB910F0FD08A08524201
:1077600000F1100380ED000A80ED010A013280ED86
:10777000020A80ED030A1846F2D1184611F00301FF
:1077800008BF7047494200BF021D80ED000A013169
:107790001046F9D1704700002DE9F04F88B0B0F8DD
:1077A00002C00B889C4540F08880B0F800E0138848
:1077B0009E4540F08280B1F80290538899457CD173
:1077C0004FEA9C04476804FB09F049680CF0030584
:1077D000029101EB0010019000202CF00303A0EBBC
:1077E0009C0107EB830607914FEA89035168C5F1B5
:1077F000000A00919FED330ACDE9039CCDE9050E07
:107800000099CE4601EB8008DDE901BC002CB0EE0A
:10781000401AE146384627D0624607993846B0EE0E
:10782000401A00BF92ED002A90ED003A03EE021AD2
:107830001A4490ED014A92ED002A04EE021A1A440D
:1078400090ED025A92ED002A05EE021A1A4490EDCC
:10785000036A92ED002A06EE021A013100F11000CF
:107860001A44DFD1D946304655B1514690ED002A31
:1078700099ED003A02EE031A043001319944F5D132
:1078800008F1040088ED001ABEF1010E0CF1040CA1
:107890000BF1040B8046B9D1DDF80C900598DDF8AA
:1078A00010C04844DDF818E007EB8C07BEF1010E6C
:1078B00006EB8C06A2D1002000E0FD2040B208B00B
:1078C000BDE8F08F000000009FED381A20EE011A8D
:1078D0004EF6C00CC0F6030CB5EEC00ADFED352A3B
:1078E000B0EEC11AF1EE10FAB6EEC12A31EE421A2C
:1078F0009FED2F2A21EE021ABDEEC12A12EE102AA8
:1079000002F180036FF35F226FF35F2302EE102A10
:107910000CEB82020CEB8303B8EE422A93ED013AA2
:1079200031EE421A93ED002A33EE425A92ED014AAB
:1079300092ED006AB1EE447A75EE050A37EE467AAA
:1079400076EE061A72EE033A57EE220A34EE217AE8
:1079500072EE021A34EE464A27EE227A33EE213ACC
:10796000F0EE081A74EE044A24EE214A05EE217A5C
:1079700053EEA24A03EE624A01EE207A01EE244A57
:1079800021EE043A21EE074A02EE223A06EE624A5E
:1079900001EE036A01EE042AB1EE460A81ED002AE7
:1079A000B8BFB0EE406A80ED006A7047610B363BAD
:1079B00000000044DB0F493C9FED1F1A20EE010A36
:1079C0009FED1F2ABDEEC01AB5EEC00AF1EE10FA07
:1079D00011EE100AB8BF013801EE100A0020B8EE0F
:1079E000C11A30EE410A9FED151A20EE010ABDEED4
:1079F000C01A11EE101A30EE021AB0EB512F18BF58
:107A0000002102EE101A4EF6C00000FE010AC0F678
:107A10000300B8EE422A00EB810090ED011A30EE2F
:107A2000420AB7EE002A32EE402A20EE010A90ED1B
:107A3000001A02EE010A704783F9223E000000445A
:107A4000000000C4000000002DE9F04F8FB047F6A1
:107A5000C8610446C2F200410F6817B1F868A0423D
:107A60000CD04F6817B1F868A04207D08F6817B1E3
:107A7000F868A04202D00FB0BDE8F08F4021204648
:107A8000CFF706FB0028F6D00BA84FF0000A851DA3
:107A90000DF1040B0DF12C08E946002605E000BFAE
:107AA00040212046CFF7F4FA28B3402120465A4619
:107AB0002B46CFF7F9FAF0B90298019A00F140404D
:107AC0009DF81210B0FA80F00B9240098DF830004A
:107AD00001F00F008DF83100786CCDF800A000287F
:107AE000DED0002341464A4601F0E6FE0098012818
:107AF00008BF0646D4E7002EBDD04EF604504FF026
:107B00008051CEF200000160BFF34F8FBFF36F8F43
:107B10000FB0BDE8F08F000010B582B047F6C86422
:107B20000021C2F200440191206818B1806801A9C7
:107B300001F062FF606818B1806801A901F05CFF84
:107B4000A06818B1806801A901F056FF019850B1F2
:107B50004EF604504FF08051CEF200000160BFF3AA
:107B60004F8FBFF36F8F02B010BD00000000000008
:107B7000AEB001200090D0F70FFB6C4648F21F70AA
:107B8000029040F201100390204600250195D0F7A5
:107B9000D3FA04200426D0F70FFBD0F749FAD9F71F
:107BA000B7FF04F128009021C8F7F7FD4FF400401B
:107BB0000090052002906020039002200690CDE9FD
:107BC000040680200195CDE907054FF000501B9079
:107BD00020460995D2F728F818B1EFF3108072B655
:107BE000FEE7D5F7C5F8D4F763FFD4F7FDFFD5F767
:107BF00033F8D5F76DF8D5F7F3FAD5F7BDF9D5F722
:107C00007FF9D5F75DF9D5F7AFFBD5F76DFBD5F764
:107C1000A7FAD5F71DFAD5F75FFAD5F7D5F9D5F755
:107C200023FB4CF22400C2F20040D3F795FACCF7C4
:107C30009FFF00F019F8D5F787F800F02DF800BF86
:107C4000FEE7000000000000EFF3058100291CBFE3
:107C50006FF00500704720B180B500F0A1FF002053
:107C600080BD002070470000EFF3058000281CBF96
:107C70006FF00500704745F6B040C2F20040016861
:107C800000291CBF4FF0FF30704701210160002028
:107C90007047000000000000EFF3058000281CBFC3
:107CA0006FF00500704745F6B040C2F20040016831
:107CB00001290CD180B54EF61F510022CEF20001F1
:107CC0000A700221016001F0CFF9002080BD4FF061
:107CD000FF30704700000000F0B585B08C460023EF
:107CE0000493EFF30581D8B3D1BB22B39469002C80
:107CF00008BF1824382C33D81179C90730D15669F8
:107D00004FEA960E002ED2E90257734608BF802331
:107D1000116805B35C2F22D312690023002A18BF13
:107D2000002E1DD0CDE9004272466346029502F056
:107D30007FF905B0F0BD8023182400219AB2634674
:107D400004AFCDE9004702F043F90499002301286C
:107D500008BF0B4604E017B91269002AEED00023D1
:107D6000184605B0F0BD00002DE9F047044600F0CC
:107D70007FFD43F2E8304CF20077C2F20240C2F2DB
:107D8000004743F6803A4CF218760168C2F2024A84
:107D9000013101603968C2F2004651B1DAF80000E1
:107DA00000283ED13868E16AC06A884298BF3C60CA
:107DB00037E03C600068012833D10025701900F0DD
:107DC000FBFC1435B5F58C6FF8D143F6E428C2F20C
:107DD0000248404600F0F0FC43F6F829C2F202499E
:107DE000484600F0E9FC43F62C30C2F2024000F0B5
:107DF000E3FC43F6A030C2F2024000F0DDFC43F6A3
:107E00008C30C2F2024000F0D7FC4CF20870C2F293
:107E10000040C0F800804CF21070C2F20040C0F880
:107E2000009043F2F430C2F2024001680131016077
:107E3000616443F2F831C2F20241E06A0A6890429A
:107E400088BF086000EB8000211D06EB800000F079
:107E5000F3FC00F035FDDAF8000088B13868E16A1B
:107E6000C06A884228BFBDE8F0874EF604504FF044
:107E70008051CEF200000160BFF34F8FBFF36F8FD0
:107E8000BDE8F0870000000070B582B000F0F0FCA3
:107E900043F6B836C2F20246306850BB43F6B82407
:107EA000C2F20244204600F087FC43F6CC25C2F221
:107EB0000245284600F080FC4CF204704CF20C6243
:107EC000C2F200404CF2AC63C2F20042C2F2004384
:107ED00004604CF21470C2F20040102105600A20C8
:107EE0000025009501F02CFB306010B103A100F0DB
:107EF000C7FD02B0BDE8704000F0E2BC546D7251A5
:107F0000000000000000000043F2EC354CF2187A4B
:107F10004EF6045843F6A03743F2E836C2F2024563
:107F2000C2F2004ACEF200084FF08059C2F2024776
:107F3000C2F2024603E000BF204600F0D9FC2868E8
:107F4000C8B100F095FCF868C468201D00F0FCFB87
:107F500030680138306028680138286000F0B0FCD3
:107F600094F859000228EAD00128E5D070B9206BB6
:107F700000F0BEFCE0E7DAF800000228DFD3C8F822
:107F80000090BFF34F8FBFF36F8FD8E74FF05000D3
:107F900080F31188BFF36F8FBFF34F8FFEE70000B0
:107FA0002DE9F0470A9C16460F468246206B910049
:107FB000A5229846DDE90859C8F7C5FB206B002FBC
:107FC00000EB8600A0F1040020F0070642D03878CC
:107FD00084F83400D0B3787884F83500B0B3B8783A
:107FE00084F8360090B3F87884F8370070B33879A5
:107FF00084F8380050B3787984F8390030B3B87910
:1080000084F83A0010B3F87984F83B00F0B1387A7C
:1080100084F83C00D0B1787A84F83D00B0B1B87AE9
:1080200084F83E0090B1F87A84F83F0070B1387B54
:1080300084F8400050B1787B84F8410030B1B87BBF
:1080400084F8420010B1F87B84F84300002084F8E3
:10805000430002E0002084F83400372D04F10400CE
:1080600028BF37250027C4E91357E56200F0B0FBAD
:1080700004F1180000F0ACFBC5F13800A0613046F7
:108080005146424624616462676584F8587000F086
:1080900027FBB9F1000F206018BFC9F80040BDE808
:1080A000F08700000000000008480068006880F3C6
:1080B00008884FF0000080F3148862B661B6BFF301
:1080C0004F8FBFF36F8F00DF00BF000008ED00E0AF
:1080D0002DE9F04F85B0834601F0FEFF4CF2FC6ABB
:1080E000C2F2004ADAF80010884244D24CF2047519
:1080F0000090C2F200452868016800293DD043F68F
:10810000B8340DF10408C2F2024408E07060286837
:108110003946366100F060FB2868016869B3C068C1
:10812000C668D0F80090371D384600F00DFB316A64
:108130003046884796F828004007EDD5B069484496
:108140004845E3D8206868B100200396CDE90109CD
:1081500001F0AEFF206800220023414601F060FAE2
:108160000028D9D14FF0500080F31188BFF36F8FF2
:10817000BFF34F8FFEE7002108E04CF21471C2F20A
:1081800000410A680860012100982A60CBF80010BD
:10819000CAF8000005B0BDE8F08F00000000000044
:1081A00081B00020009040F26830C2F200400068C8
:1081B0004FF0500181F31188BFF36F8FBFF34F8FE2
:1081C000013003D0FEE700BF009838B9009828B905
:1081D0000098002804BF00980028F5D001B070472F
:1081E0008AB04CF2047B4CF2147943F6B835C2F2F3
:1081F000004B02ACC2F20049C2F202450DF1040A82
:10820000DBF8000007681FB1C068D0F8008001E00B
:108210004FF0000800F0ACFF2046FFF759FF02992D
:1082200011B102F0F5F866E0BFB1804515D84E46B1
:10823000009002F0EDF8DBF80000C068C76807F1B5
:108240000409484600F080FA97F82800410707D44F
:1082500000F0FA0087F8280043E0A7B1002218E0F8
:10826000B869009A00EB08017960914259463F6174
:1082700004D8A2EB0801814231461FD20868494662
:1082800000F0AAFA2DE0D9F800100968B1FA81F1DE
:108290004A092B68A8EB0001184600F05DFC02F0CB
:1082A000B7F840BB4EF604504FF08051CEF20000BC
:1082B0000160BFF34F8FBFF36F8F1CE02868002869
:1082C00000F0A98000200897CDE9060801F0F0FE33
:1082D00028680022002306A901F0A2F9002800F076
:1082E0009A80396A38468847B14604E0584600BF4C
:1082F000006800F071FA28680022214601F0D8FBDE
:1083000000283FF47DAF0298B0F1FF3F06DCDDE9C5
:1083100003200599904702980028ECD4049F7869BF
:1083200010B1381D00F010FA5046FFF7D1FE029947
:108330000929E0D8DFE801F00505054C39530505AA
:108340004C3997F82810039ABB693F6141F001014D
:1083500087F828109E183946864241F8046F05D9DF
:108360009042C3D29642584604D2C1E7801A98423E
:108370004846BDD3396A3846884797F828004007F1
:10838000B9D5286898B30398B969002206920844C1
:10839000CDE9070701F08CFE28680022002306A91A
:1083A00001F03EF90028A6D121E097F8281041F00D
:1083B0000102039987F82820B96111B30A183946D8
:1083C0008242484688BF584641F8042F3F618FE7F4
:1083D00097F8280000F0FE0087F828008BE797F850
:1083E00028008107F6D4384600F082FA83E74FF080
:1083F000500080F31188BFF36F8FBFF34F8F00BF22
:10840000FEE74FF0500080F31188BFF36F8FBFF38A
:108410004F8F00BFFEE74FF0500080F31188BFF38D
:108420006F8FBFF34F8F00BFFEE70000000000001A
:10843000F0B581B0044600F01BFA94F94560012EB6
:1084400010DB04F1240503E070B2013E012809DDD0
:10845000286838B1284601F093FF0028F4D000F0D6
:1084600007FDF1E7FF2684F8456000F029FA00F0E7
:10847000FFF994F94470012F10DB04F1100503E0BB
:1084800078B2013F012809DD286838B1284601F09B
:1084900077FF0028F4D000F0EBFCF1E784F84460AB
:1084A00001B0BDE8F04000F00BBA00000000000091
:1084B000F0B581B0044600F05BFE4CF20C7EC2F2D7
:1084C000004EDEF800302BB143F6E020C2F202404D
:1084D000007831E04DF270000023C2F20040420704
:1084E00000F5A83202F5796200F1070122F00702D7
:1084F00018BF21F0070043F68431A2F10807CEF837
:108500000070C2F20241C1E9000342E90233391AA4
:108510004160DEF80030036043F61430C2F20240DE
:10852000016043F60C30C2F20240016043F6E021E4
:10853000C2F2024101200870002C4FF000014FF000
:10854000000548BF012100F0AC80084040F0A98040
:1085500024F0070043F60C3C00F11005600708BF4B
:1085600004F10805C2F2024C691EDCF800008142E9
:108570003FD243F68432C2F2024210684468AC42F1
:1085800023D2016809B306464C68AC4213D20F6887
:108590008FB17C68AC4211D23A687AB15468AC426F
:1085A0000FD216686EB17468AC420DD23168304695
:1085B0000029E9D109E00846324606E038460A4675
:1085C00003E010463A4600E03046984211D0611B65
:1085D00013681129046814603FD3441962070AD054
:1085E0004FF0500080F31188BFF36F8FBFF34F8FB0
:1085F000FEE7002555E043F684326160C2F2024294
:10860000456000BF1168A1420AD20A68A2420AD29C
:108610001168A14204D20A680D46A242F2D303E0D7
:1086200015460A4600E00D466E68A919A142616828
:1086300002D131442C4669606618964201D0174633
:1086400007E0DEF80070BA4203D0D2E900721144AC
:108650006160A542276018BF2C6043F61432416860
:10866000C2F20242DCF800707F1ACCF80070166883
:1086700003F10805B74238BF176043F6E022C2F2A3
:1086800002421278002A4FF0000218BF41F0004168
:10869000C0E9002143F62030C2F2024001680131F6
:1086A000016001F0B5FE680709D04FF0500080F37B
:1086B0001188BFF36F8FBFF34F8F00BFFEE72846CF
:1086C00001B0F0BD000000004CF20070C2F20040AA
:1086D000016819B101680A6D01320A6500687047C6
:1086E00048F2A11321F0010140F8081C4FF08071FD
:1086F00040F8041CA0F14401C0F6030340F80C3C10
:108700006FF0020340E9093208467047017809B169
:10871000002070474178012903D08A0705D402223E
:108720004270481E18BF0120704780B54FF21610E6
:10873000C0F6030000F004F8012101704170704799
:10874000C9F718F8000000000169D0E90132D1F83A
:1087500004C09A608445536008BF4A6000220261E9
:1087600008680138086008687047000000000000D1
:1087700043F2FC53C2F20243036043F2FC30C2F204
:108780000240086080201060704700000000000078
:1087900043F65823C2F20243036043F25860C2F228
:1087A000024008604FF480701060704700000000C5
:1087B000704700000000000002464FF0FF3142F811
:1087C000081F00214260C0E90322016070470000D9
:1087D000002101617047000010B5D1F800C01CF104
:1087E000010213D000F1080462681368634511D8D0
:1087F00053681C68644510D85A68146864450ED8DC
:108800005468A64623686345EED90AE00269D2F8A7
:1088100004E006E09646224603E09E4601E09646C6
:108820001A46C1F804E0CEF808108A605160086169
:1088300001680131016010BDD0F800C043684B6091
:108840009A688A609960516008610CF101010160C9
:108850007047000000000000DFF80C00016841F4E0
:10886000700101607047000088ED00E0000000002A
:108870004FF0500080F31188BFF36F8FBFF34F8F1D
:1088800040F26830C2F200400168002901F10101A4
:10889000016000D070474EF60450CEF20000006830
:1088A000000608BF70474FF0500080F31188BFF3F7
:1088B0006F8FBFF34F8F00BFFEE700000000000086
:1088C00040F26830C2F20040016839B101390160FC
:1088D00018BF7047002080F3118870474FF0500098
:1088E00080F31188BFF36F8FBFF34F8FFEE7000057
:1088F000B0B5002808BFB0BD43F6E021C2F2024186
:108900000978002918BF4FF0004150F8042C11429B
:108910000DD0A0F1080423689BB14FF0500080F304
:108920001188BFF36F8FBFF34F8F00BFFEE74FF08B
:10893000500080F31188BFF36F8FBFF34F8F00BFDC
:10894000FEE722EA010140F8041C054600F010FC95
:1089500043F60C3155F8040CC2F202410A68024495
:108960000A6043F68431C2F2024100BF0B68A342A1
:108970000AD21968A1420AD20B68A34204D219682C
:108980001A46A142F2D303E00A46194600E01A460D
:108990005368D518A54202D11844144650602318D4
:1089A0008B4201D00B460AE04CF20C73C2F200433A
:1089B0001B68994203D0D1E900310844606043F656
:1089C0002430A242C2F20240236018BF1460016842
:1089D00001310160BDE8B04001F01ABD00000000A7
:1089E0004EF210000021CEF2000044F6D352C1F244
:1089F00062020160816040F23401C2F20041096804
:108A0000A1FB02124FF0FF3101EB921141600721EF
:108A10000160704700000000EFF30580102814D3B8
:108A20004EF2F03143F20002CEF20001C2F20242F5
:108A3000405C1178884208D24FF0500080F31188D2
:108A4000BFF36F8FBFF34F8FFEE74EF60C5043F22C
:108A50000401CEF20000C2F202410068096800F48D
:108A6000E060884298BF70474FF0500080F3118853
:108A7000BFF36F8FBFF34F8FFEE7000000000000D1
:108A800043F6403CC2F2024CDCF80030FBB16346D6
:108A900053F8082FE2B1634653F8102FC2B1634672
:108AA00053F8182FA2B1634653F8202F82B16346C2
:108AB00053F8282F62B1634653F8302F42B15CF867
:108AC000382F6346002A08BFC3E900107047634689
:108AD000C3E9001070470000E8B143F64031C2F22C
:108AE00002414A6882422BD0CA6882421DD04A693C
:108AF00082421CD0CA6982421BD04A6A82421AD082
:108B0000CA6A824219D04A6B824218D0CA6B82422A
:108B100019D1383114E04FF0500080F31188BFF3C1
:108B20006F8FBFF34F8F00BFFEE7083108E01031B1
:108B300006E0183104E0203102E0283100E0303155
:108B40000022C1E9002290F84610002918BF7047A2
:108B5000FFF7CEBE0000000070B515460E46044675
:108B6000FFF786FE94F84400FF2802D1002084F825
:108B7000440094F84500FF2802D1002084F8450005
:108B8000FFF79EFEA06B28B904F1240031462A4667
:108B900000F0C2F92046BDE87040FFF749BC000074
:108BA00070B5002845D043F2F031C2F202410A68A4
:108BB0004AB14FF0500080F31188BFF36F8FBFF3BD
:108BC0004F8F00BFFEE70A684CF2007501320A6061
:108BD00043F6B431C2F20045C2F2024106460C68C7
:108BE000296804310846FFF7AFFD2868A4194460DE
:108BF00009D34CF21070C2F20040006829680431B9
:108C0000FFF7EAFD10E04CF20870C2F20040006885
:108C100029680431FFF7E0FD43F61830C2F2024044
:108C200001688C4238BF046001F0F2FB002818BFD5
:108C300070BD4EF604504FF08051CEF2000001603E
:108C4000BFF34F8FBFF36F8F70BD000000000000B7
:108C500070B580B1C9B143F2F032C2F2024213687A
:108C6000EBB14FF0500080F31188BFF36F8FBFF36B
:108C70004F8F00BFFEE74FF0500080F31188BFF325
:108C80006F8FBFF34F8F00BFFEE74FF0500080F3B0
:108C90001188BFF36F8FBFF34F8F00BFFEE71368DC
:108CA0000133136043F6B433C2F202431A68056815
:108CB000AA42294402D2A94202D31CE0A94201D30C
:108CC000914218D94CF200740160C2F200441D6850
:108CD0008E1A20680430FFF737FD2068AD19456013
:108CE0000BD34CF21070C2F20040006821680431CE
:108CF000FFF772FD12E0016010E04CF20870C2F262
:108D00000040006821680431FFF766FD43F6183023
:108D1000C2F2024001688D4238BF056001F078FB65
:108D2000002818BF70BD4EF604504FF08051CEF2AF
:108D300000000160BFF34F8FBFF36F8F70BD000065
:108D400070B50446FFF794FD4CF20076002CC2F299
:108D5000004608BF3468251D2846FFF7F5FCA06AC9
:108D600018B104F11800FFF7EFFC43F2F430C2F23F
:108D700002400168013101603068844220D043F232
:108D8000E830C2F2024001680139016094F85900EC
:108D9000022809D0012804D000284ED1206BFFF70B
:108DA000A7FD2046FFF7A4FD4CF20870C2F2004078
:108DB0000168096899B10068C068C068406810E03F
:108DC00043F6A0302946C2F20240FFF735FD43F2D8
:108DD000EC30C2F2024001680131016006E04FF060
:108DE000FF3043F61831C2F202410860FFF768FD18
:108DF00043F68030C2F202400068E8B13068844235
:108E000018BF70BD43F2F030C2F20240006840B1BA
:108E10004FF0500080F31188BFF36F8FBFF34F8F77
:108E2000FEE74EF604504FF08051CEF20000016094
:108E3000BFF34F8FBFF36F8F70BD4FF0500080F3C3
:108E40001188BFF36F8FBFF34F8F00BFFEE70000A5
:108E500043F61C31C2F202410968016043F6B431A5
:108E6000C2F2024109684160704700000000000042
:108E700043F6C0300121C2F2024001607047000099
:108E800070B510B34CF200750C46C2F2004529686B
:108E90001831FFF7A1FC43F6B430C2F20240066875
:108EA00028680430FFF750FC601C18D02868A4190B
:108EB00044601ED34CF21070C2F200400068296872
:108EC0000431BDE87040FFF787BC4FF0500080F3DD
:108ED0001188BFF36F8FBFF34F8F00BFFEE7286885
:108EE000011D43F68C30C2F20240BDE87040FFF72E
:108EF000A3BC4CF20870C2F200400068296804313B
:108F0000FFF76AFC43F61830C2F2024001688C4257
:108F100038BF046070BD0000F0B581B020B34CF2E2
:108F200000760C46C2F20046154631681831FFF74C
:108F300083FC43F6B430002DC2F2024018BF4FF05C
:108F4000FF34076830680430FFF7FEFBADB1601CEA
:108F500013D13068011D43F68C30C2F2024001B0DB
:108F6000BDE8F040FFF768BC4FF0500080F3118877
:108F7000BFF36F8FBFF34F8FFEE73068E419446093
:108F80000BD34CF21070C2F200400068316804311B
:108F900001B0BDE8F040FFF71FBC4CF20870C2F210
:108FA0000040006831680431FFF716FC43F61830C2
:108FB000C2F2024001688C4238BF046001B0F0BDCB
:108FC00070B520B3026D1AB3C36C8B4288BF1946CB
:108FD000012A1CD1C26A8A4208BF70BD4CF20073DC
:108FE000C2F200431B6898421BD08369C162002B08
:108FF0004CF218755CBFC1F13801816102EB82014E
:10900000C2F20045426905EB81018A4213D070BD6E
:109010004FF0500080F31188BFF36F8FBFF34F8F75
:10902000FEE74FF0500080F31188BFF36F8FBFF35E
:109030004F8F00BFFEE7041D06462046FFF784FB66
:1090400043F2F831F06AC2F202410A68904288BFE6
:10905000086000EB8000214605EB8000BDE8704011
:10906000FFF7EABB0000000010B588B0002005A99A
:10907000CDE9050006A804AAFFF77AFB05980028A9
:1090800049D0069C002C50D0049A5C210791079986
:109090005C2954D107992063022084F8590007A85D
:1090A0000021CDE9001047F609702FA1C0F603009A
:1090B00000230294FEF774FF2046FEF755FE43F6A8
:1090C00010310798C2F20241086010B301F03CFA77
:1090D000411C3ED001281CD14FF0500080F3118874
:1090E000BFF36F8FBFF34F8F43F61830C2F20240C9
:1090F0004FF0FF31016043F68030C2F2024001219F
:10910000016043F6B430C2F202400021016000F079
:10911000BBF808B010BD4FF0500080F31188BFF3CA
:109120006F8FBFF34F8F00BFFEE74FF0500080F30B
:109130001188BFF36F8FBFF34F8F00BFFEE74FF073
:10914000500080F31188BFF36F8FBFF34F8F00BFC4
:10915000FEE74FF0500080F31188BFF36F8FBFF32D
:109160004F8F00BFFEE700BF49444C4500000000A0
:1091700043F2F030C2F202400168013101607047F1
:10918000B0B543F2F030C2F20240006830B143F6AD
:10919000C0300121C2F202400160B0BD43F6C030D0
:1091A0004CF20075C2F20240C2F20045002101609B
:1091B0002868006B0168B1F1A53F0BD14168B1F19E
:1091C000A53F07D18168B1F1A53F03D1C068B0F1D7
:1091D000A53F04D0286829683431FFF7E9FA43F243
:1091E000F83C4CF21872C2F2024CC2F20042DCF8B7
:1091F000001001EB810052F82030002B02EB8003BD
:109200000DD0586803F1080240685860904201D1BF
:1092100040685860C0682860CCF80010B0BD283B9A
:10922000C9B101EB81005C6902EB8000ECB9012956
:1092300011D01C68ECB902290DD053F8144CE4B9D4
:10924000032908D053F8280C04390028A3F150034F
:10925000E6D02833D5E74FF0500080F31188BFF3F4
:109260006F8FBFF34F8F00BFFEE7A0F114030139EA
:10927000C7E7A0F128030239C3E7A0F13C03033993
:10928000BFE7000000000000B0B584B04EF2004C13
:109290004CF27021CEF2000CC4F20F114B1CDCF822
:1092A00000299A4209D14FF0500080F31188BFF392
:1092B0006F8FBFF34F8F00BFFEE7DCF800298A42B3
:1092C00009D14FF0500080F31188BFF36F8FBFF3C7
:1092D0004F8F00BFFEE79CF8001043F2000202919E
:1092E000FF218CF80010C2F202429CF800108DF8A9
:1092F00007109DF8071001F05001117043F20401AE
:109300000722C2F202410A609DF90720B2F1FF3F35
:1093100069DC0322D31C0B609DF8070040008DF828
:1093200007009DF90700B0F1FF3F25DC931C0B609F
:109330009DF8070040008DF807009DF90700B0F187
:10934000FF3FDFBF531C0B609DF807004000DEBFEE
:109350008DF807009DF90700B0F1FF3F0CDC0A60B3
:10936000043A9DF8070040008DF807009DF90700BA
:10937000B0F1FF3FCEDD131D032B34D14FF440700D
:10938000086002988CF80000DCF8200940F47000B6
:10939000CCF82009DCF8200940F07040CCF8200916
:1093A000FFF71EFB40F268340025C2F2004425603E
:1093B000FFF752FA4EF63470CEF20000016841F029
:1093C00040410160FEF770FEFFF7DAFE039520686A
:1093D0004FF0500181F31188BFF36F8FBFF34F8FB0
:1093E00001300CD0FEE74FF0500080F31188BFF33E
:1093F0006F8FBFF34F8F00BFFEE7039838B9039814
:1094000028B90398002804BF03980028F5D000204D
:1094100004B0B0BD0000000080B54FF0500080F3F4
:109420001188BFF36F8FBFF34F8F00F05DFE30B137
:109430004EF604504FF08051CEF200000160002043
:1094400080F3118880BD000070B505465020FFF7FD
:109450002FF8044670B3002684F84660246001208B
:10946000C4E90F06FFF704FAD4E90F012268A663E6
:1094700001FB0023013800FB01206260C4E90230D7
:10948000FF2084F8440084F8450004F11000FFF741
:1094900093F904F12400FFF78FF9FFF711FA002187
:1094A00000220023204684F84C502660C4E902665E
:1094B00000F0B6F8204670BDB0B3F0B581B00546F7
:1094C000484314460E465030FEF7F2FF50B30146B3
:1094D0000027002E80F8467018BF5031C0E90F56A3
:1094E00001600546FFF7C4F9D5E90F012A68AF63AB
:1094F00001FB0023013800FB01206A60C5E902304E
:10950000FF2085F8440085F8450005F11000FFF7BD
:1095100053F905F12400FFF74FF9FFF7D1F9284679
:1095200085F84C4001B0F0BD4FF0500080F3118839
:10953000BFF36F8FBFF34F8FFEE700000000000006
:1095400070B582B058B1A3B1E9B9E2B14FF05000A3
:1095500080F31188BFF36F8FBFF34F8FFEE74FF09B
:10956000500080F31188BFF36F8FBFF34F8F00BFA0
:10957000FEE74FF0500080F31188BFF36F8FBFF309
:109580004F8F00BFFEE751B14AB94FF0500080F352
:109590001188BFF36F8FBFF34F8F00BFFEE75025D9
:1095A0000195019D502D2ED1019D0125002983F8A3
:1095B000465008BF1A46069E1C461A60C3E90F01B2
:1095C000FFF756F9D4E90F012268002501FB0023BB
:1095D000013800FB0120A5636260C4E90230FF206E
:1095E00084F8440084F8450004F11000FFF7E4F823
:1095F00004F12400FFF7E0F8FFF762F984F84C600B
:10960000204602B070BD4FF0500080F31188BFF3C8
:109610006F8FBFF34F8F00BFFEE700000000000018
:109620002DE9F04F83B00292B8B104461D46F1B166
:10963000022D02D1E06B012855D116460F4600F0ED
:1096400037FD00BBFEB14FF0500080F31188BFF32F
:109650006F8FBFF34F8F00BFFEE74FF0500080F3D6
:109660001188BFF36F8FBFF34F8F00BFFEE7206CF1
:109670000028DDD04FF0500080F31188BFF36F8FCA
:10968000BFF34F8FFEE7FFF7F3F8022DA06B60D01A
:10969000E16B88425DD30298002800F0078168469C
:1096A000FFF7D6FBFFF70CF9FFF762FDFFF7E0F8D5
:1096B00094F84400FF2802D1002084F8440094F874
:1096C0004500FF2802D1002084F84500FFF7F8F894
:1096D000684602A900F034FC78B12046FEF7A8FEE7
:1096E00000F096FEE4E04FF0500080F31188BFF3E5
:1096F0006F8FBFF34F8F00BFFEE704F11008FFF735
:10970000B7F8D4F83890E66BFFF7DAF8B14515D121
:1097100002994046FFF7B4FB2046FEF789FE00F0B1
:1097200077FE80B94EF604504FF08051CEF2000023
:109730000160BFF34F8FBFF36F8F04E02046FEF749
:1097400077FE00F065FEFFF793F8A06BE16B8842AF
:109750005CD2A66B226CD2B139461DB3E068C6F765
:1097600073FFE168206C2268091A9142E16003D21C
:109770004042A1680844E060A81E3146B0FA80F07B
:10978000002E18BF012140090840361A16E0206853
:10979000A0B9A06800F060FDB0FA80F00021A160DF
:1097A00040090CE06068C6F74FFFD4E90101226C64
:1097B00010446060884201D3206860600120711C01
:1097C000A16354F8241F79B1204600F0D9FDB8B147
:1097D0004EF604504FF08051CEF200000160BFF30E
:1097E0004F8FBFF36F8F0BE050B94EF604504FF020
:1097F0008051CEF200000160BFF34F8FBFF36F8F37
:10980000FFF75EF8012003B0BDE8F08FE94602AE35
:109810000BE02046FEF70CFE00F0FAFDFFF728F8FB
:10982000A06BE16B8842FFF494AF029800283DD012
:10983000FFF746F8FFF79CFCFFF71AF894F844008E
:10984000FF2802D1002084F8440094F84500FF2846
:1098500002D1002084F84500FFF732F8484631462F
:1098600000F06EFB00287FF438AFFFF701F8D4F862
:1098700038A0D4F83CB0FFF723F8DA45C9D10299F3
:109880004046FFF7FDFA2046FEF7D2FD00F0C0FD8E
:109890000028C3D14EF604504FF08051CEF20000A4
:1098A0000160BFF34F8FBFF36F8FB7E7FFF708F883
:1098B000002003B0BDE8F08F2DE9F04700B3044667
:1098C0001D4631B3022D02D1E06B01284ED10E4668
:1098D0009046FFF7A1F8EFF3118A4FF0500080F3A4
:1098E0001188BFF36F8FBFF34F8F022DA06B1CD079
:1098F000E16B884219D300208AF31188BDE8F08714
:109900004FF0500080F31188BFF36F8FBFF34F8F7C
:10991000FEE7206C0028D5D04FF0500080F311886E
:10992000BFF36F8FBFF34F8FFEE794F84590A06BA6
:10993000A76B226C1AB331464DB3E068C6F784FEBC
:10994000E168206C2268091A9142E16003D240422A
:10995000A1680844E060A81E3946B0FA80F0002FE4
:1099600018BF0121400908403F1A1CE04FF0500089
:1099700080F31188BFF36F8FBFF34F8FFEE720682E
:1099800088B9A06800F068FC0020A0600BE0606867
:10999000C6F75AFED4E90101226C10446060884287
:1099A00001D320686060B9F1FF0F07F10100A063E7
:1099B00010D154F8240F88B1204600F0E1FC014694
:1099C0000120B8F1000F18BF00290CD18AF31188CB
:1099D000BDE8F08709F1010084F8450001208AF311
:1099E0001188BDE8F087C8F800008AF31188BDE847
:1099F000F08700000000000058B1026C9AB14FF0EF
:109A0000500080F31188BFF36F8FBFF34F8F00BFFB
:109A1000FEE74FF0500080F31188BFF36F8FBFF364
:109A20004F8F00BFFEE7026862B3B0B50D46044633
:109A3000FEF7F2FF2046EFF311844FF0500181F35F
:109A40001188BFF36F8FBFF34F8F816BC26B914251
:109A500014D290F8452001318163FF2A1FD150F8BC
:109A6000241FF9B100F08CFC01460120002D18BF25
:109A7000002918D0286084F31188B0BD002084F339
:109A80001188B0BD8268002ACFD04FF0500080F31B
:109A90001188BFF36F8FBFF34F8F00BFFEE7511CDC
:109AA00080F84510012084F31188B0BD000000004B
:109AB0002DE9F04F83B0029288B104461546002983
:109AC00047D00E4600F0F4FA98B995B14FF0500027
:109AD00080F31188BFF36F8FBFF34F8FFEE74FF016
:109AE000500080F31188BFF36F8FBFF34F8F00BF1B
:109AF000FEE7FEF7BDFED4F838A0BAF1000F34D06F
:109B0000226C52B1D4E90231114430469942E160ED
:109B100001D32168E160C6F797FDAAF10100A063B7
:109B200054F8100F70B1204600F02AFC50B14EF6E8
:109B300004504FF08051CEF200000160BFF34F8F10
:109B4000BFF36F8F0124FEF7BBFE204603B0BDE8D4
:109B5000F08F206C0028B4D04FF0500080F31188B3
:109B6000BFF36F8FBFF34F8FFEE70298002800F01E
:109B7000AF806846FFF76CF9FEF7A2FEFFF7F8FA30
:109B8000FEF776FE94F84400FF2802D1002084F806
:109B9000440094F8450004F12408FF2802D1002075
:109BA00084F84500FEF78CFE684602A900F0C8F96B
:109BB00060B12046FEF73CFC00F02AFCFEF758FEA0
:109BC000A56BFEF77DFE15BB0024BEE7FEF750FE39
:109BD000A56BFEF775FE2DB12046FEF729FC00F0BF
:109BE00017FC14E002994046FFF74AF92046FEF7B9
:109BF0001FFC00F00DFC50B94EF604504FF08051A0
:109C0000CEF200000160BFF34F8FBFF36F8FFEF7FE
:109C10002FFED4F838A0BAF1000F7FF471AF4FF0E7
:109C20000009EB4602AF13E02046FEF701FC00F00E
:109C3000EFFBFEF71DFEA56BFEF742FE002DC3D025
:109C4000FEF716FED4F838A0BAF1000F7FF458AF33
:109C5000029800283CD0FEF733FEFFF789FAFEF7A2
:109C600007FE94F84400FF2808BF84F8449094F855
:109C70004500FF2808BF84F84590FEF721FE5846AE
:109C8000394600F05DF90028CED1FEF7F1FDA56B55
:109C9000FEF716FE2DB12046FEF7CAFB00F0B8FB1A
:109CA000CEE702994046FFF7EBF82046FEF7C0FBEF
:109CB00000F0AEFB0028C3D14EF604504FF08051A7
:109CC000CEF200000160BFF34F8FBFF36F8FB7E795
:109CD000002438E7000000002DE9F04F83B0029126
:109CE00058B10446006C90B14FF0500080F31188D9
:109CF000BFF36F8FBFF34F8FFEE74FF0500080F33D
:109D00001188BFF36F8FBFF34F8F00BFFEE70D4683
:109D100000F0CEF948B945B14FF0500080F31188FA
:109D2000BFF36F8FBFF34F8FFEE7FEF7A1FDA06B70
:109D3000F8B10138A063206810B9FEF7C5FCA06037
:109D400054F8100F70B1204600F01AFB50B14EF6D7
:109D500004504FF08051CEF200000160BFF34F8FEE
:109D6000BFF36F8F0126FEF7ABFD304603B0BDE8B1
:109D7000F08F0298002800F0E1806846FFF768F84D
:109D8000FEF79EFDFFF7F4F9FEF772FD94F844002C
:109D9000FF2802D1002084F8440094F8450004F123
:109DA0002408FF2802D1002084F84500FEF788FD32
:109DB000684602A900F0C4F868B12046FEF738FBF7
:109DC00000F026FBFEF754FDA56BFEF779FD4FF082
:109DD000000675BBC9E7FEF74BFDA56BFEF770FDEE
:109DE00035B12046FEF724FB00F012FB002620E0F0
:109DF000206808B1002607E0FEF73AFDA06800F0F1
:109E000077FA0646FEF75CFD02994046FFF738F800
:109E10002046FEF70DFB00F0FBFA50B94EF6045059
:109E20004FF08051CEF200000160BFF34F8FBFF3BF
:109E30006F8FFEF71DFDA06B00287FF47AAF4FF007
:109E40000009EB4602AD11E02046FEF7F1FA00F002
:109E5000DFFAFEF70DFDA76BFEF732FD002F5CD099
:109E6000FEF706FDA06B00287FF463AF0298002880
:109E700049D0FEF725FDFFF77BF9FEF7F9FC94F8D2
:109E80004400FF2808BF84F8449094F84500FF2858
:109E900008BF84F84590FEF713FD5846294600F0A8
:109EA0004FF80028D0D1FEF7E3FCD4F838A0FEF735
:109EB00007FDBAF1000F05D02046FEF7B9FA00F011
:109EC000A7FACDE7206838B9FEF7D2FCA06800F009
:109ED0000FFA0646FEF7F4FC02994046FEF7D0FF63
:109EE0002046FEF7A5FA00F093FA0028B8D14EF606
:109EF00004504FF08051CEF200000160BFF34F8F4D
:109F0000BFF36F8FACE7CEB14FF0500080F31188F4
:109F1000BFF36F8FBFF34F8FFEE74EB1FEF7A8FC84
:109F2000D8F8000030B1206B0068C0F1380102E0C1
:109F300000261AE70021A068FFF742F8002612E782
:109F400070B538B30C4671B30546FEF791FC43F685
:109F5000B43EC2F2024EDEF800302268501C2CD013
:109F600043F61C3C2946C2F2024CD5E90050DCF80D
:109F70000060AE4201D0834223D2181A82421ED919
:109F8000101A2060DCF800000860DEF8000048606D
:109F9000002417E04FF0500080F31188BFF36F8F5B
:109FA000BFF34F8FFEE74FF0500080F31188BFF3EF
:109FB0006F8FBFF34F8F00BFFEE7002402E0002049
:109FC00020600124FEF77CFC204670BD00000000EC
:109FD0002DE9F04184B007469000984615460E469C
:109FE000FEF766FAF0B104465C20FEF761FAB0B104
:109FF000DDE90A210463002380F859300446CDE9E5
:10A0000000210290384631462A464346FDF7C8FFF4
:10A010002046FDF7A9FE012004B0BDE8F0812046EE
:10A02000FEF766FC4FF0FF3004B0BDE8F0810000A1
:10A0300070B586B00B9CD4B10C9E16B35C2504950C
:10A04000049D5C2D27D1DDF828C0049D34630225D2
:10A0500086F85950CDF800C005ADCDE90156FDF7A1
:10A060009FFF3046FDF780FE059806B070BD4FF0AB
:10A07000500080F31188BFF36F8FBFF34F8F00BF85
:10A08000FEE74FF0500080F31188BFF36F8FBFF3EE
:10A090004F8F00BFFEE74FF0500080F31188BFF3F1
:10A0A0006F8FBFF34F8F00BFFEE70000000000007E
:10A0B00043F68030C2F20240006848B143F2F0300B
:10A0C000C2F202400068B0FA80F0400940007047D8
:10A0D000012070470000000043F6B430C2F2024095
:10A0E00000687047000000002DE9F04F81B043F296
:10A0F000F030C2F20240006840B143F6283000243C
:10A10000C2F20240016801310160A0E043F6B430C0
:10A11000C2F2024001684E1C06602ED34CF2087059
:10A12000C2F200400168096849B14FF0500080F365
:10A130001188BFF36F8FBFF34F8F00BFFEE74CF264
:10A1400010720168C2F2004213680360116043F6A6
:10A150001C31C2F202410A6801320A6001680968D2
:10A1600021B10068C068C068406801E04FF0FF306E
:10A1700043F61831C2F20241086043F618314CF23E
:10A18000007AC2F202414CF21878C2F2004AC2F2DE
:10A1900000480868864201D2002446E04CF2087765
:10A1A0000024C2F2004738680068A0B343F2F83BCD
:10A1B000C2F2024B1AE000BFD9F82C00DBF8001005
:10A1C0008842294688BFCBF8000000EB800008EBEE
:10A1D0008000FEF731FBD9F82C00DAF80010C96ACC
:10A1E0003A68884228BF01241068B8B13868C0684E
:10A1F000D0F80C904D4655F8040F864210D32846EF
:10A20000FEF7A2FAD9F828000028D5D009F11800E5
:10A21000FEF79AFAD0E74FF0FF3005E04FF0FF303D
:10A2200043F61831C2F202410860DAF80000C06A51
:10A2300000EB800058F82000012843F6C030C2F23D
:10A24000024088BF01240068002818BF012420466E
:10A2500001B0BDE8F08F000078B14CF20071C2F29D
:10A260000041096888420AD04FF0500080F31188FD
:10A27000BFF36F8FBFF34F8FFEE700207047016D74
:10A2800059B3013901654FF0000124D1C26AC36C92
:10A290009A4220D0B0B5041D05462046FEF754FA78
:10A2A000E86CE862C0F13801A96143F2F831C2F20A
:10A2B00002410A68904288BF086000EB80004CF2BF
:10A2C0001871C2F2004101EB80002146FEF7B4FA9A
:10A2D0000121BDE8B040084670474FF0500080F3C0
:10A2E0001188BFF36F8FBFF34F8F00BFFEE70000F1
:10A2F00008B3F0B581B04CF20075C16AC2F20045F6
:10A300002A68D26A914218D28269002A04D42A6843
:10A31000D26AC2F13802826101EB81014CF21876F7
:10A32000C2F20046426906EB81018A420ED02968DA
:10A33000C96AC16221E000207047C16C2868C26A06
:10A340000020914238BF012001B0F0BD041D074636
:10A350002046FEF7F9F9286843F2F831C2F20241CB
:10A36000C06AF8620A68904288BF086000EB80000B
:10A37000214606EB8000FEF75FFA012001B0F0BD38
:10A38000B0B5C068C5687DB105F118042046FEF778
:10A39000DBF943F2F030C2F20240006868B143F6E4
:10A3A0002C30C2F202401DE04FF0500080F31188C3
:10A3B000BFF36F8FBFF34F8FFEE72C1D2046FEF7D4
:10A3C000C3F943F2F831E86AC2F202410A689042E6
:10A3D00088BF086000EB80004CF21871C2F20041A7
:10A3E00001EB80002146FEF727FA4CF20070E96A83
:10A3F000C2F200400068C06A814206D943F6C0310B
:10A400000120C2F202410860B0BD0020B0BD0000D2
:10A410002DE9F04F81B043F2F034C2F202442068DB
:10A4200068B1FEF725FA206801382060206880B105
:10A430000024FEF745FA204601B0BDE8F08F4FF04A
:10A44000500080F31188BFF36F8FBFF34F8F00BFB1
:10A45000FEE743F2E830C2F2024000680028E7D08D
:10A4600043F62C3643F6C038C2F20246C2F2024826
:10A470003068002842D043F2F8374CF218794CF299
:10A48000007BC2F20247C2F20049C2F2004B4FF019
:10A49000010A00BFF068C56805F11800FEF754F91D
:10A4A0002C1D2046FEF750F9E86A3968884221469B
:10A4B00088BF386000EB800009EB8000FEF7BCF934
:10A4C000E86ADBF80010C96A884228BFC8F800A013
:10A4D00030680028DED14CF20870C2F200400168FA
:10A4E000096821B10068C068C068406801E04FF0A9
:10A4F000FF3043F61831C2F20241086043F62834B7
:10A50000C2F2024425685DB1012600BFFFF7ECFDF1
:10A51000002818BFC8F80060013DF7D10020206076
:10A52000D8F8000000283FF483AF4EF604504FF0F7
:10A530008051CEF2000001240160BFF34F8FBFF3C2
:10A540006F8F76E70000000080B586B0FDF79CFCB9
:10A5500043F6B830C2F20240006808B3002004A9F4
:10A56000CDE9040005A803AAFEF712F9DDE90320EE
:10A5700002210023CDE9001048F2E1100DA1C0F640
:10A580000300DDF814C0CDF808C0FFF751FD43F615
:10A59000BC31C2F20241086010B1012006B080BD9A
:10A5A0004FF0500080F31188BFF36F8FBFF34F8FD0
:10A5B000FEE700BF546D7220537663005FEA400CE3
:10A5C00008BF91F0000F4FEA8C234FEAC12243EA03
:10A5D00051514FEA1C5018BF00F5F0404FEA3000CF
:10A5E00018BF41F000415FEA6C5C00F02980BCF1CB
:10A5F000FF3F08BF40F080407047130C06BF1204B5
:10A600004FF0100C4FF0000C130E04BF12020CF1AF
:10A61000080C130F04BF12010CF1040C930F04BFBC
:10A6200092000CF1020CD30F04BF52000CF1010C8C
:10A6300011464FF00002A0F11F00A0EB0C00704784
:10A6400011F0004F08BF704731F000413FF4D5AF23
:10A650000B0C06BF09044FF0100C4FF0000C0B0E52
:10A6600004BF09020CF1080C0B0F04BF09010CF127
:10A67000040C8B0F04BF89000CF1020CCB0F04BF3C
:10A6800049000CF1010CCCF1200322FA03F341EA5A
:10A69000030102FA0CF2A0EB0C0000F1010070477C
:10A6A00023F07F4720F07F4C80EA030000F0004059
:10A6B000ACEB070303F57C5303F1FF032DE980495D
:10A6C00009B44FEA144324EA03484FEA154B25EA3C
:10A6D0000B4E0FF2042606EB13273E7803FB0667AA
:10A6E000C7F5000707FB06F64FEAD64606F1020655
:10A6F0004FEA543707FB066CCCF1005C4FEA1C476D
:10A700002CEA074C0CFB06F507FB06F404EB154698
:10A710004FEA961649085FEA320234BF00204FF034
:10A7200000404FEAD13706FB07FC4FEA1C4C0CFBFC
:10A730000BF7D21B03FB0CF761EB07010CFB0EF7C9
:10A74000B0EB074072EB17420CFB08F734BFA2EBEB
:10A750000742B2EB074261EB17414FEA0C444FEA64
:10A76000910706FB07FC4FEA1C4C0CFB0BF7B0EB08
:10A77000C74072EB573203FB0CF734BFA2EBC74262
:10A78000B2EBC74261EB57310CFB0EF7B0EBC700E1
:10A7900072EB57720CFB08F734BFA2EBC702B2EBA7
:10A7A000C70261EB57714FEA816141EA92114FEAAA
:10A7B000826242EA90124FEA806004EBCC04039F6D
:10A7C0004FEAD13706FB07FC4FEA1C4C0CFB0BF79A
:10A7D000D21B03FB0CF761EB07010CFB0EF7B0EB90
:10A7E000074072EB17420CFB08F734BFA2EB07429D
:10A7F000B2EB074261EB17414FEA8C5504EB9C2406
:10A800004FEA910706FB07FC4FEA1C4C0CFB0BF7C9
:10A81000B0EBC74072EB573203FB0CF734BFA2EB2F
:10A82000C742B2EBC74261EB57310CFB0EF7B0EBFE
:10A83000C70072EB57720CFB08F734BFA2EBC702DC
:10A84000B2EBC70261EB57714FEA816141EA9211A5
:10A850004FEA826242EA90124FEA806015EB4C2583
:10A8600044F100044FEAD13706FB07FC4FEA1C4CC9
:10A870000CFB0BF7D21B03FB0CF761EB07010CFB86
:10A880000EF7B0EB074072EB17420CFB08F734BF32
:10A89000A2EB0742B2EB074261EB17414FEA81316D
:10A8A00041EA92414FEA823242EA90424FEA8030D6
:10A8B0004FEA0C7615EB1C1544F1000448EA0343FB
:10A8C0004EEA0B484FF0000EB2EB080C71EB030799
:10A8D00024BF624639464EEB0E0E4FF0000B0018B7
:10A8E000524149414BEB0B0BB2EB080C71EB0307E8
:10A8F0007BF1000B24BF624639464EEB0E0E4FF043
:10A90000000B0018524149414BEB0B0BB2EB080C0A
:10A9100071EB03077BF1000B24BF624639464EEB17
:10A920000E0E51EA020718BF46F0010616EB0E762E
:10A9300055F1000254F1000103D5BDE88901BDE8DD
:10A940000088BDE88901BDE80048B619524141EBD5
:10A950000101A3F10103704780807F7E7D7C7B7ABB
:10A960007978777676757473727171706F6E6E6DBB
:10A970006C6C6B6A6A696868676666656464636361
:10A9800062616160605F5F5E5E5D5D5C5C5B5B5AE7
:10A990005A59595858575756565555555454535354
:10A9A00052525251515050504F4F4F4E4E4D4D4DAF
:10A9B0004C4C4C4B4B4B4A4A4A49494948484847FA
:10A9C0004747474646464545454444444443434338
:10A9D000434242424241414110B546EA06464FEAEF
:10A9E000164646EA42564FEAD22242EA41524FEA1E
:10A9F000D121A3F57053A3F1010300F02FF820F04B
:10AA0000004000F0004700F1020CBCF5006F01EBC4
:10AA10000050114640EA070000D210BDBAF1000F05
:10AA20000AD01CB503B44FF004004FF004014FF0FE
:10AA300000000FBCBDE810404FF00001BBF1010F5A
:10AA4000B9BF04484FF0FF310348002140EA070036
:10AA500010BD00BFFFFFEF7F0000F07F9C46002B82
:10AA600030D477002BD04FEA37071CB503B44FF032
:10AA700010004FF01001BAF1000F06D0BCF1000F2A
:10AA8000DCBF40F0080040F008014FF000000FBCB0
:10AA9000BDE810400BF1010BBBF1010F08BF5FEAED
:10AAA000170722BF12F1010211F101014FF000411D
:10AAB00043F1000300F0004043EA00007047F9D37F
:10AAC0005708D0E746EA06464FEA164613F1400F0C
:10AAD0001FDD13F1200FDFBF16430A46002120338C
:10AAE0005B42BED0C3F1200746EA06464FEA16464F
:10AAF00002FA07F746EA070622FA03F2C3F1200733
:10AB000001FA07F742EA070221FA03F14FF00003C6
:10AB1000A7E746EA020646EA06464FEA164646EA2E
:10AB20000106BCBF46EA0646360C4FF000034FF064
:10AB300000024FF0000194E72DE9804C70B49A4672
:10AB4000934691E8380007C831EA400C48BF34EA20
:10AB5000430C03D5FFF7A4FDFFF780FFF0BCBDE871
:10AB6000008C2DE9804C70B49A46934691E83800E9
:10AB700007C831EA400C48BF34EA430C03D5FFF75D
:10AB80008FFDFFF729FFF0BCBDE8008C2DE9804C5C
:10AB900070B49A46934691E8380007C810F0804F89
:10ABA00008BF13F0804F03D100F01AF8FFF756FFEB
:10ABB000F0BCBDE8008C2DE9804C70B49A469346F9
:10ABC00091E8380007C810F0804F08BF13F0804F9D
:10ABD00003D100F005F8FFF7FFFEF0BCBDE8008CE4
:10ABE00020F07F4723F07F4C80EA030000F0004014
:10ABF00007EB0C03A3F57C53A3F1FE0392F0000FC7
:10AC000000F0B38095F0000F00F077802DE9014946
:10AC10004FEA114021EA00484FEA144624EA064769
:10AC200000FB06FC08FB06F607FB08F818EB0648D5
:10AC30004CEB164C00FB07F718EB07484CEB1740A2
:10AC40004FEA124B22EA0B4E4FEA154625EA064719
:10AC50000BFB06FC0EFB06F607FB0EFE1EEB064E7C
:10AC60004CEB164C0BFB07F71EEB074E4CEB174B50
:10AC700018EB0B0840F1000018EB0E0B58EB000826
:10AC800040F100008F1A4FF000014FF000063CBF6A
:10AC9000C943661B14BFB5EB040C00213CBFC9437C
:10ACA000F61B4FEA174427EA04454FEA1C472CEAF3
:10ACB000074C04FB076205FB07F70CFB05F616EBD8
:10ACC000074642EB174204FB0CFC16EB0C4642EB2A
:10ACD0001C421BEB060658EB020241414EEA8E0E67
:10ACE00046EA9E0601D5BDE80189B619524141EBFD
:10ACF0000101A3F10103BDE801894FEA144524EAEB
:10AD000005464FEA114721EA074C05FB07F406FB0D
:10AD100007F70CFB06F111EB074144EB174405FB69
:10AD20000CFC11EB0C4144EB1C444FEA124722EAA5
:10AD3000074C05FB07F206FB07F70CFB06F616EBC4
:10AD4000074642EB174205FB0CFC16EB0C4642EBA8
:10AD50001C456A1854F1000148BF7047B6195241AA
:10AD600041EB0101A3F10103704795F0000F37D0CB
:10AD70004FEA114221EA02464FEA144724EA074CFF
:10AD800002FB07F106FB07F70CFB06F414EB074484
:10AD900041EB174102FB0CFC14EB0C4441EB1C4152
:10ADA0004FEA154725EA074C02FB07F506FB07F7B4
:10ADB0000CFB06F616EB074645EB174502FB0CFCB1
:10ADC00016EB0C4645EB1C42121951F1000148BF2D
:10ADD0007047B619524141EB0101A3F101037047DD
:10ADE0004FEA144524EA05464FEA114721EA074C89
:10ADF00005FB07F106FB07F70CFB06F212EB074217
:10AE000041EB174105FB0CFC12EB0C4251EB1C41D2
:10AE10004FF0000648BF7047921841EB0101A3F1C3
:10AE20000103704780B5D6F781FF00B180BDFCF704
:10AE3000CFF9FFF7F7BF80B5D6F7F2FF00B180BDBD
:10AE4000FCF7C6F9FFF7F7BF03B40198410000987B
:10AE500050EAC12018BF04204A0D18BF40F001007D
:10AE600040F2FF72B2EB515F08BF40F002000128D0
:10AE700008BF052002B070474100080218BF042037
:10AE80000A0E18BF40F001004FF07F4232EA010184
:10AE900008BF40F00200012808BF052070470000ED
:10AEA00030B52DED048B81B0B0EE409B6A4651EC7D
:10AEB000190B01F015F800987E30B7EEC98B0090A1
:10AEC000002819DCB5EEC09BF1EE10FA14D0002179
:10AED00040F608004FF0000040F60801014040F63F
:10AEE00008004FF00000B5EEC08AF1EE10FA04BF82
:10AEF0000220C5F746FD2AE0FF2828DB002108468E
:10AF00004FF0000000F44005B5EEC09BF1EE10FAE2
:10AF1000B4BF002401240220C5F733FD9FED0F8A42
:10AF20004DB1002C0CBF4FF400004FF48000A8423C
:10AF300018BF9FED0B8A042108464FF00000002C3B
:10AF400001BFB1EE480A01B0BDEC048B30BDB0EEDC
:10AF5000480A01B0BDEC048B30BD00000000807FCA
:10AF6000FFFF7F7F70B54FF068422DED048BF0EE50
:10AF7000408A18EE900AB0EE608A18EE101A02EBC2
:10AF80004003B3F1654F3CBF02EB4102B2F1654FA4
:10AF90007DD200BFC0F3C753C1F3C7529A1A1B2A10
:10AFA00009DD10F0004F14BF9FED830A9FED830A67
:10AFB000BDEC048B70BD12F11A0F36DA11F0004FA0
:10AFC00009D010F0004F0CBF9FED7D0A9FED7D0A68
:10AFD000BDEC048B70BD88EE889A19EE100AFFF75D
:10AFE0004BFF042808BF00F047FE18EE900AFFF759
:10AFF00043FF054618EE100AFFF73EFF044619EE20
:10B00000100AFFF739FF042D18BF052D08D1042CB5
:10B0100018BF052C04D1002804BF0220C5F7B1FCDD
:10B02000B0EE490ABDEC048B70BD4200B2EB410F9B
:10B030003AD910F0004F19BFDFED630A9FED630AA4
:10B04000DFED630A9FED630AB0EE481A0A46B1EEDF
:10B05000688A80F00041F0EE418A10460A1A5200D8
:10B06000B2F1807F34D2484010F0004FDFED5A1A21
:10B070009FED5A2A1DBFBEEE001A70EEE10A30EEB7
:10B08000420AB6EE001A08BF70EEA10A00E040E0E6
:10B0900008BF30EE020AB0EE682A01EE482A08EE38
:10B0A000818AC2EE081A15E011F0004F04BF9FED2F
:10B0B0004C0AF0EE400AD1D010F0004F19BFDFED7E
:10B0C000490A9FED490ADFED490A9FED490AC5E7A4
:10B0D000C8EE881A21EEA11A9FED462ADFED462A16
:10B0E00041EE022A9FED452A01EE222ADFED442A95
:10B0F00041EE022A9FED432ABDEC048B01EE222A89
:10B1000021EE811A01EE020A30EE210A30EE200A09
:10B1100070BD4FF07F42B2EB400F28BFB2EB410F42
:10B1200009D2F0EE480AB0EE680ABDEC048BBDE827
:10B13000704000F08EBD40EA01035B0008BF41F0A3
:10B14000FF410BD0B2EB400F08BFB2EB410F08D16B
:10B1500020F0804008EE900A21F0804108EE101A9D
:10B1600018E7B2EB400F12BF5FEA410340F0FF4027
:10B1700001F000413FF40EAFB2EB410F12BF5FEAA6
:10B18000400200F0004041F0FF413FF403AF4A00AD
:10B1900092EA40033FF5FEAE002AACBF9FED1A0ACB
:10B1A0009FED1A0A68EE808A28EE008A18EE900A4F
:10B1B00018EE101AEEE60000DB0FC9BFDB0FC93F27
:10B1C000DB0F4940DB0F49C00000C9BF22AAFDB90F
:10B1D0000000C93F22AAFD390060ED3EC30ACE3708
:10B1E00000000000000049C022AA7DBA00004940CA
:10B1F00022AA7D3A2DAD65BD8FB8D53D0FB511BEE4
:10B2000061C84C3EA8AAAABE0000804F0000802F53
:10B2100010EE101A08B5444A6846B2EB410F28D91F
:10B220004FF0E640B0EB410F94BF00204FF0FF30ED
:10B2300000900098002861DB60EE000A10F0010F1A
:10B2400045D010F0020FDFED391A9FED391A00EEEC
:10B25000A11ADFED381A40EE811A21EEA01AF0EEA5
:10B26000400A40EE010A08BFF1EE600AB0EE600A43
:10B2700008BD314B21F0004293423CD911F0004F00
:10B28000DFED2E0A20EE201ADFED2D0A19BF31EE78
:10B29000601A71EE200A31EE201A71EE600ABDEEDE
:10B2A000E01A11EE100A9FED271A00F0030000EEDD
:10B2B000C10A9FED251A009000EEC10A9FED231AE6
:10B2C00000EEC10A9FED221A00EEC10AB1E79FED20
:10B2D000211A9FED210A10F0020F00EE810A9FED66
:10B2E0001F1A00EE801AB7EE000A00EE810A18BF9E
:10B2F000B1EE400A08BD00F0D1FC9AE710EE100A4A
:10B300004000B0F17F4F3CBFB7EE000A08BD07D147
:10B310004FF00100C5F735FBBDE8084000F09CBCCC
:10B32000BDE8084000F092BCB61F927E336D4CB968
:10B33000DA82083CA0AA2ABE490E494683F9223F78
:10B340000000004B0000C93F00A0FD390020A233DF
:10B350001A61342CB93AB2BACA9F2A3DDDFFFFBE4A
:10B3600010B52DED028BF0EE408A18EE900AB0EE8B
:10B37000608A20F00040C0F1FF40C00F07D118EEF6
:10B38000100A20F00040C0F1FF40C00F2BD018EE93
:10B39000101A18EE900A00F007FF00EE100A10EEE7
:10B3A000100A6FEAD05010F0FF0F04BFBDEC028B03
:10B3B00010BD18EE900A00F0004110EE100A00F0E7
:10B3C0000040814204BFBDEC028B10BD18EE101A84
:10B3D00010EE100ABDEC028B61F31E0000EE900A25
:10B3E00030EE600A10BD18EE900A4FF07F41B1EBCD
:10B3F000400F1CBF18EE100A5FEA4000C7D10120C1
:10B40000C5F7BFFABDEC028BBDE8104000F024BCCC
:10B4100010B510EE100A2DED068BB7EE001A10EEE7
:10B42000901AB0EE418A0022A0F5000CDFEDFE9AE2
:10B430004FF00073BCF1FE4F4FF07F4403EB410C23
:10B4400080F0B481BCF1804FC0F02082F749014404
:10B450009FEDF73AB1F5005F40F2D48200F580210C
:10B46000CB0C03F00F0101EE901AC3F307137F3BDF
:10B47000A0EBC350B8EEE12A00EE100A1A44DFED4B
:10B48000ED2AF0EE411A42EE221AF0EE613A70EE29
:10B49000232A30EE632A12EE900A00F500606FF363
:10B4A0000B0001EE900A73EEE13A33EE804AC1EEF2
:10B4B000223A22EE230A10EE100A00F500606FF324
:10B4C0000B0000EE100A00EE612A00EE442A62EE44
:10B4D000232A70EE221A21EEA12ADFEDD73A02EEDE
:10B4E000233A23EE023A20EE012A22EE811A03EEDD
:10B4F000211A32EE010A10EE100A00F500606FF317
:10B500000B0000EE100A72EE401A31EE812A9FED18
:10B51000CB1A60EE011A9FEDCA1A20EE011A9FEDB8
:10B52000C90A02EE001A31EE810A10EE100A00F587
:10B5300000606FF30B0000EE100AC34871EEC01AF2
:10B5400031EE812A784400EBC10090ED003AD0ED55
:10B55000011A100101EE100AF8EEC12A32EE211A8A
:10B5600031EE001A31EE031A31EE221A11EE100AF2
:10B5700000F500606FF30B0009EE100A39EE621A55
:10B5800031EE431A31EE400A30EE610A32EE40AA43
:10B5900010EE900A002100F500606FF30B0008EE3A
:10B5A000900A084670EEE8AA4FF0000029EE280A3B
:10B5B00000F00C01F0EEC00A10EE900AB0F18B4FD3
:10B5C0000DDD10EE900AB4EB400F08D310EE100A18
:10B5D0004FF08B4262F31E0008EE900A13E069EE12
:10B5E0002A0A38EEAA1A4AEE010A30EE201A11EEA3
:10B5F000100A00F500606FF30B0008EE900A30EEC1
:10B60000680A70EE209A0C204FF0000038EEA90A6C
:10B61000B5EEC00AF1EE10FA34BFFEEE000AF6EE07
:10B62000000A30EE800ABDEEC00A10EE100A0111C9
:10B6300000EE101AF8EEC00A00EE100AB8EEC00ACA
:10B6400038EEC00A30EE290ADFED801A9FED801A2D
:10B6500000EE211ADFED7F1A7F4900F00F0040EE67
:10B66000011A21EE800A794401EB800191ED001A64
:10B670007A49794401EB8001D1ED001A784901EE55
:10B68000801A794401EB8000764990ED000A31EE92
:10B69000001AB0EEE00A10EE100A884215DA10EE39
:10B6A000100AB4EB400F10D39FED6F0A30EE800A02
:10B6B000DFED6E0A20EE200A68EE010ABDEC068B73
:10B6C000BCEEC00A20EE200A10BD10EE100A684938
:10B6D000884243DA10EE100AB4EB400F3ED3BDEEC1
:10B6E000E00A68EE010A10EE100A00EBD072511069
:10B6F000C90501F17E5100EE101AA0EB6200C005F1
:10B7000060EE200A00F17E5000EE100A60EE808AA2
:10B7100018EE900AB4EB400F0FD10220C5F731F9B3
:10B7200000F0A2FA10EE101A18EE100ABDEC068B0B
:10B7300061F31E0000EE100A10BD18EE900A4000E2
:10B7400011D018EE900AFFF797FB042808BF00F00D
:10B7500093FAB0EE680ABDEC068B10BDF5EEC00A98
:10B76000F1EE10FA0FD20220C5F70BF900F084FABF
:10B7700010EE101A18EE100ABDEC068B61F31E00D5
:10B7800000EE100A10BD0220C5F7FBF800F06CFABD
:10B7900010EE101AB0EE480A10EE100ABDEC068B3F
:10B7A00061F31E0000EE100A10BD00BFBCF1804F17
:10B7B0006CD300BF00F1FF43B3F1FE4F24D200BFB2
:10B7C000B0EEC00A10EE100AC1F3C7537F2B0DDB99
:10B7D000972BBFF63BAEC3F196034FF0010C0CFA6A
:10B7E00003F3A3F1010C1CEA010F08D00120C5F7F7
:10B7F000C8F8BDEC068BBDE8104000F02DBA0B4236
:10B8000018BFBFEE008A21E643001CBF4FF08073D3
:10B81000B3EB400F34D96FF01A02DFED161A20EEA9
:10B82000210A10EE100A27E000000000001080C07E
:10B83000ABAAAA3E0000803D7EE24C3E00B03842FA
:10B84000D49AB8BB3BAA3842600E0000FC5963375B
:10B85000C9FF753A1872313DFE0D0000320E00002E
:10B86000A20D00000000FC420000FE420000004B60
:10B87000000040430000004D10F0004FA0D1E5E56E
:10B88000A0F50003B3F1FE4F21D2DFE503EB410346
:10B89000B3F1007F11D3F5EEC00AF1EE10FA05D135
:10B8A000430018BFB4EB400F76D883E701F00041A6
:10B8B00041F0FC5100EE901A7CE7B3F1807F06D294
:10B8C00010EE903AA3F5000300EE903A72E720F0F4
:10B8D00000426FF0FF4C604C02EB0C03A34210D30C
:10B8E00021F000439C44A4450BD3B0F17E5F18BF08
:10B8F0005FEA410C50D0B2F1FF4F98BFB3F1FF4F58
:10B9000005D9BDEC068BBDE8104000F0A2B9B0F13E
:10B91000FF4F0FD0C1F3C7527F2A09DB972A11DAF4
:10B92000C2F19602012303FA02F2531E0B4205D024
:10B93000002208E011F0004F55D128E00A4218BF5C
:10B94000012200D1022210F5000F13D028B3B0F16C
:10B95000004F26D010F1814F4FD04FF0FE42B2EB96
:10B96000400F94BF01200020012202EBE1718842C8
:10B9700039D10CE011F0004F02D0012A38D032E06A
:10B98000012A02BF9FED350ABDEC068B10BD9FED6D
:10B99000340ABDEC068B10BD2FE011F0004F0CD126
:10B9A00021E0B1F1FF4F1ED011F5000F05D011F0CD
:10B9B000004F15D00AB1012A08D00220C4F7E1FFD8
:10B9C000BDEC068BBDE8104000F036B90220C4F78C
:10B9D000D8FF00F031F9BDEC068BB1EE400A10BD86
:10B9E0000AB1012A04D0B0EE690ABDEC068B10BD85
:10B9F000BDEC068B9FED1B0A10BDBDEC068BB7EEB0
:10BA0000000A10BD30EE410AB5EE001A9FED172A6C
:10BA100000EE413AB6EE001A60EE001A00EE431A4C
:10BA200061EEC11A9FED101A20EE011A20EE020AF3
:10BA30009FED0F2A01EE820A71EE001A11EE900AB4
:10BA400000F500606FF30B0009EE100A31EE491AA1
:10BA500031EE00AA9CE50000FFFF3F00000080FFE0
:10BA60000000807F0000008000B0B841D49A38BB4D
:10BA70003BAAB84100B510EE101A2DED028B81B033
:10BA8000524A6846B2EB410F2ED94FF0E640B0EB78
:10BA9000410F94BF00204FF0FF3000900098B0EEAF
:10BAA000408A00286ADB10F0010F4BD068EE080ACC
:10BAB0009FED471A9FED470A00EE810A9FED461A57
:10BAC00010F0020F00EE801AB7EE000A00EE810AB5
:10BAD00002BF01B0BDEC028B00BD00BF01B0B1EEF2
:10BAE000400ABDEC028B00BD3C4B21F0004293426A
:10BAF00041D911F0004FDFED3A0A20EE201ADFEDB8
:10BB0000390A19BF31EE601A71EE200A31EE201A9F
:10BB100071EE600ABDEEE01A11EE100A9FED321AC6
:10BB200000F0030000EEC10A9FED301A009000EE15
:10BB3000C10A9FED2F1A00EEC10A9FED2E1A00EEEA
:10BB4000C10AABE728EE080A9FED2B1ADFED2B0A9E
:10BB500010F0020F40EE010A9FED291A00EE201AA4
:10BB600061EE000AB0EE480A08EE200AB6D101B034
:10BB7000BDEC028B00BD00F091F88FE718EE100AC3
:10BB80004000B0F17F4F0DD218EE100AFFF774F9A4
:10BB9000042808BF00F070F8B0EE480A01B0BDEC10
:10BBA000028B00BD09D10120C4F7EBFE01B0BDEC52
:10BBB000028B5DF804EB00F04FB801B0B0EE480A1C
:10BBC000BDEC028B5DF804EB00F040B8B61F927E2E
:10BBD000B93AB2BACA9F2A3DDDFFFFBE490E4946B7
:10BBE00083F9223F0000004B0000C93F00A0FD394F
:10BBF0000020A2331A61342C336D4CB9DA82083C30
:10BC0000A0AA2ABE000000009FED030B20EE000B4F
:10BC100070470000000000000000000000000070FD
:10BC20009FED030B20EE000B7047000000000000AA
:10BC30000000000000000010DFED030AB7EE001A5C
:10BC400081EE200A704700000000000030EE000A7C
:10BC5000704730EE200A7047DFED020A80EEA00A3E
:10BC600070470000000000009FED020A20EE000A6D
:10BC700070470000000000709FED020A20EE000AED
:10BC8000704700000000001010B5044691ED000B55
:10BC9000FFF706F984ED000A10BD00002DE9F00160
:10BCA0004FF07F42B2EB410F9FBF4FF0FF31016079
:10BCB000BDE8F00170474FF0004242EA0123C1F3B2
:10BCC000C752783A551112F01F0C434CCCF12006A4
:10BCD0007C44C1F3C752A2F178024FEA621204EB2E
:10BCE000820254F8254008BFD2E9015612D05568A7
:10BCF00004FA0CF425FA06F73C43976805FA0CF5AC
:10BD000027FA06F8D26807FA0CFCF24045EA080563
:10BD10004CEA0206A4FB034CA5FB0352A6FB0363FB
:10BD20001D449D4234BF012600261319334416B129
:10BD3000934202D903E0934201D2012200E00022A3
:10BD4000624402F1200C9206DC0C42EA443200EE1E
:10BD5000102A5B03DFED210AF8EEC01A00EE103A5C
:10BD60004FEA9C1C11F0004FB8EE400AC0F800C02A
:10BD700020EE201A00EE105ADFED190AB8EE400A44
:10BD800020EE200A71EE810A70EE800A10EE902AF1
:10BD900002F500626FF30B0200EE902A70EEE11ADA
:10BDA00031EEC11ADFED101A30EE411A9FED0D0A87
:10BDB00020EE800A01EE210A9FED0C1A00EE810AA6
:10BDC00004BFBDE8F0017047CCF180510160BDE8CF
:10BDD000F001B1EE400A7047140800000000003680
:10BDE0000000802C22AAFD29DB0FC92F0000C92FDB
:10BDF00030B504462DED028B85B090ED008B40F2FE
:10BE0000FF7518EE900A0A468DED008B35EA10504A
:10BE10001CBFB5EEC08BF1EE10FA23D051EC180B1D
:10BE200000F075FA41EC180B18EE900A8DED008BBE
:10BE300035EA10501CD0B5EEC08BF1EE10FA11D1DE
:10BE40000220C4F79EFDFFF7EBFE10EE901A18EEED
:10BE5000900A8DED000B8DED028B61F31E000190B9
:10BE60009DED008B84ED008B05B0BDEC028B30BDE9
:10BE70000220C4F786FDFFF7C7FE10EE901A18EEF9
:10BE8000900A8DED000B8DED028B61F31E00019089
:10BE90009DED008BE6E730380A2801D2012070477B
:10BEA000002070470168002902DC0021C7F70BBAA7
:10BEB000491E016041684A1C4260087870478A68E0
:10BEC000002A02DC0022C4F7B3BF521E8A604A680F
:10BED000C0B2531C4B60107070470000000000009F
:10BEE00082B04FF0000CCDE90001009BC2F800C009
:10BEF000DFF864C021F00040604529DA034327D011
:10BF0000B0F5801FA8BF13680EDA9DED000B9FED02
:10BF1000141B20EE010B10EE901A8DED000B6FF04C
:10BF2000350321F000401360DFF83CC06FF31E5171
:10BF30000CEB20501844106041F0FF5040F00050CE
:10BF400001909DED000B00BF51EC100B02B070474B
:10BF50009DED000BF8E700000000F07F00000000FE
:10BF6000000000000000504302FCFFFF0000000042
:10BF700000B583B00A469FED080B01468DED000B1E
:10BF800001236846C6F74AFF9DED000B03B051EC54
:10BF9000100B00BD000000000000000000000000C9
:10BFA00008B50A469FED040A01468DED000A684671
:10BFB000C6F76AFF009808BD0000000000000000FE
:10BFC00000B583B00A469FED080B01468DED000BCE
:10BFD00001236846C6F722FF9DED000B03B051EC2C
:10BFE000100B00BD00000000000000000000000079
:10BFF00010B500290AD00878002807D005487844F1
:10C00000C5F7BAFC002801D0002010BD02487844D2
:10C0100010BD0000F2330000EA33000010B5002923
:10C020000AD00878002807D005487844C5F7A4FC52
:10C03000002801D0002010BD0248784410BD000047
:10C04000D6340000CE34000010B500290AD008789C
:10C05000002807D005487844C5F78EFC002801D099
:10C06000002010BD0248784410BD00002A360000B0
:10C070002236000002494FF0000000F016B900BF60
:10C080000000F87F00EE100AB8EEC00B51EC100B68
:10C09000704700EE100AB8EEC00A10EE100A7047A2
:10C0A0004FF07E5209E011F0004204D54042C1F148
:10C0B000000138BF491E42F07E5202F170620B004F
:10C0C00012BF20235FEA00017047B1FA81FC01FA38
:10C0D0000CF1A3EB0C0320FA03FC41EA0C0102EB88
:10C0E000C352C3F1200310FA03FC5CEA416C42EB3B
:10C0F000112018BF5FF0806C28BF20F0010070474E
:10C100000EF1020E2EF0030E5EF8044B244204D40E
:10C110004FEA4102B2F17F4F11D84FEA4003B3F129
:10C120007F4F0CD80ED14FEAD07C0CEB4C0C0CF1AD
:10C13000020CB2F17F4F08BF4CEBD17C04E04FF012
:10C14000080C01E04FEAD17C0CEB4C0324FA03F419
:10C1500004F00704B4F1040C06D20EEB840CBDE825
:10C1600010404CF0010C6047DFE80CF007080202B9
:10C170004FF00040A0F5800010BD0846420018BFF7
:10C18000D2F1807288BF00F0004010BDF1EE100ABD
:10C190004FF6FF71C0F2C03120EA010040F040705C
:10C1A000E1EE100A704700004FF07F4C3CEA41037B
:10C1B00018BF3CEA400200F062804FF47F0C0CEAAA
:10C1C000D11310F0004F18BF43F005031CEAD01242
:10C1D00018BF13EA0C0F00F057804FF0004C4CEAE8
:10C1E00000204CEA0121A3F580339A4210DD23F0B0
:10C1F0000203B0F1004F06D343F00203401ABCBF64
:10C20000404283F001034FEA4000A2F58032ECE7A0
:10C210004FEA224CBCEB234F08DB884206D31CD0EC
:10C22000A0EB4100C0F1000083F0010340001DD2EB
:10C2300017D40DD0B0FA80FC0CF1010C00FA0CF010
:10C24000A2EB0C42D2F1000C12DB4FEAC370704734
:10C250004FEA437000F00040704713F0020FE5D042
:10C26000DEE74FEA4000B2F58032EBDD002AE9DD7F
:10C270004FEAC21242EA502040EAC370704710B53C
:10C28000FFF73EFFEDFFFF3E1CEAD11F02D000F09A
:10C2900000407047004870470000C07F4FF000002A
:10C2A0007047C7F7BEBBC7F7F3BC0CF00F03092BF1
:10C2B00008BF082000F05F800A2B0BD0082B18BFA6
:10C2C000704708BF1CF0400F0AD04FF000004FF03D
:10C2D000000170471CF0400F18BF4FF0004070473E
:10C2E0001CF0100F08D000F07F4220F0704342EAAB
:10C2F000D3014FEA4370704700F0604021F07F4265
:10C3000042EA000201F07F4040EA727070474FF04D
:10C31000FF0C4CF4E06C1CEA11531CBF9CEA030CAC
:10C320009445C2BFDA4201EB02517047002B0DD099
:10C33000BCF1000F0FD001F00041002AA4BF41F072
:10C34000E04141F07F614FF00000704701F0004193
:10C350004FF00000704750EA01334FF09B0C18BFBC
:10C360004CF0806C7FF486AE7047C6F7A9BBC8F767
:10C37000B7B9C8F745BB1CF4801F11D01CF4E02FDF
:10C3800003D06FEACC31490070474FF04050EFF3D3
:10C39000008222F0704242EA000282F30088704775
:10C3A0004FF0000070470000000000000000000097
:10C3B0000000B33FB2BE7D3A00002E40DFCF5138BF
:10C3C00000007E40BF51FABA00E0A44019DAC3BAB7
:10C3D00000E0C840C2ED8AB90040EB40CD1F2CBA46
:10C3E000001006412AFFFABA00C01541DFCFD1374D
:10C3F00000D024419A97703A0050334189478E36D5
:10C4000000404141E75B9D3800B04E41C00A98B9F9
:10C4100000A05B41558F943A00306841DA92C0BA6F
:10C420000040744162B3C63A0000803F00A0853FDF
:10C4300000908B3F00C0913F0030983F00F09E3F3E
:10C4400000F0A53F0050AD3F0000B53F0000BD3FEC
:10C450000060C53F0020CE3F0040D73F00C0E03F16
:10C4600000C0EA3F0020F53F000000007D36AC39F7
:10C470007D3C3839EBDCF438320A7E39124C2639EF
:10C480009B6AED39A4EE83397F661E39F6398A3905
:10C490002B426539A48211395B991F39C3EECD391E
:10C4A000DDE7C637A5A22F390000803FC3AA853F2C
:10C4B000C2958B3FD3C3913FF037983F32F59E3FF3
:10C4C000D7FEA53F3F58AD3FF304B53FA408BD3F9D
:10C4D0002A67C53F8C24CE3FFD44D73FDFCCE03FE9
:10C4E000C7C0EA3F7D25F53F000000006E83F9A23A
:10C4F0002915444ED15727FCC0DD34F5999562DBF0
:10C500004190433CAB6351FE3A7474003A7474003A
:10C510003A74740000000000000000003031323333
:10C520003435363738394142434445464030580067
:10C530003031323334353637383961626364656699
:10C5400040307800040000080000000000000002F5
:10C55000000100001030313233343536373839615C
:10C560006263646566787000303132333435363753
:10C5700038394142434445465850000002400000CB
:10C58000000000A00000000005400000000000C8FE
:10C59000000000000C4000000000409C0000000073
:10C5A000194000000020BCBE000000003440000024
:10C5B000BFC91B8E00000004B5400000504BCFD017
:10C5C0006607E2CF010000006C4100003E8251AAE4
:10C5D000DFEEA73401000000D9420000DCB5A0E284
:10C5E0003A301F97FFFFFFFFB4450000FD25A0C8AC
:10C5F000E9A3C14FFFFFFFFFFF3F000000000080E5
:10C6000000000000FF3F000000000080000000006C
:10C61000000000000000000000000000000000001A
:10C620000000000001000000020000000300000004
:10C6300004000000000000000500000000000000F1
:10C6400000000000000000000600000000000000E4
:10C650000000000000000000070000002500490065
:10C660003A0025004D003A00250053002000250027
:10C6700070000000250048003A0025004D0000042D
:10C6800008102040010408102040000000000102B2
:10C690000304010203040607080901000200040064
:10C6A000060008000A000C00100020004000800076
:10C6B000000100009A99193F6666264000000000BC
:10C6C0006666E63F666626400000000000004040C7
:10C6D0006666264000000000666686406666264064
:10C6E00000000000CDCCAC40666626400000000093
:10C6F0009A99193F33337340000000006666E63FA5
:10C700003333734000000000000040403333734077
:10C71000000000006666864033337340000000006E
:10C72000CDCCAC4033337340000000009A99193FE0
:10C730000000A040000000006666E63F0000A04048
:10C7400000000000000040400000A0400000000089
:10C75000666686400000A04000000000CDCCAC40E2
:10C760000000A040000000009A99193F6666C6408C
:10C77000000000006666E63F6666C64000000000F6
:10C78000000040406666C6400000000066668640C5
:10C790006666C64000000000CDCCAC406666C64070
:10C7A000000000009A99193FCDCCEC400000000039
:10C7B0006666E63FCDCCEC40000000000000404043
:10C7C000CDCCEC400000000066668640CDCCEC404D
:10C7D00000000000CDCCAC40CDCCEC40000000000F
:10C7E0009A99193F9A990941000000006666E63F50
:10C7F0009A99094100000000000040409A990941BF
:10C8000000000000666686409A9909410000000019
:10C81000CDCCAC409A9909410000000000D57FAA18
:10C82000FE2B815429FC5683D702A87D52872DF810
:10C83000AC79D3067BAE04D18550FA2FA471DB0E00
:10C840005A8F25F08D58F22773A60CD9F623895CF0
:10C8500008DD77A2DF0AA07521F45E8B9D48E237E0
:10C8600063B61CC9B461CB1E4A9F35E0CF1AB065D0
:10C8700031E44E9BE633994C18CD67B239EC4693C0
:10C88000C712B86D10C56FBAEE3B91446BBE14C1B0
:10C890009540EA3F42973DE8BC69C316EF3A9045A0
:10C8A00011C46EBBC613B96C38ED4792BD68C21790
:10C8B00043963CE99441EB3E6ABF15C04B9E34E180
:10C8C000B560CA1F62B71DC89C49E33619CC66B370
:10C8D000E732984D30E54F9ACE1BB16472A70DD860
:10C8E0008C59F3265B8E24F1A570DA0F20F55F8A50
:10C8F000DE0BA17409DC76A3F722885DD603A97C40
:10C9000028FD5782FF2A805501D47EAB8451FB2E2F
:10C910007AAF05D0AD78D20753862CF93031323357
:10C920003435363738396162636465664142434461
:10C93000454678582B2D705069496E4E0000000016
:10C9400014DB0308A8CE0308A0CE030814DB0308F9
:10C95000C9CE030840C9030814DB0308EBCE030863
:10C960004CC9030814DB030810CF03084CC90308A3
:10C9700014DB030836CF0308E0CA030814DB0308FE
:10C980004ECF0308E8CA0308ECDA030866CF0308B1
:10C99000ECDA03087BCF0308ECDA030890CF030836
:10C9A0003CDB0308A5CF03080000000002000000E4
:10C9B0004CCB03080200000098C9030802000000E5
:10C9C0003CDB0308C1CF03080000000002000000A8
:10C9D0004CCB03080200000098C9030802000000C5
:10C9E0003CDB0308DDCF030800000000020000006C
:10C9F0004CCB03080200000098C9030802000000A5
:10CA00003CDB0308F9CF030800000000020000002F
:10CA10004CCB03080200000098C903080200000084
:10CA2000ECDA030815D00308ECDA03082ED003086B
:10CA3000ECDA030847D00308ECDA030860D00308F7
:10CA400014DB030879D00308E0CA030814DB0308E9
:10CA500092D00308E8CA0308ECDA0308ABD0030855
:10CA60003CDB0308C2D00308000000000100000006
:10CA700000CE030803F4FFFF3CDB0308F1D00308FA
:10CA800000000000010000000CCE030803F4FFFFCB
:10CA90003CDB030820D10308000000000100000077
:10CAA00000CE030803F4FFFF3CDB03084FD103086B
:10CAB00000000000010000000CCE030803F4FFFF9B
:10CAC000ECDA03087ED10308ECDA030896D10308F8
:10CAD000ECDA0308AFD10308ECDA0308C8D1030885
:10CAE000ECDA0308E1D10308ECDA030812D20308F8
:10CAF000ECDA030843D20308ECDA030865D2030832
:10CB00003CDB030887D2030800000000020000009D
:10CB10004CCB03080200000090C90308020000008B
:10CB20003CDB030899D2030800000000020000006B
:10CB30004CCB03080200000090C90308020000006B
:10CB400014DB0308ABD203084CCB030814DB030847
:10CB5000C1D20308D8CA03083CDB0308D7D20308B4
:10CB600000000000020000004CCB0308020000009F
:10CB700058CA0308020000003CDB0308FDD203088A
:10CB800000000000020000004CCB0308020000007F
:10CB900058CA0308020000003CDB030822D3030844
:10CBA00000000000020000004CCB0308020000005F
:10CBB00058CA0308020000003CDB030848D30308FE
:10CBC00000000000020000004CCB0308020000003F
:10CBD00058CA0308020000003CDB03086DD30308B9
:10CBE00000000000020000004CCB0308020000001F
:10CBF00058CA0308020000003CDB030891D3030875
:10CC000000000000020000004CCB030802000000FE
:10CC100058CA03080200000014DB0308B5D3030858
:10CC20004CCB030814DB0308C9D303084CCB03081F
:10CC30003CDB0308DDD30308000000000200000015
:10CC40004CCB030802000000A0CD03080000000048
:10CC50003CDB030821D403080000000002000000B0
:10CC60004CCB030802000000B8CD03080000000010
:10CC70003CDB030865D4030800000000020000004C
:10CC80004CCB030802000000D0CD030800000000D8
:10CC90003CDB0308A9D403080000000002000000E8
:10CCA0004CCB030802000000E8CD030800000000A0
:10CCB000ECDA0308EDD403083CDB0308FFD40308D7
:10CCC00000000000020000004CCB0308020000003E
:10CCD000C0CA0308020000003CDB030814D50308A7
:10CCE00000000000020000004CCB0308020000001E
:10CCF000C0CA03080200000014DB030829D503089A
:10CD00004CCB030814DB03083ED503084CCB0308C7
:10CD10003CDB030853D503080000000003000000BB
:10CD20004CCB03080200000098CE0308020000006C
:10CD3000F0CA0308000800003CDB030898D503088C
:10CD400000000000030000004CCB030802000000BC
:10CD500098CE030802000000F8CA0308000800008B
:10CD60003CDB0308DDD503080000000002000000E2
:10CD70004CCB03080200000088C90308000800002B
:10CD80003CDB030822D6030800000000020000007C
:10CD90004CCB03080200000088C90308000800000B
:10CDA0003CDB030867D60308000000000100000018
:10CDB000C8CA0308000000003CDB03087DD6030856
:10CDC0000000000001000000C8CA030800000000C5
:10CDD0003CDB030893D603080000000001000000BC
:10CDE000D0CA0308000000003CDB0308A9D60308F2
:10CDF0000000000001000000D0CA0308000000008D
:10CE000014DB0308BFD60308B0CC030814DB030807
:10CE1000E9D60308B0CC03083CDB030813D70308AA
:10CE200000000000020000004CCB030802000000DC
:10CE300020CA0308000000003CDB030859D70308A0
:10CE400000000000020000004CCB030802000000BC
:10CE500028CA0308000000003CDB03089FD7030832
:10CE600000000000020000004CCB0308020000009C
:10CE700030CA0308000000003CDB0308E5D70308C4
:10CE800000000000020000004CCB0308020000007C
:10CE900038CA030800000000ECDA03082BD80308A6
:10CEA000ECDA03083ED803084E31305F5F637878D0
:10CEB000616269763131365F5F7368696D5F74797D
:10CEC00070655F696E666F45004E31305F5F6378F5
:10CED00078616269763131375F5F636C6173735F6C
:10CEE000747970655F696E666F45004E31305F5FC3
:10CEF000637878616269763132305F5F73695F634E
:10CF00006C6173735F747970655F696E666F4500FD
:10CF10004E31305F5F637878616269763132315FBC
:10CF20005F766D695F636C6173735F747970655F61
:10CF3000696E666F45004E5374335F5F3231305F08
:10CF40005F737464696E62756649634545004E534C
:10CF500074335F5F3231305F5F737464696E627522
:10CF60006649774545004E5374335F5F3231305F19
:10CF70005F74696D655F70757445004E5374335FFF
:10CF80005F32313063747970655F6261736545004B
:10CF90004E5374335F5F3231306D6F6E65795F620F
:10CFA00061736545004E5374335F5F3231306D6F8E
:10CFB0006E657970756E637449634C6230454545A2
:10CFC000004E5374335F5F3231306D6F6E65797030
:10CFD000756E637449634C6231454545004E537428
:10CFE000335F5F3231306D6F6E657970756E63746B
:10CFF00049774C6230454545004E5374335F5F328C
:10D0000031306D6F6E657970756E637449774C62FF
:10D0100031454545004E5374335F5F3231315F5FB8
:10D020006D6F6E65795F67657449634545004E5362
:10D0300074335F5F3231315F5F6D6F6E65795F674B
:10D04000657449774545004E5374335F5F32313123
:10D050005F5F6D6F6E65795F7075744963454500FC
:10D060004E5374335F5F3231315F5F6D6F6E657940
:10D070005F70757449774545004E5374335F5F3276
:10D0800031315F5F7374646F7574627566496345AF
:10D0900045004E5374335F5F3231315F5F737464A8
:10D0A0006F757462756649774545004E5374335FFA
:10D0B0005F323132636F64656376745F626173659A
:10D0C00045004E5374335F5F32313362617369637D
:10D0D0005F6973747265616D49634E535F3131638B
:10D0E0006861725F7472616974734963454545454F
:10D0F000004E5374335F5F32313362617369635F33
:10D100006973747265616D49774E535F313163683D
:10D1100061725F7472616974734977454545450072
:10D120004E5374335F5F32313362617369635F6F93
:10D1300073747265616D49634E535F313163686129
:10D14000725F747261697473496345454545004E69
:10D150005374335F5F32313362617369635F6F733E
:10D16000747265616D49774E535F313163686172E6
:10D170005F747261697473497745454545004E5344
:10D1800074335F5F3231336D657373616765735FED
:10D190006261736545004E5374335F5F3231345FB3
:10D1A0005F6E756D5F6765745F6261736545004EA4
:10D1B0005374335F5F3231345F5F6E756D5F7075CE
:10D1C000745F6261736545004E5374335F5F323143
:10D1D000345F5F7368617265645F636F756E744519
:10D1E000004E5374335F5F32313562617369635F40
:10D1F00073747265616D62756649634E535F313158
:10D20000636861725F74726169747349634545450F
:10D2100045004E5374335F5F323135626173696329
:10D220005F73747265616D62756649774E535F31E5
:10D2300031636861725F74726169747349774545DF
:10D240004545004E5374335F5F3232305F5F74691F
:10D250006D655F6765745F635F73746F7261676547
:10D2600049634545004E5374335F5F3232305F5F30
:10D2700074696D655F6765745F635F73746F726116
:10D28000676549774545004E5374335F5F323563B8
:10D290007479706549634545004E5374335F5F325E
:10D2A00035637479706549774545004E5374335F33
:10D2B0005F32366C6F63616C65355F5F696D7045B9
:10D2C000004E5374335F5F32366C6F63616C65354B
:10D2D000666163657445004E5374335F5F32376334
:10D2E0006F64656376744944694475537431315F82
:10D2F0005F6D6273746174655F744545004E53746D
:10D30000335F5F3237636F64656376744944696382
:10D31000537431315F5F6D6273746174655F74451E
:10D3200045004E5374335F5F3237636F64656376D5
:10D33000744944734475537431315F5F6D62737423
:10D340006174655F744545004E5374335F5F3237D7
:10D35000636F646563767449447363537431315FFA
:10D360005F6D6273746174655F744545004E5374FC
:10D37000335F5F3237636F64656376744963635309
:10D380007431315F5F6D6273746174655F744545BC
:10D39000004E5374335F5F3237636F646563767436
:10D3A000497763537431315F5F6D62737461746583
:10D3B0005F744545004E5374335F5F3237636F6C63
:10D3C0006C61746549634545004E5374335F5F3249
:10D3D00037636F6C6C61746549774545004E5374D3
:10D3E000335F5F32376E756D5F67657449634E53A7
:10D3F0005F31396973747265616D6275665F6974F6
:10D40000657261746F7249634E535F313163686155
:10D41000725F74726169747349634545454545455A
:10D42000004E5374335F5F32376E756D5F6765749E
:10D4300049774E535F31396973747265616D6275F6
:10D44000665F6974657261746F7249774E535F31BC
:10D4500031636861725F74726169747349774545BD
:10D4600045454545004E5374335F5F32376E756DE9
:10D470005F70757449634E535F31396F73747265B1
:10D48000616D6275665F6974657261746F7249631C
:10D490004E535F3131636861725F74726169747396
:10D4A0004963454545454545004E5374335F5F32FA
:10D4B000376E756D5F70757449774E535F31396F94
:10D4C00073747265616D6275665F697465726174AB
:10D4D0006F7249774E535F3131636861725F747266
:10D4E000616974734977454545454545004E537418
:10D4F000335F5F3238696F735F6261736545004EF9
:10D500005374335F5F32386D657373616765734958
:10D51000634545004E5374335F5F32386D657373F6
:10D520006167657349774545004E5374335F5F32D9
:10D53000386E756D70756E637449634545004E5362
:10D5400074335F5F32386E756D70756E63744977D2
:10D550004545004E5374335F5F323874696D655FC3
:10D5600067657449634E535F3139697374726561DD
:10D570006D6275665F6974657261746F7249634E3E
:10D58000535F3131636861725F74726169747349AA
:10D5900063454545454545004E5374335F5F32381A
:10D5A00074696D655F67657449774E535F3139699A
:10D5B00073747265616D6275665F697465726174BA
:10D5C0006F7249774E535F3131636861725F747275
:10D5D000616974734977454545454545004E537427
:10D5E000335F5F323874696D655F70757449634E7F
:10D5F000535F31396F73747265616D6275665F690F
:10D6000074657261746F7249634E535F3131636840
:10D6100061725F747261697473496345454545453C
:10D6200045004E5374335F5F323874696D655F70C7
:10D63000757449774E535F31396F73747265616DDC
:10D640006275665F6974657261746F7249774E5373
:10D650005F3131636861725F7472616974734977B5
:10D66000454545454545004E5374335F5F32395F4C
:10D670005F6E756D5F67657449634545004E537411
:10D68000335F5F32395F5F6E756D5F6765744977D1
:10D690004545004E5374335F5F32395F5F6E756D81
:10D6A0005F70757449634545004E5374335F5F3254
:10D6B000395F5F6E756D5F70757449774545004ED3
:10D6C0005374335F5F323962617369635F696F738B
:10D6D00049634E535F3131636861725F747261698F
:10D6E0007473496345454545004E5374335F5F325B
:10D6F0003962617369635F696F7349774E535F3154
:10D7000031636861725F747261697473497745450A
:10D710004545004E5374335F5F32396D6F6E6579E6
:10D720005F67657449634E535F313969737472651D
:10D73000616D6275665F6974657261746F72496369
:10D740004E535F3131636861725F747261697473E3
:10D750004963454545454545004E5374335F5F3247
:10D76000396D6F6E65795F67657449774E535F31C8
:10D77000396973747265616D6275665F697465722B
:10D7800061746F7249774E535F3131636861725FC4
:10D790007472616974734977454545454545004E46
:10D7A0005374335F5F32396D6F6E65795F70757476
:10D7B00049634E535F31396F73747265616D627581
:10D7C000665F6974657261746F7249634E535F314D
:10D7D00031636861725F747261697473496345454E
:10D7E00045454545004E5374335F5F32396D6F6E6A
:10D7F00065795F70757449774E535F31396F737413
:10D800007265616D6275665F6974657261746F726D
:10D8100049774E535F3131636861725F7472616939
:10D8200074734977454545454545004E5374335F0C
:10D830005F323974696D655F626173654500537469
:10D8400039747970655F696E666F000000000000D2
:10D8500000000000991E0108D9240108A92201082E
:10D86000A9230108D9220108B9230108312401089C
:10D87000E923010819750208F974020821750208E4
:10D880000975020809220108E12201083175020820
:10D8900000000000000000005173030851730308EA
:10D8A000E12E01080000000000000000692F0108BF
:10D8B00099300108D92F0108000000000000000085
:10D8C000B132010800000000000000008955020884
:10D8D0009939010849540208B9370108415402082E
:10D8E0000000000000000000B96B0108996B0108FE
:10D8F00049540208B96101084154020800000000BF
:10D9000000000000016D0108D16B0108F96D0108EC
:10D91000E16B0108000000000000000009AD0108F3
:10D92000F1AC010849540208D99A0108415402088F
:10D93000CCFFFFFF00000000692F010899300108AB
:10D94000D92F01080000000000000000C1BF01083D
:10D95000B9BF01084954020849B9010841540208F5
:10D960000000000000000000991E0108C126020806
:10D97000A9240208D9240208C1240208F1240208BB
:10D98000911E010809250208E9880208F9740208B5
:10D99000F1880208E1880208D1630208D96302080D
:10D9A000F98A0208418B0208000000000000000014
:10D9B000991E0108E1280208C9260208F926020872
:10D9C000E126020811270208911E010829270208F2
:10D9D00001890208F974020809890208F988020815
:10D9E000D1630208D9630208F98A0208418B020850
:10D9F0000000000000000000E9280208000000000C
:10DA000000000000814C0208794C020849540208C9
:10DA100041490208415402080000000000000000D3
:10DA2000991E010801520208B14F0208811E010827
:10DA3000791E0108891E0108911E0108B9500208CB
:10DA400019750208F97402088989020869890208AF
:10DA5000C94D0208D14F0208518902080000000098
:10DA600000000000995202080000000000000000C1
:10DA70008955020881550208495402085954020880
:10DA8000415402080000000000000000991E010837
:10DA9000C9630208711E0108811E0108791E010870
:10DAA000891E0108911E0108B96202081975020851
:10DAB000F974020821750208097502084961020813
:10DAC000B1620208017502080000000000000000B9
:10DAD000895502080122010849540208E920010879
:10DAE00041540208000000004CC90308DF2401086B
:10DAF000E32401085575020857750208FD760208EF
:10DB000059750208977502087F7602080000000028
:10DB100058C90308DF240108F324010855750208D9
:10DB200057750208FD76020883770208DF7702083E
:10DB3000C17802080000000064C90308DF2401085E
:10DB4000032501085575020857750208FD7602087D
:10DB5000ED7802082D7A0208A57C0208000000007A
:10DB600000000000517303080000000000000000E6
:10DB7000115D0108E158010898FFFFFF0000000057
:10DB800061720308000000000000000051730308E8
:10DB9000000000000000000089550208C15F020873
:10DBA000B95F0208595402084154020800000000FD
:10DBB0000000000089550208D15F0208C95F020811
:10DBC00059540208415402080000000070C90308BB
:10DBD000291E030833F90208E5F60208FF1C0308B2
:10DBE000B91D0308C91D0308D91C0308E51D030856
:10DBF000011D0308E3F8020825F7020835F80208BA
:10DC00005D1D0308D91D0308000000007CC903083E
:10DC1000A11F03088FFB020843F902086B1E0308CB
:10DC2000311F0308411F0308471E03085D1F030837
:10DC30006D1E03083FFB020883F9020891FA0208EF
:10DC4000D11E0308511F030800000000A0C90308EB
:10DC5000913003089FFB02087B300308638C0208A5
:10DC60007B8C0208378C0208558C0208718C0208E4
:10DC7000678C02085F8C02084B8C0208418C0208FA
:10DC800000000000C0C9030891300308AFFB020880
:10DC90007B300308AB8C0208C38C02087F8C02081F
:10DCA0009D8C0208B98C0208AF8C0208A78C020870
:10DCB000938C0208898C020800000000E0C9030868
:10DCC00091300308BFFB02087B300308F38C020885
:10DCD0000D8D0208C78C0208E58C0208038D02082E
:10DCE000F98C0208EF8C0208DB8C0208D18C020848
:10DCF0000000000000CA030891300308CFFB0208AF
:10DD00007B3003083F8D0208598D0208138D0208ED
:10DD1000318D02084F8D0208458D02083B8D0208A7
:10DD2000278D02081D8D02080000000040CA03086C
:10DD3000291E0308EF0603087F050308FF1C0308DC
:10DD4000B91D0308C91D030821050308E51D0308C3
:10DD5000011D0308E91D0308DF1C0308DF1D03087C
:10DD6000A9050308ED050308000000004CCA0308DC
:10DD7000A11F0308D70803085F0703086B1E0308E9
:10DD8000311F0308411F0308010703085D1F030833
:10DD90006D1E0308611F03084D1E0308571F03086B
:10DDA00089070308D10703080800000000000000ED
:10DDB00060CA03085D14030847140308F8FFFFFF57
:10DDC000F8FFFFFF60CA03088B7203086D72030837
:10DDD000080000000000000078CA0308811403084E
:10DDE0006B140308F8FFFFFFF8FFFFFF78CA030872
:10DDF000B7720308997203080400000000000000D5
:10DE000090CA03086F15030859150308FCFFFFFFAC
:10DE1000FCFFFFFF90CA0308E1720308C572030804
:10DE20000400000000000000A8CA03085D160308F3
:10DE300047160308FCFFFFFFFCFFFFFFA8CA03080B
:10DE40000B730308EF72030800000000E0CA030828
:10DE5000291E0308151E0308DD1C0308FF1C030808
:10DE6000B91D0308C91D0308D91C0308E51D0308D3
:10DE7000011D0308E91D0308DF1C0308DF1D03085B
:10DE80005D1D0308D91D030800000000E8CA03084F
:10DE9000A11F03088D1F03084B1E03086B1E0308F8
:10DEA000311F0308411F0308471E03085D1F0308B5
:10DEB0006D1E0308611F03084D1E0308571F03084A
:10DEC000D11E0308511F03080000000000CB030807
:10DED00055290308452903087B300308719402087B
:10DEE0003D9402081B940208E5930208A7940208D7
:10DEF00091940208CD940208AD940208000000003D
:10DF000020CB0308913003087D2903087B300308E8
:10DF1000F5950208CD950208D9940208A595020846
:10DF20008795020855950208359502080195020863
:10DF300027960208119602084D9602082D960208AF
:10DF40000000000040CB03080D300308FD2F03083C
:10DF50007B300308000000004CCB0308913003081D
:10DF6000813003087B3003080000000058CB030811
:10DF700091300308953203087B300308DD960208D0
:10DF80009D960208899602089196020899960208C1
:10DF90001D970208959602080000000078CB030840
:10DFA00091300308A53203087B3003088B970208E1
:10DFB0004B970208379702083F97020847970208D5
:10DFC000CB970208439702080000000098CB030893
:10DFD00091300308B53203087B30030839980208F2
:10DFE000F9970208E5970208ED970208F5970208ED
:10DFF00079980208F197020800000000B8CB0308E6
:10E0000091300308C53203087B300308E798020803
:10E01000A7980208939802089B980208A398020800
:10E02000279902089F98020800000000D8CB030837
:10E0300091300308D53203087B3003086399020846
:10E040005599020841990208499902085199020814
:10E05000719902084D99020800000000F8CB0308EE
:10E0600009330308E53203087B300308219B0208CB
:10E07000099A02087D990208CB990208059A0208BC
:10E080003D9C0208F79902080000000018CC030824
:10E090003B330308273303087B3003088D9C0208B9
:10E0A000CF9C0208E19C02080000000024CC030879
:10E0B000533303083F3303087B300308059D0208F0
:10E0C0003F9D0208519D02080000000030CC03086B
:10E0D00091300308573303087B300308F1AF02087F
:10E0E0004DB1020883B1020871B10208A7B102085C
:10E0F0005FB1020895B102083BB1020817B10208EE
:10E1000029B1020811AE02080000000050CC03083B
:10E1100091300308673303087B30030841C40208C9
:10E120009BC50208D1C50208BFC50208F5C5020893
:10E13000ADC50208E3C5020889C5020865C5020825
:10E1400077C5020865C202080000000070CC030811
:10E1500091300308773303087B300308ADCB020806
:10E16000CBCC020803CD0208E7CC020821CD02087F
:10E170008FCC0208ADCC020803CB020800000000DF
:10E1800090CC030891300308873303087B300308E1
:10E19000E5D2020803D402083BD402081FD40208C7
:10E1A00059D40208C7D30208E5D302083BD20208BB
:10E1B00000000000B0CC0308693403085934030898
:10E1C00000000000B8CC030891300308C3340308F2
:10E1D0007B300308A3D4020881D40208A9D4020822
:10E1E00000000000D8CC030891300308D3340308A2
:10E1F0007B300308CDD40208ABD40208D3D4020884
:10E2000000000000F8CC0308F3340308E3340308EB
:10E210007B30030821D5020825D50208D5D4020891
:10E22000F9D402080DD502080000000004CD03084F
:10E2300033350308233503087B30030875D50208FE
:10E2400079D5020829D502084DD502085DD5020806
:10E250000000000010CD0308733503086335030880
:10E260007B3003088BD7020889D602083BD6020808
:10E270008FD702085FD80208BBD60208A1DB0208CC
:10E28000F8FFFFFF10CD0308B590020801910208C6
:10E2900069900208258F0208A18F020811900208D8
:10E2A000CB8E02080000000038CD03088735030834
:10E2B000773503087B30030853E102084FE002087A
:10E2C000FFDF020857E1020827E2020883E00208A4
:10E2D00061E50208F8FFFFFF38CD03084D930208FF
:10E2E0009993020801930208B59102081D92020851
:10E2F000999202084D9102080000000060CD0308C9
:10E30000A33503088B3503087B3003080DE90208A9
:10E310000000000080CD0308CD350308B5350308A3
:10E320007B3003085BE902080000000018CE0308F8
:10E33000913003083D5103087B300308F9EA0208D5
:10E34000E5E902080000000038CE03089130030818
:10E35000355803087B30030881ED020871EC020890
:10E360000000000058CE0308913003084558030808
:10E370007B300308CFF00208F9EE0208000000002D
:10E3800078CE030891300308555803087B30030802
:10E39000C1F40208EFF202080100020014AEC7BE89
:10E3A000CDCCCC3E0000B4C20000803F000080BF56
:10E3B00001010000000C0258004000000000F0C104
:10E3C00000001643000048420000F0C10000A040D9
:10E3D00014AEC7BECDCCCCBE000000000000803F14
:10E3E0000000803F01010000000C02580080000086
:10E3F000000070420000F0C2000048420000F0C17E
:10E400000000A04014AEC73ECDCCCCBE0000B4424C
:10E410000000803F000080BF01010000001402588E
:10E4200000020000000016430000F0C10000484256
:10E430000000F0C10000A04014AEC73ECDCCCC3EE1
:10E44000000034430000803F0000803F01010000D5
:10E4500000140258000100000000F0C200007042E9
:10E46000000048420000F0C10000A040040000008D
:10E47000040000000400000004000000040000008C
:10E48000040000000400000004000000040000007C
:10E490000502000005000000050000000500000066
:10E4A000050000000400000004000000040000005B
:10E4B000040000000400000004000000040000004C
:10E4C000040000000400000004000000040000003C
:10E4D000040000000400000004000000040000002C
:10E4E000040000000400000004000000030200001B
:10E4F0008200000082000000820000008200000014
:10E500008200000082000000820000008200000003
:10E5100082000000820000008200000082000000F3
:10E520008200000082000000820000004201000022
:10E5300042010000420100004201000042010000CF
:10E5400042010000420100004201000042010000BF
:10E5500042010000820000008200000082000000F2
:10E5600082000000820000008200000082000000A3
:10E570002A0100002A0100002A0100002A010000EF
:10E580002A0100002A0100002A0000002A000000E1
:10E590002A0000002A0000002A0000002A000000D3
:10E5A0002A0000002A0000002A0000002A000000C3
:10E5B0002A0000002A0000002A0000002A000000B3
:10E5C0002A0000002A0000002A0000002A000000A3
:10E5D0002A0000002A0000008200000082000000E3
:10E5E0008200000082000000820000008200000023
:10E5F000320100003201000032010000320100004F
:10E600003201000032010000320000003200000040
:10E610003200000032000000320000003200000032
:10E620003200000032000000320000003200000022
:10E630003200000032000000320000003200000012
:10E640003200000032000000320000003200000002
:10E650003200000032000000820000008200000052
:10E6600082000000820000000400000000000000A2
:10E67000000000000000000000000000000000009A
:10E68000000000000000000000000000000000008A
:10E69000000000000000000000000000000000007A
:10E6A000000000000000000000000000000000006A
:10E6B000000000000000000000000000000000005A
:10E6C000000000000000000000000000000000004A
:10E6D000000000000000000000000000000000003A
:10E6E000000000000000000000000000000000002A
:10E6F000000000000000000000000000000000001A
:10E700000000000000000000000000000000000009
:10E7100000000000000000000000000000000000F9
:10E7200000000000000000000000000000000000E9
:10E7300000000000000000000000000000000000D9
:10E7400000000000000000000000000000000000C9
:10E7500000000000000000000000000000000000B9
:10E7600000000000000000000000000000000000A9
:10E770000000000000000000000000000000000099
:10E780000000000000000000000000000000000089
:10E790000000000000000000000000000000000079
:10E7A0000000000000000000000000000000000069
:10E7B0000000000000000000000000000000000059
:10E7C0000000000000000000000000000000000049
:10E7D0000000000000000000000000000000000039
:10E7E0000000000000000000000000000000000029
:10E7F0000000000000000000000000000000000019
:10E800000000000000000000000000000000000008
:10E8100000000000000000000000000000000000F8
:10E8200000000000000000000000000000000000E8
:10E8300000000000000000000000000000000000D8
:10E8400000000000000000000000000000000000C8
:10E8500000000000000000000000000000000000B8
:10E8600000000000000000000000000000010203A2
:10E8700004050607080C1014182030402500480035
:10E880003A0025004D003A00250053000101010324
:10E89000070100000804020408010101C4F0030894
:10E8A0000000000000000000000000000000000068
:10E8B000000200001800000000000000000000003E
:10E8C00000000000920E493CB10AC93C2BC3163D22
:10E8D0002EFB483D752B7B3D04A9963D80B6AF3D90
:10E8E00036BDC83D2FBCE13D73B2FA3D87CF093E2E
:10E8F0008340163EB5AB223EA2102F3ECF6E3B3E6C
:10E90000C2C5473E0115543E135C603E7F9A6C3E83
:10E91000CCCF783EC07D823E938E883E229A8E3E3A
:10E9200032A0943E86A09A3EE59AA03E128FA63E63
:10E93000D47CAC3EEF63B23E2A44B83E491DBE3E95
:10E9400015EFC33E53B9C93ECA7BCF3E4136D53ED3
:10E9500080E8DA3E4F92E03E7533E63EBBCBEB3EBD
:10E96000EA5AF13ECBE0F63E275DFC3EE4E7003F8D
:10E970003D9C033F824B063F9BF5083F6B9A0B3F44
:10E98000DA390E3FCDD3103F2A68133FD9F6153F31
:10E99000C07F183FC6021B3FD17F1D3FCBF61F3FF4
:10E9A0009967223F25D2243F5636273F1594293FA9
:10E9B0004AEB2B3FDE3B2E3FBB85303FC9C8323F81
:10E9C000F304353F233A373F4268393F3B8F3B3FA3
:10E9D000F9AE3D3F67C73F3F70D8413F01E2433F3B
:10E9E00003E4453F65DE473F12D1493FF8BB4B3F4B
:10E9F000029F4D3F207A4F3F3D4D513F4918533FB5
:10EA000031DB543FE595563F5348583F6AF2593F32
:10EA10001A945B3F532D5D3F05BE5E3F2146603F2C
:10EA200097C5613F5A3C633F59AA643F880F663FD0
:10EA3000D86B673F3CBF683FA7096A3F0C4B6B3FF1
:10EA40005E836C3F93B26D3F9ED86E3F73F56F3F10
:10EA50000809713F5213723F4714733FDD0B743F37
:10EA60000BFA743FC6DE753F07BA763FC58B773F1A
:10EA7000F853783F9812793F9DC7793F02737A3FE8
:10EA8000BE147B3FCDAC7B3F283B7C3FC9BF7C3F66
:10EA9000AC3A7D3FCCAB7D3F23137E3FB0707E3FD1
:10EAA0006DC47E3F580E7F3F6D4E7F3FAB847F3FEE
:10EAB0000FB17F3F97D37F3F43EC7F3F11FB7F3FF9
:10EAC0000000803F11FB7F3F43EC7F3F97D37F3FA8
:10EAD0000FB17F3FAB847F3F6D4E7F3F580E7F3F2E
:10EAE0006DC47E3FB0707E3F23137E3FCCAB7D3F35
:10EAF000AC3A7D3FC9BF7C3F283B7C3FCDAC7B3FE0
:10EB0000BE147B3F02737A3F9DC7793F9812793FCD
:10EB1000F853783FC58B773F07BA763FC6DE753F1F
:10EB20000BFA743FDD0B743F4714733F5213723F6F
:10EB30000809713F73F56F3F9ED86E3F93B26D3FEA
:10EB40005E836C3F0C4B6B3FA7096A3F3CBF683F3D
:10EB5000D86B673F880F663F59AA643F5A3C633FB2
:10EB600097C5613F2146603F05BE5E3F532D5D3F27
:10EB70001A945B3F6AF2593F5348583FE595563F18
:10EB800031DB543F4918533F3D4D513F207A4F3FB1
:10EB9000029F4D3FF8BB4B3F12D1493F65DE473FD7
:10EBA00003E4453F01E2433F70D8413F67C73F3F21
:10EBB000F9AE3D3F3B8F3B3F4268393F233A373FF9
:10EBC000F304353FC9C8323FBB85303FDE3B2E3FA3
:10EBD0004AEB2B3F1594293F5636273F25D2243F39
:10EBE0009967223FCBF61F3FD17F1D3FC6021B3FD7
:10EBF000C07F183FD9F6153F2A68133FCDD3103F89
:10EC0000DA390E3F6B9A0B3F9BF5083F824B063F6C
:10EC10003D9C033FE4E7003F275DFC3ECBE0F63E32
:10EC2000EA5AF13EBBCBEB3E7533E63E4F92E03EF7
:10EC300080E8DA3E4136D53ECA7BCF3E53B9C93E65
:10EC400015EFC33E491DBE3E2A44B83EEF63B23EB7
:10EC5000D47CAC3E128FA63EE59AA03E86A09A3E9A
:10EC600032A0943E229A8E3E938E883EC07D823E94
:10EC7000CCCF783E7F9A6C3E135C603E0115543ECB
:10EC8000C2C5473ECF6E3B3EA2102F3EB5AB223EE3
:10EC90008340163E87CF093E73B2FA3D2FBCE13D5B
:10ECA00036BDC83D80B6AF3D04A9963D752B7B3D72
:10ECB0002EFB483D2BC3163DB10AC93C920E493C80
:10ECC00000000000920E49BCB10AC9BC2BC316BD9E
:10ECD0002EFB48BD752B7BBD04A996BD80B6AFBD8C
:10ECE00036BDC8BD2FBCE1BD73B2FABD87CF09BE2A
:10ECF000834016BEB5AB22BEA2102FBECF6E3BBE68
:10ED0000C2C547BE011554BE135C60BE7F9A6CBE7F
:10ED1000CCCF78BEC07D82BE938E88BE229A8EBE36
:10ED200032A094BE86A09ABEE59AA0BE128FA6BE5F
:10ED3000D47CACBEEF63B2BE2A44B8BE491DBEBE91
:10ED400015EFC3BE53B9C9BECA7BCFBE4136D5BECF
:10ED500080E8DABE4F92E0BE7533E6BEBBCBEBBEB9
:10ED6000EA5AF1BECBE0F6BE275DFCBEE4E700BF89
:10ED70003D9C03BF824B06BF9BF508BF6B9A0BBF40
:10ED8000DA390EBFCDD310BF2A6813BFD9F615BF2D
:10ED9000C07F18BFC6021BBFD17F1DBFCBF61FBFF0
:10EDA000996722BF25D224BF563627BF159429BFA5
:10EDB0004AEB2BBFDE3B2EBFBB8530BFC9C832BF7D
:10EDC000F30435BF233A37BF426839BF3B8F3BBF9F
:10EDD000F9AE3DBF67C73FBF70D841BF01E243BF37
:10EDE00003E445BF65DE47BF12D149BFF8BB4BBF47
:10EDF000029F4DBF207A4FBF3D4D51BF491853BFB1
:10EE000031DB54BFE59556BF534858BF6AF259BF2E
:10EE10001A945BBF532D5DBF05BE5EBF214660BF28
:10EE200097C561BF5A3C63BF59AA64BF880F66BFCC
:10EE3000D86B67BF3CBF68BFA7096ABF0C4B6BBFED
:10EE40005E836CBF93B26DBF9ED86EBF73F56FBF0C
:10EE5000080971BF521372BF471473BFDD0B74BF33
:10EE60000BFA74BFC6DE75BF07BA76BFC58B77BF16
:10EE7000F85378BF981279BF9DC779BF02737ABFE4
:10EE8000BE147BBFCDAC7BBF283B7CBFC9BF7CBF62
:10EE9000AC3A7DBFCCAB7DBF23137EBFB0707EBFCD
:10EEA0006DC47EBF580E7FBF6D4E7FBFAB847FBFEA
:10EEB0000FB17FBF97D37FBF43EC7FBF11FB7FBFF5
:10EEC000000080BF11FB7FBF43EC7FBF97D37FBFA4
:10EED0000FB17FBFAB847FBF6D4E7FBF580E7FBF2A
:10EEE0006DC47EBFB0707EBF23137EBFCCAB7DBF31
:10EEF000AC3A7DBFC9BF7CBF283B7CBFCDAC7BBFDC
:10EF0000BE147BBF02737ABF9DC779BF981279BFC9
:10EF1000F85378BFC58B77BF07BA76BFC6DE75BF1B
:10EF20000BFA74BFDD0B74BF471473BF521372BF6B
:10EF3000080971BF73F56FBF9ED86EBF93B26DBFE6
:10EF40005E836CBF0C4B6BBFA7096ABF3CBF68BF39
:10EF5000D86B67BF880F66BF59AA64BF5A3C63BFAE
:10EF600097C561BF214660BF05BE5EBF532D5DBF23
:10EF70001A945BBF6AF259BF534858BFE59556BF14
:10EF800031DB54BF491853BF3D4D51BF207A4FBFAD
:10EF9000029F4DBFF8BB4BBF12D149BF65DE47BFD3
:10EFA00003E445BF01E243BF70D841BF67C73FBF1D
:10EFB000F9AE3DBF3B8F3BBF426839BF233A37BFF5
:10EFC000F30435BFC9C832BFBB8530BFDE3B2EBF9F
:10EFD0004AEB2BBF159429BF563627BF25D224BF35
:10EFE000996722BFCBF61FBFD17F1DBFC6021BBFD3
:10EFF000C07F18BFD9F615BF2A6813BFCDD310BF85
:10F00000DA390EBF6B9A0BBF9BF508BF824B06BF68
:10F010003D9C03BFE4E700BF275DFCBECBE0F6BE2E
:10F02000EA5AF1BEBBCBEBBE7533E6BE4F92E0BEF3
:10F0300080E8DABE4136D5BECA7BCFBE53B9C9BE61
:10F0400015EFC3BE491DBEBE2A44B8BEEF63B2BEB3
:10F05000D47CACBE128FA6BEE59AA0BE86A09ABE96
:10F0600032A094BE229A8EBE938E88BEC07D82BE90
:10F07000CCCF78BE7F9A6CBE135C60BE011554BEC7
:10F08000C2C547BECF6E3BBEA2102FBEB5AB22BEDF
:10F09000834016BE87CF09BE73B2FABD2FBCE1BD57
:10F0A00036BDC8BD80B6AFBD04A996BD752B7BBD6E
:10F0B0002EFB48BD2BC316BDB10AC9BC920E49BC7C
:10F0C0000000008064656661756C745461736B0048
:10F0D00043414E5F53636865640043414E5F52781D
:10F0E00000636861737369735F746872656164005B
:10F0F000756E737570706F72746564206C6F636188
:10F100006C6520666F72207374616E646172642036
:10F11000696E707574005F5F6378615F67756172B7
:10F12000645F616371756972652064657465637499
:10F1300065642072656375727369766520696E69AE
:10F140007469616C697A6174696F6E3A20646F20CA
:10F15000796F75206861766520612066756E6374CD
:10F16000696F6E2D6C6F63616C2073746174696379
:10F17000207661726961626C652077686F736520C3
:10F18000696E697469616C697A6174696F6E206413
:10F190006570656E6473206F6E207468617420669C
:10F1A000756E6374696F6E3F00696F735F62617340
:10F1B000653A3A6661696C7572652077617320748F
:10F1C00068726F776E20696E202D666E6F2D657880
:10F1D00063657074696F6E73206D6F646520776905
:10F1E0007468206D65737361676520222573220042
:10F1F0006C656E6774685F6572726F722077617399
:10F20000207468726F776E20696E202D666E6F2D88
:10F21000657863657074696F6E73206D6F646520C7
:10F2200077697468206D6573736167652022257343
:10F2300022004C006C6F63616C65206E6F742073EC
:10F240007570706F7274656400254C6600252E30F1
:10F250004C660062617369635F737472696E670004
:10F260006C6C002570006D6F6E65795F676574204A
:10F270006572726F72004D61790072756E74696D9E
:10F28000655F6572726F7220776173207468726F48
:10F29000776E20696E202D666E6F2D6578636570C0
:10F2A00074696F6E73206D6F646520776974682070
:10F2B0006D6573736167652022257322000000006D
:10F2C00030313233343536373839000025004800C4
:10F2D0003A0025004D003A002500530000002500AB
:10F2E000610020002500620020002500640020004D
:10F2F000250048003A0025004D003A002500530043
:10F30000200025005900000074007200750065009F
:10F31000000044006500630065006D006200650048
:10F32000720000004E006F00760065006D00620004
:10F3300065007200000041007500670075007300F1
:10F340007400000025006D002F00250064002F00D0
:10F350002500790000004600720069006400610029
:10F36000790000004D006F006E00640061007900BC
:10F370000000530075006E00640061007900000019
:10F380005300610074007500720064006100790030
:10F390000000540068007500720073006400610092
:10F3A000790000004600650062007200750061008F
:10F3B00072007900000000004D006100790000003B
:10F3C000E0F6030800000024A0030000300300085A
:10F3D00020F90308A0030024303E02009003000837
:10F3E000000000000000F07FFFFFFFFFFFFFEF7F46
:10F3F0001001000043000000F8FFFFFF0040404004
:10F4000040404040404041414141414040404040F7
:10F4100040404040404040404040404040050202A3
:10F420000202020202020202020202020220202062
:10F4300020202020202020020202020202029090BE
:10F4400090909090101010101010101010101010BC
:10F450001010101010101010020202020202888810
:10F46000888888880808080808080808080808081C
:10F470000808080808080808020202024000000004
:10F48000000000000000000000000000000000007C
:10F49000000000000000000000000000000000006C
:10F4A000000000000000000000000000000000005C
:10F4B000000000000000000000000000000000004C
:10F4C000000000000000000000000000000000003C
:10F4D000000000000000000000000000000000002C
:10F4E000000000000000000000000000000000001C
:10F4F000000000000000000000000000000000000C
:10F500008001000043000000F8FFFFFF380000000A
:10F510005400000099000000C900000040010000F4
:10F520004301000046010000550100005E0100009B
:10F53000040000000A000000040000000A000000AF
:10F540006701000053756E004D6F6E0054756500C5
:10F550005765640054687500467269005361740011
:10F5600053756E646179000000004D6F6E646179BF
:10F5700000000000547565736461790000005765F0
:10F58000646E65736461790054687572736461793F
:10F59000000046726964617900000000536174756F
:10F5A00072646179004A616E00466562004D617265
:10F5B00000417072004D6179004A756E004A756CA9
:10F5C0000041756700536570004F6374004E6F769D
:10F5D00000446563004A616E7561727900000046FF
:10F5E0006562727561727900004D61726368000036
:10F5F000000000417072696C00000000004D6179EC
:10F60000000000000000004A756E65000000000068
:10F61000004A756C79000000000000417567757341
:10F62000740000000053657074656D626572004F70
:10F6300063746F6265720000004E6F76656D62657F
:10F64000720000446563656D62657200414D005053
:10F650004D0025612025622025652025542025594F
:10F6600000256D2F25642F25790025483A254D3A30
:10F6700025530025493A254D3A2553202570000091
:10F680001C00000043000000F8FFFFFF0C0000001A
:10F690000E0000000F0000002E000000751EFDFF90
:10F6A0004918FDFFC517FDFF091EFDFF6D18FDFF81
:10F6B000E917FDFF8517FDFF891EFDFFE517FDFF1B
:10F6C000211EFDFF000000000000000000000000FF
:10F6D000000000000000000000000000000000002A
:10F6E00001141341F11B0879041A89041AB9041A88
:10F6F000E9041A19041A5104512C90D00304137907
:10F70000EC1408C9EA4C08D1ED181329EB1B0811B9
:10F71000101A8904C11AC9181A71041A21301A6101
:10F72000081409024313020125C03209041B010217
:10F730000B130524161001052401100901042402ED
:10F7400002052406170107058203081510090401A4
:10F7500033020A2E0705010240072A810711130A06
:10F760000632023340011A12231302021E408304A0
:10F770004057591B02031513314E1B0829041A2147
:10F78000041A99041AC1040718040309041A03127D
:10F7900001300925483A254D3A2553280A08256D98
:10F7A0002F25642F25790C181114AEC73E0AD7A354
:10F7B0003E280F0B3E9A99193F0C223D1316431C0D
:10F7C00080844392201243B81E853DEFE6E93DD682
:10F7D000E2933DC45FEF421AB418411822B443FCCF
:10F7E000A9F13DD2FFB73E019B233E40A8463C8491
:10F7F000F11F3E52B89E3EAE47613D295C8F4841A5
:10F8000013B642451802580819085A20085A8008A9
:10F810005A100829F8290819AB112C8FC2F5944207
:10F820003C1C9A9999485AD27441180BC03E9C844A
:10F83000E842A470BDBE0C1EBEB2BD73430C2A3E8E
:10F840000C325B45AEA2BA3F3C5EA3AA40194F21E1
:10F850002C408344D838086C4CD04228F99F6B2147
:10F860003BFA451C180B606A4613CD753E25ACB7B4
:10F87000441A20E01A076C29E4180AB44260238075
:10F880003D1D7932181E10435F590F0839182A435D
:10F89000DC5CCDCC4CE03B803F48111E8040CDCCA1
:10F8A000CC145A406061491C1BE143C819401A96A8
:10F8B000405340414B409C804C80BB454C3AA03863
:10F8C000695849381E16438FC2F5C80A11601C5A80
:10F8D000FA1C8A7A5499D409168C29181CA69B44C0
:10F8E0003809101C48099A99193E0AD7233C6054DC
:10F8F000F041644998C9D02F40406F12833A0C32CE
:10F90000101AAA0129AC4904313C50C346281908F1
:10F9100019E106143F17B7D13800000000000000BD
:04000005080002CD20
:00000001FF
