:020000040800F2
:1000000000560024AD030008299A00084196000814
:10001000219A0008810A000819B3000800000000B6
:10002000000000000000000000000000B19E000879
:100030000110000800000000A19A0008F99E0008C5
:10004000CB030008CB030008CB030008CB03000858
:10005000CB030008CB030008CB030008CB03000848
:10006000CB030008CB030008CB030008890A000873
:10007000CB030008CB030008CB030008CB03000828
:10008000CB030008CB030008CB0300084110000895
:1000900051100008CB030008CB030008CB03000875
:1000A000CB030008CB030008CB030008CB030008F8
:1000B000CB030008CB03000881A00008CB03000895
:1000C000CB030008CB030008CB030008CB030008D8
:1000D000CB03000809B30008CB030008CB030008DA
:1000E000CB030008CB03000800000000CB0300088E
:1000F000A1A00008CB030008CB030008CB03000835
:10010000CB030008CB030008CB030008CB03000897
:10011000CB030008CB03000891A00008CB03000824
:10012000CB030008CB030008CB030008CB03000877
:10013000CB030008CB030008CB030008CB03000867
:1001400000000000000000000000000000000000AF
:10015000CB030008CB030008CB030008CB03000847
:10016000CB030008CB030008CB030008CB03000837
:10017000CB030008CB030008CB03000800000000FD
:10018000CB030008CB030008CB030008CB03000817
:10019000CB030008CB030008CB030008CB03000807
:1001A000CB030008CB030008CB03000800000000CD
:1001B000CB030008CB030008CB030008CB030008E7
:1001C000CB030008CB030008000000000000000083
:1001D0000000000000000000CB0300080000000049
:1001E000000000000000000000000000000000000F
:1001F0000000000000000000CB030008CB03000853
:10020000CB030008CB03000800000000CB0300086C
:10021000CB030008CB030008CB030008CB03000886
:10022000CB03000800000000CB0300080000000022
:10023000CB030008CB03000800000000CB0300083C
:10024000CB030008CB030008CB030008CB03000856
:10025000CB030008CB030008CB030008CB03000846
:10026000CB030008CB030008CB030008CB03000836
:10027000CB030008CB030008CB03000800000000FC
:10028000CB030008CB030008CB030008CB03000816
:1002900000000000CB030008CB03000800000000B2
:1002A00000000000CB030008CB030008CB030008CC
:1002B000CB030008CB030008CB0300086110000843
:1002C000CB030008CB030008CB03000800F002F8C2
:1002D00000F05DF814A696E8000CB244B344DA4589
:1002E00001D100F054F8BAE80F000FA696E83000EC
:1002F000A5EB040504EB0607AAEB0704A7F1010729
:100300004FEA15154FEA3414A4F10104AC4201D3AD
:1003100000F03DF813F0010F18BFFB1A43F0010382
:1003200000F001F8DBE718470C0101002C01010087
:10033000103A24BF78C878C1FAD8520724BF30C811
:1003400030C144BF04680C60704700007047000073
:100350000023002400250026103A28BF78C1FBD8CE
:10036000520728BF30C148BF0B6070471FB50FF060
:100370000BFF9DE8030000F035FA00F0A5FA00F04D
:100380007FF91FBD10B5002000F06CFA10BD00F021
:10039000ABFA1146FFF7EAFF0CF0DEFB00F0E3FAE0
:1003A00003B4FFF7EFFF03BC00F094FA0A4880475C
:1003B0000A4880470A480047FEE7FEE7FEE7FEE7F7
:1003C000FEE7FEE7FEE7FEE7FEE7FEE70548064933
:1003D000064A074B7047000019100008199F0008D3
:1003E000CD020008005000240056002400520024D2
:1003F0000052002453EA020C00F069802DE9F04B12
:100400004FF00006002B1FBFB3FA83F503FA05F483
:1004100024FA05F65E4012BF1643B2FA82F502FADC
:1004200005F4C5F120051EBF22FA05FC44EA0C04C0
:10043000203556EA044C4FEA144418BF641C4FF0B0
:1004400000084FF00009904271EB030C39D30029EA
:1004500019BFB1FA81F701FA07F6B0FA80F700FA8E
:1004600007F6C7F120071EBF20FA07FC46EA0C0674
:100470002037B6FBF4FCA7EB0507103F07F01F0B76
:10048000CBF120062CFA06F60CFA0BFB44BFB34660
:100490000026202FA4BF5E464FF0000B5BEA060C3F
:1004A00008BF4FF0010B19EB0B0948EB0608ABFB3B
:1004B000027C06FB02CC0BFB03CCC01B71EB0C01D6
:1004C000C1E70B46024641464846BDE8F08B13B5EE
:1004D000084318BF4FF0FF300146AFF30080BDE87E
:1004E0001C4070470B460146184600F035B910B560
:1004F000431C02E010F8011B71B18107FAD14FF0E3
:10050000013202C88C1A8C4314EAC211F9D0C01A05
:100510000A0603D0C01E10BDC01A10BD0A0401D0C7
:10052000801E10BD0902FCD0401E10BD032A40F2FF
:10053000308010F0030C00F0158011F8013BBCF185
:10054000020F624498BF11F801CB00F8013B38BF9D
:1005500011F8013BA2F1040298BF00F801CB38BFAB
:1005600000F8013B11F0030300F02580083AC0F0C9
:10057000088051F8043B083A51F804CBA0E8081071
:10058000F5E7121D5CBF51F8043B40F8043BAFF3A4
:100590000080D20724BF11F8013B11F801CB48BFFE
:1005A00011F8012B24BF00F8013B00F801CB48BF34
:1005B00000F8012B704710B5203AC0F00B80B1E86D
:1005C0001850A0E81850B1E81850A0E81850203A88
:1005D000BFF4F5AF5FEA027C24BFB1E81850A0E891
:1005E000185044BF18C918C0BDE810405FEA827CAB
:1005F00024BF51F8043B40F8043B08BF7047D207C2
:1006000028BF31F8023B48BF11F8012B28BF20F862
:10061000023B48BF00F8012B704702F0FF0343EA9A
:10062000032242EA024200F002B84FF0000200B595
:10063000134694469646203922BFA0E80C50A0E805
:100640000C50B1F12001BFF4F7AF090728BFA0E8B3
:100650000C5048BF0CC05DF804EB890028BF40F87F
:10066000042B08BF704748BF20F8022B11F0804FC1
:1006700018BF00F8012B70477047704770470000A3
:1006800008487CB57844009007487844009C0546AB
:10069000019004E02046016808448047241DAC42D4
:1006A000F8D17CBDCCFD0000CEFD000070B5064643
:1006B00000F078F8056806F10B0020F00704B4425A
:1006C0009CBF002070BD2B466A68BAB11068A0427A
:1006D00010D304F1080188423CBF5068586007D32A
:1006E0005168101941601168091B0160586014605D
:1006F000101D70BD13465268002AE7D121462846D6
:1007000000F05CF80028DED170BD70B50446051F0E
:1007100000F048F80068002C14BF446870BD002C3D
:1007200018BFAC423CBF20466468F8D301680A1881
:10073000AA4218BF456003D12A68054611440160EA
:1007400028684119A1421CBF6C6070BD6168696076
:1007500021680844286070BD2DE9F0410746154620
:100760000E461020FFF7A2FF040013D06760C4E913
:1007700002650948AFF3008000F018F801682160B5
:1007800006490460002008600348AFF300800020A1
:10079000BDE8F0810120FBE70400002400000024F4
:1007A0000020704700487047280000240048704728
:1007B00058000024704770477047704738B50446AA
:1007C0000A4600206946AFF30080002808BF38BD04
:1007D00002460099204600F0ACF8012038BD012007
:1007E00000F0D1B8F8B5AFF30080054600200C4604
:1007F0000C2000BF0646A819A0420DD93246694612
:100800000020AFF30080070008BF00F0BCF800989C
:10081000A04218BF0546C419FFF7C4FF056007468C
:10082000F01D20F007004619284600F00AF8B442EF
:1008300008BFF8BDA21B31463868BDE8F84000F09B
:1008400078B800210160416070470C20704710B5F6
:10085000002000F091F8FFF795FDBDE81040012061
:1008600000F038B82DE9F84306461548AFF300808C
:10087000FFF79CFF134F8146E8464D4616E026B130
:10088000E068B04201D0254610E0206828600C489E
:10089000C7F80080AFF30080D4E901018847084819
:1008A000AFF300803968414500D04D462C68002CDC
:1008B000E5D1002038600248AFF30080BDE8F8833E
:1008C00004000024000000240148FFF769BF000075
:1008D0000400002401491820ABBEFEE726000200F8
:1008E00000487047200000247546FFF7F9FFAE4628
:1008F00005006946534620F00700854618B020B52C
:10090000FFF764FDBDE820404FF000064FF0000700
:100910004FF000084FF0000BAC46ACE8C009ACE863
:10092000C009ACE8C009ACE8C00921F007018D4658
:100930007047034640688C46002818BF88423CBF79
:1009400003464068F8D318681844884207D00CF171
:10095000030020F00700001D411A521A0146081D2D
:100960000A60FFF7D2BE10B50446AFF30080204600
:10097000BDE81040FFF714BD10B500F011F8BDE858
:10098000104000F008B810B500F022F8BDE81040A3
:1009900000F001B87047002801D0FFF79BBF7047F7
:1009A00010B5002102A000F03BF8012010BD0000AE
:1009B000534947414252543A2041626E6F726D6111
:1009C0006C207465726D696E6174696F6E000000F1
:1009D00010B5012805D0002103A000F021F8012066
:1009E00010BD09A1F8E7000053494752544D454D49
:1009F0003A204F7574206F662068656170206D65C0
:100A00006D6F7279000000003A2048656170206DBA
:100A1000656D6F727920636F7272757074656400B2
:100A200070B505460C460A2000E06D1C00F011F878
:100A300035B128780028F8D102E0641C00F009F8EC
:100A400014B120780028F8D1BDE870400A20AFF337
:100A5000008008B569468DF800000320ABBE08BDD4
:100A600080B50BF0B1FD40F22851C2F200410BF00D
:100A700007FE40F25420C2F200400AF06DFD80BD36
:100A8000FFE7FEE70000000080B540F2D020C2F290
:100A9000004001F0C1FC80BD83B002900298016863
:100AA00001201022C4F202029142009000F0A380C3
:100AB000FFE70298016801202822C4F20202914255
:100AC000009000F09880FFE7029801680120402222
:100AD000C4F202029142009000F08D80FFE702987C
:100AE000016801205822C4F202029142009000F0F5
:100AF0008280FFE70298016801207022C4F202029E
:100B00009142009077D0FFE7029801680120882287
:100B1000C4F20202914200906DD0FFE70298016892
:100B20000120A022C4F202029142009063D0FFE7AC
:100B3000029801680120B822C4F20202914200909A
:100B400059D0FFE702980168012040F21042C4F238
:100B50000202914200904ED0FFE702980168012006
:100B600040F22842C4F202029142009043D0FFE7D3
:100B700002980168012040F24042C4F20202914210
:100B8000009038D0FFE702980168012040F25842F7
:100B9000C4F20202914200902DD0FFE70298016852
:100BA000012040F27042C4F202029142009022D031
:100BB000FFE702980168012040F28842C4F2020275
:100BC0009142009017D0FFE702980168012040F29F
:100BD000A042C4F20202914200900CD0FFE70298BA
:100BE00000684FF64831CBF6FD710844B0FA80F04A
:100BF00040090090FFE70098C00740B3FFE7029864
:100C0000007810384AF6AB21CAF6AA21A0FB0110E1
:100C100000090190019800F0070140F21020C0F691
:100C20000100405C0299C8650198042807D3FFE7DA
:100C300002990868042262F30900886506E00299B7
:100C4000086840F2FF3290438865FFE705E00299AB
:100C5000086820F0FF008865FFE70298806D03B008
:100C6000704700000000000084B003900398006803
:100C7000019003980168012045F20842C5F602027E
:100C8000914200904ED0FFE703980168012045F2A1
:100C90001C42C5F602029142009043D0FFE7039840
:100CA0000168012045F23042C5F6020291420090EF
:100CB00038D0FFE703980168012045F24442C5F6A9
:100CC0000202914200902DD0FFE7039801680120B5
:100CD00045F25842C5F602029142009022D0FFE749
:100CE00003980168012045F26C42C5F60202914268
:100CF000009017D0FFE703980168012045F2804279
:100D0000C5F60202914200900CD0FFE703980068FC
:100D10004AF66C31CAF2FD710844B0FA80F040091D
:100D20000090FFE70098C00710B3FFE70398007832
:100D300008384CF6CD41CCF6CC41A0FB011000099F
:100D40000290029945F60000C5F6020000EB810012
:100D500003990866039945F68000C5F602004866C7
:100D6000029800F01F01012088400399886635E051
:100D70000398007810384AF6AB21CAF6AA21A0FBE6
:100D8000011000090290019840F2B841C4F202013A
:100D900088420CD8FFE7019840F21041C4F20201EA
:100DA000884204D3FFE7029808300290FFE70299D7
:100DB00040F60000C4F2020000EB810003990866CF
:100DC000039940F68000C4F202004866029800F0E1
:100DD0001F010120884003998866FFE704B070472F
:100DE00083B002900298007901900198002800F0E9
:100DF0008A80FFE70198082800F28580FFE70298C3
:100E00000168012045F20842C5F6020291420090B5
:100E10004ED0FFE702980168012045F21C42C5F65A
:100E200002029142009043D0FFE70298016801203E
:100E300045F23042C5F602029142009038D0FFE7F9
:100E400002980168012045F24442C5F6020291422F
:100E500000902DD0FFE702980168012045F258422A
:100E6000C5F602029142009022D0FFE70298016885
:100E7000012045F26C42C5F602029142009017D063
:100E8000FFE702980168012045F28042C5F60202A0
:100E9000914200900CD0FFE7029800684AF66C314E
:100EA000CAF2FD710844B0FA80F040090090FFE7F3
:100EB0000098C00780B1FFE7019945F6FC00C5F630
:100EC000020000EB81000299C866029945F64010C5
:100ED000C5F6020008670FE0019940F6FC00C4F275
:100EE000020000EB81000299C866029940F64010AA
:100EF000C4F202000867FFE70198411E0120884004
:100F000002994867FFE703B0704700000000000047
:100F100085B0049000208DF80F000498806918BBFC
:100F2000FFE70498806A029003281BD80299DFE843
:100F300001F0020D0218049890F82F00C00720B1AC
:100F4000FFE701208DF80F00FFE70CE00498C06A6E
:100F5000B0F1C07F04D1FFE701208DF80F00FFE75B
:100F600001E000E0FFE747E004988069B0F5005F2A
:100F700026D1FFE70498806A019003281ED80199C2
:100F8000DFE801F00206021101208DF80F0016E0E3
:100F9000049890F82F00C00720B1FFE701208DF8DA
:100FA0000F00FFE70BE00498C06AB0F1C07F04D1E6
:100FB000FFE701208DF80F00FFE700E0FFE71AE0F0
:100FC0000498806A0090032804D3FFE70098032860
:100FD00004D00EE001208DF80F000BE0049890F88B
:100FE0002F00C00720B1FFE701208DF80F00FFE7B9
:100FF00000E0FFE7FFE7FFE79DF80F0005B070474F
:10100000704700000000000081B0EFF3108072B65E
:101010000090FFE7FEE7000044F60C01C5F6020170
:10102000086840F002000860FFE744F60400C5F6D7
:10103000020000688004002801D4FFE7F5E770474C
:1010400080B540F24830C2F2004003F07DFA80BD26
:1010500080B540F2E830C2F2004003F075FA80BD7E
:1010600080B540F28840C2F2004003F06DFA80BDC6
:1010700084B002900298406B009002980068D0F80B
:1010800084004FF6FC718843009940EA8100029980
:101090000968C1F8840002980068D0F8840020F440
:1010A0007F00029A1168926B40EA0240C1F8840006
:1010B0000298816B00980844009002980068D0F86C
:1010C00088006FF38F00009940EA81000299096857
:1010D000C1F8880002980068D0F8880020F4FE006B
:1010E000029A1168D26B40EA0240C1F88800029867
:1010F000C16B009800EB4100009002980068D0F8A6
:10110000A0006FF38F00009940EA810002990968FE
:10111000C1F8A00002980068D0F8A00020F4FE00FA
:10112000029A1168126C40EA0240C1F8A0000299CC
:10113000086C496C009A00FB01200090029800683E
:10114000D0F8B0006FF38F00009940EA8100029957
:101150000968C1F8B00002980068D0F8B00020F427
:10116000FE00029A1168926C40EA0240C1F8B00099
:101170000299886CC96C009A00FB012000900298CB
:101180000068D0F8AC006FF38F00009940EA81004E
:1011900002990968C1F8AC000299086D496D009A7E
:1011A00000FB0120009002980068D0F8F0006FF377
:1011B0008F00009940EA810002990968C1F8F000A7
:1011C00002980068D0F8F00020F47C10029A1168B0
:1011D000926D40EA0240C1F8F0000298816D0098DB
:1011E00000EB4100009002980068D0F8C0006FF357
:1011F0008F00009940EA810002990968C1F8C00097
:1012000002980068D0F8C00020F47C10029A11689F
:10121000D26D40EA0240C1F8C00002980068D0F8E0
:10122000C00020F07C50029A1168126E40EA026001
:10123000C1F8C00002994A6B4AF60040C4F20000AF
:1012400000EB8200C86602998A6BC86E00EB8200D0
:1012500008670299CA6B086F00EBC20048670299E1
:101260000A6C4B6C486F5A4300EB82008867029906
:101270008A6CCB6C886F5A4300EB8200C867029976
:101280000A6D4B6DC86F5A4300EB8200C1F88000B5
:1012900002998A6DD1F8800000EBC200C1F8840089
:1012A0000299CA6D8B6ED1F884005A4300EB82001C
:1012B000C1F8880002990A6E8B6ED1F888005A43F3
:1012C00000EB8200C1F890000298D0F890004DF237
:1012D000FD31C4F2000188420FD3FFE70299D1F833
:1012E0009C0040F02000C1F89C000299032081F886
:1012F000980001208DF80F0017E00298C06E019051
:10130000FFE701980299D1F89010884208D2FFE7D0
:10131000019900200860FFE7019804300190F0E790
:10132000FFE700208DF80F00FFE79DF80F0004B0E5
:10133000704700000000000088B0079006910592F9
:1013400004930698406848B9FFE7069801688268E8
:101350000069104340EA8140039009E00698016863
:10136000826800691043084340F080400390FFE723
:101370000698D0F820C0C16842698369C06940EA14
:101380000C601843104340EA014002900798826EB7
:10139000D0F884000499514300EB81000190039838
:1013A0000199086001980430019002980199086041
:1013B00001980430019000200090FFE70098069902
:1013C000CA6840F20021C0F60101895C88420DD252
:1013D000FFE705980099405801990860019804308A
:1013E0000190FFE7009804300090E7E708B07047ED
:1013F00080B58AB0089004F013F90490089828B9D1
:10140000FFE701208DF8270000F0AABC089890F8AB
:10141000350002280ED0FFE7089980204865FFE7D5
:101420000899002081F83400FFE701208DF827009B
:1014300000F096BC0898016801201022C4F2020254
:101440009142039000F0A380FFE708980168012013
:101450002822C4F202029142039000F09880FFE734
:101460000898016801204022C4F2020291420390D0
:1014700000F08D80FFE70898016801205822C4F22F
:1014800002029142039000F08280FFE70898016811
:1014900001207022C4F202029142039077D0FFE74C
:1014A0000898016801208822C4F202029142039048
:1014B0006DD0FFE7089801680120A022C4F2020263
:1014C0009142039063D0FFE7089801680120B82299
:1014D000C4F202029142039059D0FFE708980168D4
:1014E000012040F21042C4F20202914203904ED019
:1014F000FFE708980168012040F22842C4F2020286
:101500009142039043D0FFE708980168012040F220
:101510004042C4F202029142039038D0FFE708989B
:101520000168012040F25842C4F202029142039045
:101530002DD0FFE708980168012040F27042C4F204
:1015400002029142039022D0FFE70898016801202F
:1015500040F28842C4F202029142039017D0FFE7A2
:1015600008980168012040F2A042C4F202029142B0
:1015700003900CD0FFE7089800684FF64831CBF68F
:10158000FD710844B0FA80F040090390FFE703982A
:10159000C00780B1FFE708980168086820F01E00C6
:1015A000086008980168486920F080004861089840
:1015B0000068059009E008980168086820F00E00AE
:1015C0000860089800680590FFE708980168012006
:1015D0001022C4F202029142029000F00381FFE760
:1015E0000898016801202822C4F202029142029068
:1015F00000F0F880FFE70898016801204022C4F25B
:1016000002029142029000F0ED80FFE70898016825
:1016100001205822C4F202029142029000F0E280BE
:10162000FFE70898016801207022C4F2020291428B
:10163000029000F0D780FFE7089801680120882217
:10164000C4F202029142029000F0CC80FFE70898B9
:1016500001680120A022C4F202029142029000F02F
:10166000C180FFE7089801680120B822C4F2020295
:101670009142029000F0B680FFE7089801680120CF
:1016800040F21042C4F202029142029000F0AA809D
:10169000FFE708980168012040F22842C4F20202E4
:1016A0009142029000F09E80FFE7089801680120B7
:1016B00040F24042C4F202029142029000F0928055
:1016C000FFE708980168012040F25842C4F2020284
:1016D0009142029000F08680FFE70898016801209F
:1016E00040F27042C4F20202914202907AD0FFE7C7
:1016F00008980168012040F28842C4F20202914237
:1017000002906FD0FFE708980168012040F2A042E4
:10171000C4F202029142029064D0FFE70898016887
:10172000012040F2B842C4F202029142029059D024
:10173000FFE708980168012045F20842C5F6020259
:10174000914202904ED0FFE708980168012045F2CF
:101750001C42C5F602029142029043D0FFE708986E
:101760000168012045F23042C5F602029142029022
:1017700038D0FFE708980168012045F24442C5F6D9
:101780000202914202902DD0FFE7089801680120E3
:1017900045F25842C5F602029142029022D0FFE77C
:1017A00008980168012045F26C42C5F60202914298
:1017B000029017D0FFE708980168012045F28042A7
:1017C000C5F60202914202900CD0FFE7089800682B
:1017D0004AF66C31CAF2FD710844B0FA80F0400953
:1017E0000290FFE70298C00738B1FFE70898016E42
:1017F000086820F480700860FFE7089800681021EE
:10180000C4F20201884200F08180FFE70898006876
:101810002821C4F20201884278D0FFE708980068C6
:101820004021C4F20201884270D0FFE708980068A6
:101830005821C4F20201884268D0FFE70898006886
:101840007021C4F20201884260D0FFE70898006866
:101850008821C4F20201884258D0FFE70898006846
:10186000A021C4F20201884250D0FFE70898006826
:10187000B821C4F20201884248D0FFE70898006806
:1018800040F21041C4F2020188423FD0FFE70898BD
:10189000006840F22841C4F20201884236D0FFE7D6
:1018A0000898006840F24041C4F2020188422DD0FD
:1018B000FFE70898006840F25841C4F202018842EC
:1018C00024D0FFE70898006840F27041C4F202019A
:1018D00088421BD0FFE70898006840F28841C4F2B4
:1018E0000201884212D0FFE70898006840F2A04148
:1018F000C4F20201884209D0FFE70898006840F26C
:10190000B841C4F20201884207D1FFE70898016894
:10191000086820F00100086006E00898016808687F
:1019200020F001000860FFE7FFE705980068C007A6
:10193000C8B1FFE703F074FE0499401A062811D3DA
:10194000FFE70899202048650899032081F83500B1
:10195000FFE70899002081F83400FFE701208DF8A7
:101960002700FDE1E1E70898016801201022C4F298
:1019700002029142019000F0A380FFE708980168FD
:1019800001202822C4F202029142019000F09880C6
:10199000FFE70898016801204022C4F20202914248
:1019A000019000F08D80FFE708980168012058221F
:1019B000C4F202029142019000F08280FFE7089891
:1019C000016801207022C4F202029142019077D096
:1019D000FFE70898016801208822C4F202029142C0
:1019E00001906DD0FFE7089801680120A022C4F2A1
:1019F00002029142019063D0FFE70898016801203C
:101A0000B822C4F202029142019059D0FFE708982F
:101A10000168012040F21042C4F20202914201909A
:101A20004ED0FFE708980168012040F22842C4F236
:101A300002029142019043D0FFE70898016801201B
:101A400040F24042C4F202029142019038D0FFE7D6
:101A500008980168012040F25842C4F20202914203
:101A600001902DD0FFE708980168012040F27042F4
:101A7000C4F202029142019022D0FFE70898016867
:101A8000012040F28842C4F202029142019017D034
:101A9000FFE708980168012040F2A042C4F2020268
:101AA000914201900CD0FFE7089800684FF648314A
:101AB000CBF6FD710844B0FA80F040090190FFE7D1
:101AC0000198C00760B1FFE70898806D07900898FB
:101AD000C06D00F01F013F208840079988600BE02F
:101AE0000898806D06900898C06D00F01F010120D5
:101AF000884006994860FFE7089801680120102295
:101B0000C4F202029142009000F00381FFE70898BE
:101B1000016801202822C4F202029142009000F0E4
:101B2000F880FFE70898016801204022C4F2020211
:101B30009142009000F0ED80FFE7089801680120D5
:101B40005822C4F202029142009000F0E280FFE7C6
:101B50000898016801207022C4F2020291420090AC
:101B600000F0D780FFE70898016801208822C4F2BE
:101B700002029142009000F0CC80FFE708980168D3
:101B80000120A022C4F202029142009000F0C18024
:101B9000FFE7089801680120B822C4F202029142CE
:101BA000009000F0B680FFE708980168012040F23D
:101BB0001042C4F202029142009000F0AA80FFE7B6
:101BC00008980168012040F22842C4F202029142C2
:101BD000009000F09E80FFE708980168012040F225
:101BE0004042C4F202029142009000F09280FFE76E
:101BF00008980168012040F25842C4F20202914262
:101C0000009000F08680FFE708980168012040F20C
:101C10007042C4F20202914200907AD0FFE7089825
:101C20000168012040F28842C4F202029142009011
:101C30006FD0FFE708980168012040F2A042C4F28B
:101C400002029142009064D0FFE7089801680120E9
:101C500040F2B842C4F202029142009059D0FFE72C
:101C600008980168012045F20842C5F60202914237
:101C700000904ED0FFE708980168012045F21C4211
:101C8000C5F602029142009043D0FFE70898016830
:101C9000012045F23042C5F602029142009038D050
:101CA000FFE708980168012045F24442C5F60202A8
:101CB000914200902DD0FFE708980168012045F27D
:101CC0005842C5F602029142009022D0FFE70898E0
:101CD0000168012045F26C42C5F602029142009073
:101CE00017D0FFE708980168012045F28042C5F649
:101CF0000202914200900CD0FFE7089800684AF673
:101D00006C31CAF2FD710844B0FA80F040090090CD
:101D1000FFE70098C007A0B1FFE70898416E806E0A
:101D200048600898C06E58B1FFE70898C16E08680F
:101D300020F4807008600898016F406F4860FFE7EA
:101D4000FFE70899012081F83500FFE70899002096
:101D500081F83400FFE7FFE700208DF82700FFE758
:101D60009DF827000AB080BD80B586B00490049825
:101D700020B9FFE701208DF8170046E3049890F89A
:101D80003500022807D0FFE704998020486501202C
:101D90008DF8170039E30498016801201022C4F27D
:101DA00002029142029000F0A380FFE704980168CC
:101DB00001202822C4F202029142029000F0988091
:101DC000FFE70498016801204022C4F20202914218
:101DD000029000F08D80FFE70498016801205822EE
:101DE000C4F202029142029000F08280FFE7049860
:101DF000016801207022C4F202029142029077D061
:101E0000FFE70498016801208822C4F2020291428F
:101E100002906DD0FFE7049801680120A022C4F26F
:101E200002029142029063D0FFE70498016801200A
:101E3000B822C4F202029142029059D0FFE70498FE
:101E40000168012040F21042C4F202029142029065
:101E50004ED0FFE704980168012040F22842C4F206
:101E600002029142029043D0FFE7049801680120EA
:101E700040F24042C4F202029142029038D0FFE7A1
:101E800004980168012040F25842C4F202029142D3
:101E900002902DD0FFE704980168012040F27042C3
:101EA000C4F202029142029022D0FFE70498016836
:101EB000012040F28842C4F202029142029017D0FF
:101EC000FFE704980168012040F2A042C4F2020238
:101ED000914202900CD0FFE7049800684FF6483119
:101EE000CBF6FD710844B0FA80F040090290FFE79C
:101EF0000298C007002800F09D80FFE704990420A5
:101F000081F83500049800681021C4F2020188426B
:101F100000F08180FFE7049800682821C4F20201E4
:101F2000884278D0FFE7049800684021C4F202019B
:101F3000884270D0FFE7049800685821C4F202017B
:101F4000884268D0FFE7049800687021C4F202015B
:101F5000884260D0FFE7049800688821C4F202013B
:101F6000884258D0FFE704980068A021C4F202011B
:101F7000884250D0FFE704980068B821C4F20201FB
:101F8000884248D0FFE70498006840F21041C4F24C
:101F9000020188423FD0FFE70498006840F22841E0
:101FA000C4F20201884236D0FFE70498006840F28C
:101FB0004041C4F2020188422DD0FFE70498006836
:101FC00040F25841C4F20201884224D0FFE704984D
:101FD000006840F27041C4F2020188421BD0FFE762
:101FE0000498006840F28841C4F20201884212D08D
:101FF000FFE70498006840F2A041C4F20201884261
:1020000009D0FFE70498006840F2B841C4F2020129
:10201000884207D1FFE704980168086820F00100B2
:10202000086006E004980168086820F00100086074
:10203000FFE7E5E104980168086820F00E000860F9
:10204000049800681021C4F20201884200F08180E7
:10205000FFE7049800682821C4F20201884278D082
:10206000FFE7049800684021C4F20201884270D062
:10207000FFE7049800685821C4F20201884268D042
:10208000FFE7049800687021C4F20201884260D022
:10209000FFE7049800688821C4F20201884258D002
:1020A000FFE704980068A021C4F20201884250D0E2
:1020B000FFE704980068B821C4F20201884248D0C2
:1020C000FFE70498006840F21041C4F20201884220
:1020D0003FD0FFE70498006840F22841C4F20201B3
:1020E000884236D0FFE70498006840F24041C4F2CD
:1020F000020188422DD0FFE70498006840F2584161
:10210000C4F20201884224D0FFE70498006840F23C
:102110007041C4F2020188421BD0FFE704980068B6
:1021200040F28841C4F20201884212D0FFE70498CD
:10213000006840F2A041C4F20201884209D0FFE7E2
:102140000498006840F2B841C4F20201884207D105
:10215000FFE704980168086820F00100086006E0C5
:1021600004980168086820F001000860FFE70498FF
:10217000016801201022C4F202029142019000F095
:102180000381FFE70498016801202822C4F20202BB
:102190009142019000F0F880FFE704980168012067
:1021A0004022C4F202029142019000F0ED80FFE76C
:1021B0000498016801205822C4F202029142019061
:1021C00000F0E280FFE70498016801207022C4F269
:1021D00002029142019000F0D780FFE70498016865
:1021E00001208822C4F202029142019000F0CC80CA
:1021F000FFE7049801680120A022C4F20202914284
:10220000019000F0C180FFE7049801680120B82226
:10221000C4F202029142019000F0B680FFE70498F8
:102220000168012040F21042C4F202029142019082
:1022300000F0AA80FFE704980168012040F22842DC
:10224000C4F202029142019000F09E80FFE70498E0
:102250000168012040F24042C4F202029142019022
:1022600000F09280FFE704980168012040F2584294
:10227000C4F202029142019000F08680FFE70498C8
:102280000168012040F27042C4F2020291420190C2
:102290007AD0FFE704980168012040F28842C4F236
:1022A0000202914201906FD0FFE70498016801207B
:1022B00040F2A042C4F202029142019064D0FFE7D2
:1022C00004980168012040F2B842C4F2020291422F
:1022D000019059D0FFE704980168012045F20842B7
:1022E000C5F60202914201904ED0FFE704980168C2
:1022F000012045F21C42C5F602029142019043D0F2
:10230000FFE704980168012045F23042C5F6020259
:102310009142019038D0FFE704980168012045F20E
:102320004442C5F60202914201902DD0FFE7049885
:102330000168012045F25842C5F60202914201901F
:1023400022D0FFE704980168012045F26C42C5F6EF
:1023500002029142019017D0FFE704980168012022
:1023600045F28042C5F60202914201900CD0FFE78F
:10237000049800684AF66C31CAF2FD710844B0FA5C
:1023800080F040090190FFE70198C00728B3FFE7FC
:102390000498016E086820F4807008600498806DCD
:1023A00003900498C06D00F01F010120884003993C
:1023B00048600498416E806E48600498C06E58B1C1
:1023C000FFE70498C16E086820F4807008600498E4
:1023D000016F406F4860FFE7FFE70499012081F833
:1023E0003500FFE70499002081F83400FFE70498E6
:1023F000006D20B1FFE70498016D8847FFE7FFE714
:10240000FFE700208DF81700FFE79DF8170006B0E2
:1024100080BD00000000000080B590B00F9000204B
:102420000B9040F20800C2F20040006848F2B5117B
:10243000C1F64E31A0FB0110800A0A900F98806D02
:1024400009900F98806D0890099800680E90089880
:1024500000680D900F98016801201022C4F202025A
:102460009142079000F0A380FFE70F9801680120D8
:102470002822C4F202029142079000F09880FFE700
:102480000F98016801204022C4F202029142079095
:1024900000F08D80FFE70F98016801205822C4F2F8
:1024A00002029142079000F08280FFE70F980168D6
:1024B00001207022C4F202029142079077D0FFE718
:1024C0000F98016801208822C4F20202914207900D
:1024D0006DD0FFE70F9801680120A022C4F202022C
:1024E0009142079063D0FFE70F9801680120B8225E
:1024F000C4F202029142079059D0FFE70F98016899
:10250000012040F21042C4F20202914207904ED0E4
:10251000FFE70F980168012040F22842C4F202024E
:102520009142079043D0FFE70F980168012040F2E5
:102530004042C4F202029142079038D0FFE70F9860
:102540000168012040F25842C4F202029142079011
:102550002DD0FFE70F980168012040F27042C4F2CD
:1025600002029142079022D0FFE70F9801680120F4
:1025700040F28842C4F202029142079017D0FFE76E
:102580000F980168012040F2A042C4F20202914279
:1025900007900CD0FFE70F9800684FF64831CBF654
:1025A000FD710844B0FA80F040090790FFE70798F2
:1025B000C007002800F01385FFE70E980F99C96D3A
:1025C00001F01F01C8400007002840F1B080FFE77C
:1025D0000F9800681021C4F20201884200F0818047
:1025E000FFE70F9800682821C4F20201884278D0E2
:1025F000FFE70F9800684021C4F20201884270D0C2
:10260000FFE70F9800685821C4F20201884268D0A1
:10261000FFE70F9800687021C4F20201884260D081
:10262000FFE70F9800688821C4F20201884258D061
:10263000FFE70F980068A021C4F20201884250D041
:10264000FFE70F980068B821C4F20201884248D021
:10265000FFE70F98006840F21041C4F2020188427F
:102660003FD0FFE70F98006840F22841C4F2020112
:10267000884236D0FFE70F98006840F24041C4F22C
:10268000020188422DD0FFE70F98006840F25841C0
:10269000C4F20201884224D0FFE70F98006840F29C
:1026A0007041C4F2020188421BD0FFE70F98006816
:1026B00040F28841C4F20201884212D0FFE70F982D
:1026C000006840F2A041C4F20201884209D0FFE74D
:1026D0000F98006840F2B841C4F20201884207D165
:1026E000FFE70F980068006800F00400069006E01D
:1026F0000F980068006800F008000690FFE7069851
:10270000A0B1FFE70F980168086820F00400086096
:102710000F98C06D00F01F0108208840099988605B
:102720000F99486D40F001004865FFE7FFE70E98FC
:102730000F99C96D01F01F01C840C007002800F0C3
:10274000A980FFE70F9800681021C4F202018842B7
:1027500000F08180FFE70F9800682821C4F2020191
:10276000884278D0FFE70F9800684021C4F2020148
:10277000884270D0FFE70F9800685821C4F2020128
:10278000884268D0FFE70F9800687021C4F2020108
:10279000884260D0FFE70F9800688821C4F20201E8
:1027A000884258D0FFE70F980068A021C4F20201C8
:1027B000884250D0FFE70F980068B821C4F20201A8
:1027C000884248D0FFE70F98006840F21041C4F2F9
:1027D000020188423FD0FFE70F98006840F228418D
:1027E000C4F20201884236D0FFE70F98006840F239
:1027F0004041C4F2020188422DD0FFE70F980068E3
:1028000040F25841C4F20201884224D0FFE70F98F9
:10281000006840F27041C4F2020188421BD0FFE719
:102820000F98006840F28841C4F20201884212D039
:10283000FFE70F98006840F2A041C4F2020188420D
:1028400009D0FFE70F98006840F2B841C4F20201D6
:10285000884207D1FFE70F980068406900F08000C8
:10286000059005E00F980068006800200590FFE7DC
:10287000059870B1FFE70F98C06D00F01F010120AF
:102880008840099988600F99486D40F002004865BA
:10289000FFE7FFE70E980F99C96D01F01F01C840CF
:1028A0004007002840F1A980FFE70F980068102139
:1028B000C4F20201884200F08180FFE70F980068AF
:1028C0002821C4F20201884278D0FFE70F980068FF
:1028D0004021C4F20201884270D0FFE70F980068DF
:1028E0005821C4F20201884268D0FFE70F980068BF
:1028F0007021C4F20201884260D0FFE70F9800689F
:102900008821C4F20201884258D0FFE70F9800687E
:10291000A021C4F20201884250D0FFE70F9800685E
:10292000B821C4F20201884248D0FFE70F9800683E
:1029300040F21041C4F2020188423FD0FFE70F98F5
:10294000006840F22841C4F20201884236D0FFE715
:102950000F98006840F24041C4F2020188422DD035
:10296000FFE70F98006840F25841C4F20201884224
:1029700024D0FFE70F98006840F27041C4F20201D2
:1029800088421BD0FFE70F98006840F28841C4F2EC
:102990000201884212D0FFE70F98006840F2A04180
:1029A000C4F20201884209D0FFE70F98006840F2A4
:1029B000B841C4F20201884207D1FFE70F980068CE
:1029C000006800F00200049005E00F9800680068BD
:1029D00000200490FFE7049870B1FFE70F98C06DE6
:1029E00000F01F0104208840099988600F99486D04
:1029F00040F004004865FFE7FFE70E980F99C96DA6
:102A000001F01F01C840C006002840F1DE80FFE74A
:102A10000F9800681021C4F20201884200F0818002
:102A2000FFE70F9800682821C4F20201884278D09D
:102A3000FFE70F9800684021C4F20201884270D07D
:102A4000FFE70F9800685821C4F20201884268D05D
:102A5000FFE70F9800687021C4F20201884260D03D
:102A6000FFE70F9800688821C4F20201884258D01D
:102A7000FFE70F980068A021C4F20201884250D0FD
:102A8000FFE70F980068B821C4F20201884248D0DD
:102A9000FFE70F98006840F21041C4F2020188423B
:102AA0003FD0FFE70F98006840F22841C4F20201CE
:102AB000884236D0FFE70F98006840F24041C4F2E8
:102AC000020188422DD0FFE70F98006840F258417C
:102AD000C4F20201884224D0FFE70F98006840F258
:102AE0007041C4F2020188421BD0FFE70F980068D2
:102AF00040F28841C4F20201884212D0FFE70F98E9
:102B0000006840F2A041C4F20201884209D0FFE708
:102B10000F98006840F2B841C4F20201884207D120
:102B2000FFE70F980068006800F00800039006E0D7
:102B30000F980068006800F004000390FFE7039816
:102B4000002841D0FFE70F98C06D00F01F01102052
:102B50008840099988600F98006800684003002841
:102B60001AD5FFE70F98006800680003002809D411
:102B7000FFE70F98006C20B1FFE70F98016C8847C2
:102B8000FFE708E00F98806C20B1FFE70F98816C99
:102B90008847FFE7FFE716E00F9800680068C00568
:102BA000002807D4FFE70F980168086820F00800A4
:102BB0000860FFE70F98006C20B1FFE70F98016CE9
:102BC0008847FFE7FFE7FFE7FFE70E980F99C96D1A
:102BD00001F01F01C8408006002840F12681FFE770
:102BE0000F9800681021C4F20201884200F0818031
:102BF000FFE70F9800682821C4F20201884278D0CC
:102C0000FFE70F9800684021C4F20201884270D0AB
:102C1000FFE70F9800685821C4F20201884268D08B
:102C2000FFE70F9800687021C4F20201884260D06B
:102C3000FFE70F9800688821C4F20201884258D04B
:102C4000FFE70F980068A021C4F20201884250D02B
:102C5000FFE70F980068B821C4F20201884248D00B
:102C6000FFE70F98006840F21041C4F20201884269
:102C70003FD0FFE70F98006840F22841C4F20201FC
:102C8000884236D0FFE70F98006840F24041C4F216
:102C9000020188422DD0FFE70F98006840F25841AA
:102CA000C4F20201884224D0FFE70F98006840F286
:102CB0007041C4F2020188421BD0FFE70F98006800
:102CC00040F28841C4F20201884212D0FFE70F9817
:102CD000006840F2A041C4F20201884209D0FFE737
:102CE0000F98006840F2B841C4F20201884207D14F
:102CF000FFE70F980068006800F01000029006E0FF
:102D00000F980068006800F002000290FFE7029848
:102D1000002800F08980FFE70F98C06D00F01F01C8
:102D200020208840099988600F9890F83500042881
:102D300037D1FFE70F980168086820F01600086097
:102D40000F980168486920F0800048610F98006C76
:102D500020B9FFE70F98806C38B1FFE70F98016842
:102D6000086820F008000860FFE70F98C06D00F0C9
:102D70001F013F208840099988600F99012081F840
:102D80003500FFE70F99002081F83400FFE70F9826
:102D9000006D20B1FFE70F98016D8847FFE700F055
:102DA00019BC0F9800680068400300281AD5FFE797
:102DB0000F98006800680003002809D4FFE70F9807
:102DC000406C20B1FFE70F98416C8847FFE708E0AF
:102DD0000F98C06B20B1FFE70F98C16B8847FFE7E2
:102DE000FFE720E00F9800680068C005002811D4B4
:102DF000FFE70F980168086820F0100008600F993D
:102E0000012081F83500FFE70F99002081F8340098
:102E1000FFE7FFE70F98C06B20B1FFE70F98C16B8A
:102E20008847FFE7FFE7FFE7FFE70F98406D0028BF
:102E300000F0D480FFE70F98406DC007002800F035
:102E4000C480FFE70F99042081F835000F980068CF
:102E50001021C4F20201884200F08180FFE70F9840
:102E600000682821C4F20201884278D0FFE70F9859
:102E700000684021C4F20201884270D0FFE70F9839
:102E800000685821C4F20201884268D0FFE70F9819
:102E900000687021C4F20201884260D0FFE70F98F9
:102EA00000688821C4F20201884258D0FFE70F98D9
:102EB0000068A021C4F20201884250D0FFE70F98B9
:102EC0000068B821C4F20201884248D0FFE70F9899
:102ED000006840F21041C4F2020188423FD0FFE78F
:102EE0000F98006840F22841C4F20201884236D0AF
:102EF000FFE70F98006840F24041C4F202018842A7
:102F00002DD0FFE70F98006840F25841C4F202014B
:102F1000884224D0FFE70F98006840F27041C4F265
:102F2000020188421BD0FFE70F98006840F28841F9
:102F3000C4F20201884212D0FFE70F98006840F205
:102F4000A041C4F20201884209D0FFE70F9800684F
:102F500040F2B841C4F20201884207D1FFE70F985E
:102F60000168086820F00100086006E00F98016819
:102F7000086820F001000860FFE7FFE70B980130C8
:102F80000B900A99884201D9FFE707E0FFE70F9805
:102F900000680068C0070028F0D1FFE70F980068BC
:102FA0000068C00728B1FFE70F99032081F83500BA
:102FB00004E00F99012081F83500FFE7FFE70F9942
:102FC000002081F83400FFE7FFE70F98C06C20B1C4
:102FD000FFE70F98C16C8847FFE7FFE7FAE20F9819
:102FE0000168012045F20842C5F6020291420190B3
:102FF0004ED0FFE70F980168012045F21C42C5F64C
:1030000002029142019043D0FFE70F98016801202E
:1030100045F23042C5F602029142019038D0FFE7F6
:103020000F980168012045F24442C5F60202914220
:1030300001902DD0FFE70F980168012045F258421A
:10304000C5F602029142019022D0FFE70F98016875
:10305000012045F26C42C5F602029142019017D060
:10306000FFE70F980168012045F28042C5F6020291
:10307000914201900CD0FFE70F9800684AF66C313E
:10308000CAF2FD710844B0FA80F040090190FFE7F0
:103090000198C007002800F09B82FFE70F980068A6
:1030A00000680C900D980F99C96D01F01F01C84080
:1030B0004007002840F1D780FFE79DF83000400727
:1030C000002840F1D080FFE70F98C06D00F01F018D
:1030D00004208840089948609DF8310000060028C7
:1030E00018D5FFE79DF83200C00748B9FFE70F98F1
:1030F000806C20B1FFE70F98816C8847FFE708E0FC
:103100000F98006C20B1FFE70F98016C8847FFE72C
:10311000FFE7A7E09DF830008006002800F19980C5
:10312000FFE70F9800681021C4F20201884200F006
:103130008180FFE70F9800682821C4F202018842CD
:1031400078D0FFE70F9800684021C4F2020188425E
:1031500070D0FFE70F9800685821C4F2020188423E
:1031600068D0FFE70F9800687021C4F2020188421E
:1031700060D0FFE70F9800688821C4F202018842FE
:1031800058D0FFE70F980068A021C4F202018842DE
:1031900050D0FFE70F980068B821C4F202018842BE
:1031A00048D0FFE70F98006840F21041C4F20201D6
:1031B00088423FD0FFE70F98006840F22841C4F2F0
:1031C0000201884236D0FFE70F98006840F2404184
:1031D000C4F2020188422DD0FFE70F98006840F248
:1031E0005841C4F20201884224D0FFE70F980068DA
:1031F00040F27041C4F2020188421BD0FFE70F98F1
:10320000006840F28841C4F20201884212D0FFE710
:103210000F98006840F2A041C4F20201884209D030
:10322000FFE70F98006840F2B841C4F202018842FB
:1032300007D1FFE70F980168086820F008000860D0
:1032400006E00F980168086820F004000860FFE7B6
:10325000FFE70F98006C20B1FFE70F98016C8847DB
:10326000FFE7FFE7B3E10D980F99C96D01F01F016A
:10327000C8408007002840F1E180FFE79DF830005A
:103280008007002840F1DA80FFE70F98C06D00F05A
:103290001F0102208840089948609DF8310000060F
:1032A000002818D5FFE79DF83200C00748B9FFE7AE
:1032B0000F98406C20B1FFE70F98416C8847FFE7FB
:1032C00008E00F98C06B20B1FFE70F98C16B8847EB
:1032D000FFE7FFE7B1E09DF830008006002800F12D
:1032E000A380FFE70F9800681021C4F20201884212
:1032F00000F08180FFE70F9800682821C4F20201E6
:10330000884278D0FFE70F9800684021C4F202019C
:10331000884270D0FFE70F9800685821C4F202017C
:10332000884268D0FFE70F9800687021C4F202015C
:10333000884260D0FFE70F9800688821C4F202013C
:10334000884258D0FFE70F980068A021C4F202011C
:10335000884250D0FFE70F980068B821C4F20201FC
:10336000884248D0FFE70F98006840F21041C4F24D
:10337000020188423FD0FFE70F98006840F22841E1
:10338000C4F20201884236D0FFE70F98006840F28D
:103390004041C4F2020188422DD0FFE70F98006837
:1033A00040F25841C4F20201884224D0FFE70F984E
:1033B000006840F27041C4F2020188421BD0FFE76E
:1033C0000F98006840F28841C4F20201884212D08E
:1033D000FFE70F98006840F2A041C4F20201884262
:1033E00009D0FFE70F98006840F2B841C4F202012B
:1033F000884207D1FFE70F980168086820F01400A1
:10340000086006E00F980168086820F00A0008606C
:10341000FFE70F99012081F83500FFE70F990020A1
:1034200081F83400FFE7FFE70F98C06B20B1FFE79A
:103430000F98C16B8847FFE7FFE7C7E00D980F992A
:10344000C96D01F01F01C8400007002840F1BC8091
:10345000FFE79DF830000007002840F1B580FFE746
:103460000F9800681021C4F20201884200F08180A8
:10347000FFE70F9800682821C4F20201884278D043
:10348000FFE70F9800684021C4F20201884270D023
:10349000FFE70F9800685821C4F20201884268D003
:1034A000FFE70F9800687021C4F20201884260D0E3
:1034B000FFE70F9800688821C4F20201884258D0C3
:1034C000FFE70F980068A021C4F20201884250D0A3
:1034D000FFE70F980068B821C4F20201884248D083
:1034E000FFE70F98006840F21041C4F202018842E1
:1034F0003FD0FFE70F98006840F22841C4F2020174
:10350000884236D0FFE70F98006840F24041C4F28D
:10351000020188422DD0FFE70F98006840F2584121
:10352000C4F20201884224D0FFE70F98006840F2FD
:103530007041C4F2020188421BD0FFE70F98006877
:1035400040F28841C4F20201884212D0FFE70F988E
:10355000006840F2A041C4F20201884209D0FFE7AE
:103560000F98006840F2B841C4F20201884207D1C6
:10357000FFE70F980168086820F01C00086006E06B
:103580000F980168086820F00E000860FFE70F98A8
:10359000C06D00F01F01012000FA01F1089A51608E
:1035A0000F9948650F9981F83500FFE70F990020C2
:1035B00081F83400FFE70F98C06C20B1FFE70F9847
:1035C000C16C8847FFE700E0FFE7FFE7FFE700E0A7
:1035D000FFE7FFE710B080BD10B58EB00C9002F091
:1035E0001FF80A900C9828B9FFE701208DF83700E2
:1035F00000F09EBC0C98016801201022C4F2020267
:103600009142079000F0A380FFE70C980168012029
:103610002822C4F202029142079000F09880FFE74E
:103620000C98016801204022C4F2020291420790E6
:1036300000F08D80FFE70C98016801205822C4F249
:1036400002029142079000F08280FFE70C98016827
:1036500001207022C4F202029142079077D0FFE766
:103660000C98016801208822C4F20202914207905E
:103670006DD0FFE70C9801680120A022C4F202027D
:103680009142079063D0FFE70C9801680120B822AF
:10369000C4F202029142079059D0FFE70C980168EA
:1036A000012040F21042C4F20202914207904ED033
:1036B000FFE70C980168012040F22842C4F20202A0
:1036C0009142079043D0FFE70C980168012040F237
:1036D0004042C4F202029142079038D0FFE70C98B2
:1036E0000168012040F25842C4F202029142079060
:1036F0002DD0FFE70C980168012040F27042C4F21F
:1037000002029142079022D0FFE70C980168012045
:1037100040F28842C4F202029142079017D0FFE7BC
:103720000C980168012040F2A042C4F202029142CA
:1037300007900CD0FFE70C9800684FF64831CBF6A5
:10374000FD710844B0FA80F040090790FFE7079840
:10375000C007002800F07881FFE70C98406A08B1A4
:10376000FFE7FFE70C99022081F83500FFE70C998D
:10377000002081F83400FFE70C9800681021C4F2A3
:103780000201884200F08180FFE70C980068282140
:10379000C4F20201884278D0FFE70C98006840210B
:1037A000C4F20201884270D0FFE70C9800685821EB
:1037B000C4F20201884268D0FFE70C9800687021CB
:1037C000C4F20201884260D0FFE70C9800688821AB
:1037D000C4F20201884258D0FFE70C980068A0218B
:1037E000C4F20201884250D0FFE70C980068B8216B
:1037F000C4F20201884248D0FFE70C98006840F20A
:103800001041C4F2020188423FD0FFE70C980068E3
:1038100040F22841C4F20201884236D0FFE70C98FA
:10382000006840F24041C4F2020188422DD0FFE717
:103830000C98006840F25841C4F20201884224D03A
:10384000FFE70C98006840F27041C4F20201884220
:103850001BD0FFE70C98006840F28841C4F20201D7
:10386000884212D0FFE70C98006840F2A041C4F2F1
:103870000201884209D0FFE70C98006840F2B84185
:10388000C4F20201884207D1FFE70C98016808687A
:1038900020F00100086006E00C980168086820F03C
:1038A00001000860FFE7FFE70C9800680068C007A8
:1038B00098B1FFE701F0B4FE0A99401A06280BD32D
:1038C000FFE70C99202048650C99032081F835000A
:1038D00001208DF837002BE3E6E70C9800680068BC
:1038E0000B900B9848F23F01CFF6106108400B9007
:1038F0000C998868D1F80CC00B694A6940EA0C0041
:10390000184310438A691043CA691043096A014386
:103910000B9808430B900C98406A042808D1FFE7E5
:103920000C99C86A096B01430B9808430B90FFE799
:103930000C984068292807D3FFE70C9841680120BC
:103940002F29069036D3FFE70C9840683F2807D30D
:10395000FFE70C9841680120432906902AD3FFE72E
:103960000C984068472807D3FFE70C98416801206E
:10397000492906901ED3FFE70C9840684F2807D3CB
:10398000FFE70C98416801205329069012D3FFE706
:103990000C98416800207429059008D3FFE70C9823
:1039A00041680020782938BF01200590FFE705987D
:1039B0000690FFE70698C00728B1FFE70B9840F490
:1039C00080100B90FFE70B980C99096808600C9821
:1039D000006840690B900B9820F007000B900C9842
:1039E000416A0B9808430B900C98406A04281AD13E
:1039F000FFE70C98816A0B9808430B900C98C06AFB
:103A000080B1FFE70C98FDF783FA50B1FFE70C99FE
:103A1000402048650C99012081F835008DF8370069
:103A200086E2FFE7FFE70B980C99096848610C985C
:103A3000FDF732F809900C98C06D00F01F013F208F
:103A400088400999886026E10C980168012045F2B8
:103A50000842C5F60202914204904ED0FFE70C984E
:103A60000168012045F21C42C5F602029142049011
:103A700043D0FFE70C980168012045F23042C5F6BB
:103A800002029142049038D0FFE70C9801680120AF
:103A900045F24442C5F60202914204902DD0FFE760
:103AA0000C980168012045F25842C5F60202914285
:103AB000049022D0FFE70C980168012045F26C4287
:103AC000C5F602029142049017D0FFE70C980168F6
:103AD000012045F28042C5F60202914204900CD0CA
:103AE000FFE70C9800684AF66C31CAF2FD71084491
:103AF000B0FA80F040090490FFE70498C00700285E
:103B000000F0BD80FFE70C980168012045F20842F3
:103B1000C5F60202914203904ED0FFE70C9801686F
:103B2000012045F21C42C5F602029142039043D0A7
:103B3000FFE70C980168012045F23042C5F6020209
:103B40009142039038D0FFE70C980168012045F2BC
:103B50004442C5F60202914203902DD0FFE70C9833
:103B60000168012045F25842C5F6020291420390D5
:103B700022D0FFE70C980168012045F26C42C5F69F
:103B800002029142039017D0FFE70C9801680120D0
:103B900045F28042C5F60202914203900CD0FFE745
:103BA0000C9800684AF66C31CAF2FD710844B0FA0C
:103BB00080F040090390FFE70398C00708B1FFE7D2
:103BC000FFE70C99022081F83500FFE70C990020EF
:103BD00081F83400FFE70C98006800680B900B98A0
:103BE0006FF310100B900C988068402803D1FFE70A
:103BF0001020029008E00C9880688038B0FA80F0BD
:103C0000400980030290FFE702980C99CA680B698B
:103C1000D1F814C0D1F818E0CC694EEA040E4CEA91
:103C20000E0C43EA0C031A4340EAD200096A40EA48
:103C300011110B9808430B900B980C9909680860B8
:103C40000C9908684AF6F832CAF2FD7210444CF634
:103C5000CD42CCF6CC42A0FB02026FF0030000EA9A
:103C60009200C8650C98FCF717FF08900C98C06D7F
:103C700000F01F0101208840089948600AE00C9973
:103C8000402048650C99032081F8350001208DF80B
:103C900037004DE1FFE70C98016801201022C4F2C3
:103CA00002029142019000F00381FFE70C98016845
:103CB00001202822C4F202029142019000F0F88013
:103CC000FFE70C98016801204022C4F202029142F1
:103CD000019000F0ED80FFE70C9801680120582268
:103CE000C4F202029142019000F0E280FFE70C98DA
:103CF000016801207022C4F202029142019000F09A
:103D0000D780FFE70C98016801208822C4F20202E4
:103D10009142019000F0CC80FFE70C9801680120EF
:103D2000A022C4F202029142019000F0C180FFE79C
:103D30000C9801680120B822C4F20202914201905D
:103D400000F0B680FFE70C980168012040F21042B5
:103D5000C4F202029142019000F0AA80FFE70C98A1
:103D60000168012040F22842C4F20202914201900F
:103D700000F09E80FFE70C980168012040F240426D
:103D8000C4F202029142019000F09280FFE70C9889
:103D90000168012040F25842C4F2020291420190AF
:103DA00000F08680FFE70C980168012040F2704225
:103DB000C4F20202914201907AD0FFE70C980168A8
:103DC000012040F28842C4F20202914201906FD079
:103DD000FFE70C980168012040F2A042C4F2020201
:103DE0009142019064D0FFE70C980168012040F2F5
:103DF000B842C4F202029142019059D0FFE70C98F8
:103E00000168012045F20842C5F602029142019084
:103E10004ED0FFE70C980168012045F21C42C5F620
:103E200002029142019043D0FFE70C980168012003
:103E300045F23042C5F602029142019038D0FFE7C8
:103E40000C980168012045F24442C5F602029142F5
:103E500001902DD0FFE70C980168012045F25842EF
:103E6000C5F602029142019022D0FFE70C9801684A
:103E7000012045F26C42C5F602029142019017D032
:103E8000FFE70C980168012045F28042C5F6020266
:103E9000914201900CD0FFE70C9800684AF66C3113
:103EA000CAF2FD710844B0FA80F040090190FFE7C2
:103EB0000198C00790B3FFE70C98FCF7D5FE0C986B
:103EC0008068802804D1FFE70C9900204860FFE754
:103ED0000C990879096E08600C98416E806E4860F4
:103EE0000C98406888B1FFE70C98406808280CD807
:103EF000FFE70C98FCF774FF0C98C16E0020086077
:103F00000C98016F406F486007E00C990020C8666C
:103F10000C9908670C994867FFE7FFE70C990020A8
:103F200048650C9A012182F835108DF83700FFE7BB
:103F30009DF837000EB010BD85B00390029101923C
:103F4000039890F898008DF803009DF8030001286D
:103F500005D0FFE79DF8030002285DD1FFE7029836
:103F600003990968896D084207D1FFE70398016842
:103F7000C86D40F00100C86515E002980399096812
:103F8000896D08400299884207D1FFE703980168CC
:103F9000C86D40F00200C86504E003980168032082
:103FA000C865FFE7FFE79DF809008007002809D5ED
:103FB000FFE7019A03980168D1F8E0001043C1F8C7
:103FC000E000FFE79DF809004007002809D5FFE75A
:103FD000019A03980168D1F8E4001043C1F8E400A5
:103FE000FFE7FFE702984FF6FF71C3F6CF7100EAD3
:103FF000010203980168486D10434865029A4AF629
:104000001401C4F20001086840EA92700860FFE7FA
:1040100000208DF813000AE00399D1F89C0040F0CD
:104020000200C1F89C0001208DF81300FFE79DF805
:10403000130005B07047000080B586B0049003916E
:1040400002920398406808B9FFE700E0FFE7049890
:1040500090F89800022845D1FFE704980068D0F84E
:10406000C00010F07C5F0BD1FFE70499D1F89C00F1
:1040700040F02000C1F89C0001208DF817003CE0C2
:1040800004980068D0F8C400800200280BD5FFE730
:104090000499D1F89C0040F40070C1F89C00012004
:1040A0008DF8170029E004980068D0F8C400C0F328
:1040B0000440019004980399029A019BFDF73CF992
:1040C0000199012000FA01F1049A1268C2F8D01097
:1040D000019988400499C1F89400FFE700208DF809
:1040E00017000AE00499D1F89C0040F00800C1F8DC
:1040F0009C0001208DF81700FFE79DF8170006B01F
:1041000080BD00000000000082B00190009102B06C
:10411000704700000000000087B0059004910598EA
:1041200090F898008DF803009DF80300012805D051
:10413000FFE79DF8030002286AD1FFE70498C068F2
:10414000072801D1FFE7FFE70498006878BBFFE785
:104150000498C068072801D0FFE7FFE70498C0680B
:1041600007280CD1FFE7049A10699169D26900040D
:1041700040EA0220084340F0605003900CE00499AC
:104180008868CB680A694969800740EAC36040EAE9
:10419000024008430390FFE70598C06E0499496800
:1041A00000EB810001900398019908602CE00498CD
:1041B000C068072801D0FFE7FFE70498C1680069DD
:1041C00040EA417003900498C068072804D1FFE7D3
:1041D00004988069029006E004988168406940EA8A
:1041E00081700290FFE70598006F0499496800EB21
:1041F000C100019003980199086001980430019072
:10420000029801990860FFE700208DF81B000AE082
:104210000599D1F89C0040F00200C1F89C000120F3
:104220008DF81B00FFE79DF81B0007B070470000EA
:1042300081B0009001B0704782B00190009102B04F
:1042400070470000000000008AB0089007910692B5
:10425000059300200190089890F898008DF80300CD
:104260009DF80300022840F05C81FFE70798402892
:1042700051D1FFE708980068D0F8A00010F4FE0FB5
:104280000BD1FFE70899D1F89C0040F02000C1F85D
:104290009C0001208DF827004EE108980068D0F8B6
:1042A000A400400658B9FFE70899D1F89C0040F4F3
:1042B0008070C1F89C0001208DF827003CE108982F
:1042C0000068D0F8A40000F080710120B0EB116FFD
:1042D0000DD1FFE708980068D0F8A0100120B0EBDE
:1042E000D17F03D1FFE701200190FFE7FFE70898A6
:1042F0000068D0F8A40000F47C51019800EB112074
:1043000001900898426C406F0199514300EB810085
:104310000490FFE770E00798412851D1FFE7089823
:104320000068D0F8B00010F4FE0F0BD1FFE7089939
:10433000D1F89C0040F02000C1F89C0001208DF8CD
:104340002700F9E008980068D0F8B400400658B992
:10435000FFE70899D1F89C0040F48070C1F89C00F8
:1043600001208DF82700E7E008980068D0F8B40035
:1043700000F080710120B0EB116F0DD1FFE70898BC
:104380000068D0F8B0100120B0EBD17F03D1FFE777
:1043900001200190FFE7FFE708980068D0F8B4001B
:1043A00000F47C51019800EB112001900898C26C38
:1043B000806F0199514300EB81000490FFE71AE000
:1043C00007980899096D88420BD3FFE70899D1F83F
:1043D0009C0040F02000C1F89C0001208DF82700CF
:1043E000AAE00898426DC06F0799514300EB810025
:1043F0000490FFE7FFE7FFE70498006800F08040C3
:10440000069948600698406838B9FFE70498006844
:10441000C0F38A400699086006E00498006820F01E
:10442000604006990860FFE70498006800F00050BB
:10443000069988600498006800F0004006990861B9
:10444000049804300490049800880699C861049880
:104450000068C0F303400699C8600498006800F43F
:104460008010069948610498006800F400100699CD
:10447000886104980068C0F3066006990862049891
:104480000068C00F069948620498043004900498AC
:10449000039000200290FFE702980699CA6840F254
:1044A0000021C0F60101895C88420AD2FFE7039827
:1044B000029A805C05998854FFE7029801300290C7
:1044C000EAE70798402806D1FFE7019808990968AC
:1044D000C1F8A80021E00798412806D1FFE701981C
:1044E00008990968C1F8B80016E007981F2808D88D
:1044F000FFE707990120884008990968C1F89800EA
:1045000009E0079800F01F01012088400899096818
:10451000C1F89C00FFE7FFE7FFE700208DF82700C8
:104520000AE00899D1F89C0040F00800C1F89C000E
:1045300001208DF82700FFE79DF827000AB070479B
:1045400081B0009001B0704780B594B013904AF6E6
:104550001000C4F200000068800712904AF61400B0
:10456000C4F200000168129800EA8170129013985A
:104570000068006D00F47040119013980068416D60
:1045800011980840119013980068006D00F00F001A
:10459000109013980068416D10980840109013987F
:1045A0000068006D00F0F0000F9013980068416DF6
:1045B0000F9808400F9013980068006D00F071503C
:1045C0000E9013980068416D0E9808400E90139855
:1045D0000068006D00F060700D9013980068416DE8
:1045E0000D9808400D9013980068406D0390139843
:1045F0000068006D01909DF80D00C007B8B1FFE79D
:104600009DF80500C00788B1FFE7FFE71398016830
:104610004FF4807008654AF61001C4F200010020D2
:104620000860FFE71398FFF78BFFFFE7FFE79DF8B0
:104630000D0000F004010020B0EB910F28D0FFE73F
:104640009DF8050000F004010020B0EB910F1ED092
:10465000FFE713980068D0F8DC000B90139800680F
:10466000D0F8E4100B9808400B90FFE7139801680E
:104670004FF4806008654AF61001C4F20001002082
:104680000860FFE713980B9900F0DAFDFFE7FFE7FA
:104690001298B8B1FFE7FFE712984FF6FF71C3F623
:1046A000CF7108401399096808651298800F4AF67F
:1046B0001001C4F200010860FFE713981299FFF798
:1046C00023FDFFE71198B8B1FFE7FFE711984FF618
:1046D000FF71C3F6CF7108401399096808651198F6
:1046E000800F4AF61001C4F200010860FFE713983A
:1046F000119900F0B5FDFFE71098B8B1FFE7FFE7AB
:1047000010984FF6FF71C3F6CF71084013990968EE
:1047100008651098800F4AF61001C4F20001086085
:10472000FFE71398109900F023FDFFE70F98B8B149
:10473000FFE7FFE70F984FF6FF71C3F6CF71084010
:104740001399096808650F98800F4AF61001C4F2A2
:1047500000010860FFE713980F9900F019FDFFE7CB
:104760009DF80D0000F008010020B0EBD10F1BD028
:10477000FFE79DF8050000F008010020B0EBD10F25
:1047800011D0FFE7FFE7139801684FF40060086558
:104790004AF61001C4F2000100200860FFE71398F8
:1047A00000F066FDFFE7FFE79DF80D0000F0020155
:1047B0000020B0EB510F28D0FFE79DF8050000F076
:1047C00002010020B0EB510F1ED0FFE713980068E4
:1047D000D0F8D8000C9013980068D0F8E0100C982E
:1047E00008400C90FFE7139801684FF400700865CB
:1047F0004AF61001C4F2000100200860FFE7139898
:104800000C9900F025FDFFE7FFE79DF80E0000F092
:1048100008010020B0EBD10F1BD0FFE79DF8060088
:1048200000F008010020B0EBD10F11D0FFE7FFE747
:10483000139801684FF4002008654AF61001C4F28D
:10484000000100200860FFE7139800F08DFCFFE7EF
:10485000FFE79DF80E00C007B8B1FFE79DF806001E
:10486000C00788B1FFE7FFE7139801684FF4803075
:1048700008654AF61001C4F2000100200860FFE755
:10488000139800F0D9FCFFE7FFE79DF80E0000F059
:1048900004010020B0EB910F1BD0FFE79DF806004C
:1048A00000F004010020B0EB910F11D0FFE7FFE70B
:1048B000139801684FF4802008654AF61001C4F28D
:1048C000000100200860FFE7139800F0B1FCFFE74B
:1048D000FFE79DF80E0000F002010020B0EB510F41
:1048E0001FD0FFE79DF8060000F002010020B0EBAA
:1048F000510F15D0FFE7FFE7139801684FF4003020
:1049000008654AF61001C4F2000100200860FFE7C4
:104910001399D1F89C0040F08000C1F89C00FFE79B
:10492000FFE70D98B8B1FFE7FFE70D984FF6FF716D
:10493000C3F6CF7108401399096808650D98800F78
:104940004AF61001C4F200010860FFE713980D99C0
:10495000FFF772FCFFE70E98D0B1FFE7FFE70E9874
:104960004FF6FF71C3F6CF710840139909680865C7
:104970000E98800F4AF61001C4F200010860FFE7AC
:104980000E9A1399D1F89C001043C1F89C00FFE7E0
:10499000139800684AF20001C4F20001884240F016
:1049A000B980FFE71398406880688007002800F00E
:1049B000B080FFE713984068006A00F00F000A908B
:1049C00013984068416A0A9808400A901398406812
:1049D000006A00F03000099013984068416A099815
:1049E0000840099013984068006A00F4C07008906D
:1049F00013984068416A08980840089013984068E6
:104A0000006A00F4FC40079013984068416A0798D8
:104A10000840079013984068006A00F4F020069060
:104A200013984068416A06980840069013984068B9
:104A3000406A029013984068006A00900A9848B152
:104A4000FFE70A9813994968086213980A9900F0D9
:104A5000D7FBFFE7099848B1FFE709981399496820
:104A600008621398099900F0DBFBFFE79DF8080046
:104A700000F040010020B0EB911F1FD0FFE79DF830
:104A8000000000F040010020B0EB911F15D0FFE7BF
:104A900013984068C06B000C059013984068C06B79
:104AA00000F03F000490139841684020086213987A
:104AB0000599049A00F0ACFBFFE7FFE7089848B1BE
:104AC000FFE708981399496808621398089900F05D
:104AD0008FFBFFE7079860B1FFE7079813994968D4
:104AE0000862079A1399D1F89C001043C1F89C0002
:104AF000FFE7069860B1FFE70698139949680862D6
:104B0000069A1399D1F89C001043C1F89C00FFE766
:104B1000FFE7FFE71398D0F89C0020B1FFE7139858
:104B2000FFF786FBFFE714B080BD00000000000027
:104B300080B598B0169040F2A411C0F6010101A80A
:104B40004C22FBF738FD169820B9FFE701208DF8BD
:104B50005F00D9E1169800684AF20001C4F2000132
:104B6000884206D1FFE71699086800F58070486012
:104B7000FFE716988068B0F5407F01D1FFE7FFE7B7
:104B80001698006C08B1FFE7FFE71698806C08B133
:104B9000FFE7FFE71698006D08B1FFE7FFE71698FB
:104BA000006E08B1FFE7FFE71699C86D096E08446B
:104BB00008B1FFE7FFE7169890F8980040B9FFE7C3
:104BC0001699002081F89900169800F0A1F9FFE7E6
:104BD00016980168886920F01000886100F020FDB7
:104BE0001590FFE71698006880690007002817D520
:104BF000FFE700F015FD1599401A0B280FD3FFE7CA
:104C00001699D1F89C0040F00100C1F89C0016995B
:104C1000032081F8980001208DF85F0074E1E1E73E
:104C200016980168886940F00100886100F0F8FC7E
:104C30001590FFE7169800688069C007B8B9FFE7CC
:104C400000F0EEFC1599401A0B280FD3FFE71699D8
:104C5000D1F89C0040F00100C1F89C001699032097
:104C600081F8980001208DF85F004DE1E2E7169889
:104C70000168886940F0020088611698007C01286C
:104C800007D1FFE716980168886920F04000886125
:104C900006E016980168886940F040008861FFE7E7
:104CA0001698407C012807D1FFE7169801688869AB
:104CB00040F48040886106E016980168886920F415
:104CC00080408861FFE71698807C012807D1FFE7C4
:104CD00016980168886920F48050886106E016986B
:104CE0000168886940F480508861FFE71698006881
:104CF000806920F44070169A1168926810438861A8
:104D000016980168886920F0A400886116980168E7
:104D1000086920F0100008611698C068012807D1C2
:104D2000FFE716980168886940F0040088612BE06D
:104D30001698C06830B3FFE71698C068022819D0EB
:104D4000FFE716980168886940F08000886116982E
:104D50000168086940F0100008611698C0680328CF
:104D600007D1FFE716980168886940F02000886144
:104D7000FFE706E016980168886940F02000886126
:104D8000FFE700E0FFE7FFE7169A116853699069B3
:104D9000D2F81CE0A0F1010C6FF0FF0000EB0E2038
:104DA00040EA4C60126A013A10430022CFF6FF72CB
:104DB00002EB03421043C86116988068B0F5407F4B
:104DC0001CD1FFE7169A1168536A906AD2F82CE05A
:104DD00001386FF0FF0C0CEB0E2C40EA0C00D2F8FF
:104DE00030C06FF00F0202EB0C1210430022CFF61E
:104DF000FF7202EB03421043C860FFE71698006E93
:104E000048B1FFE716980168426ED1F8C000104320
:104E1000C1F8C000FFE71699C86D096E084480B15B
:104E2000FFE716980068D0F8C80020F00700169A2F
:104E30001168936E01AA52F823201043C1F8C800EC
:104E4000FFE71698006C80B1FFE716980068D0F86D
:104E5000BC0020F00700169A1168536C01AA52F8A2
:104E600023201043C1F8BC00FFE71698806C88B17E
:104E7000FFE716980068D0F8BC0020F07000169A82
:104E80001168D36C01AA52F8232040EA0210C1F83D
:104E9000BC00FFE71698006D88B1FFE71698006820
:104EA000D0F8BC0020F4E060169A1168536D01AA96
:104EB00052F8232040EA0220C1F8BC00FFE7169810
:104EC00000684AF20001C4F20001884207D1FFE7FE
:104ED00016984168886820F003008860FFE71699FB
:104EE0000020C1F894001699C1F89C001699012081
:104EF00081F898001698FCF7BBF88DF853009DF8E0
:104F000053008DF85F00FFE79DF85F0018B080BD8B
:104F100080B5C0B03F9000203E903D903C903B90CB
:104F20003A900CA8B821FBF780FB3F9800684AF242
:104F30000001C4F20001884255D1FFE700200D9026
:104F40004FF400400C904FF0805027900CA800F0D8
:104F5000D7FF18B1FFE7FCF757F8FFE740F2E00092
:104F6000C2F200400168013101600068012810D1DF
:104F7000FFE7FFE744F2EC40C5F60200016841F4A8
:104F800080710160006800F480700B900B98FFE75F
:104F9000FFE7FFE744F2E040C5F60200016841F098
:104FA00008010160006800F008000A900A98FFE715
:104FB00003203A9002203B90002004903C903D90CA
:104FC00009203E9040F60040C5F602003AA900F0E4
:104FD00053F9049A13200590062100F071FC0598FE
:104FE00000F062FCBDE03F9800684AF20041C4F264
:104FF0000001884256D1FFE700200D904FF4004099
:105000000C904FF0805027900CA800F079FF18B159
:10501000FFE7FBF7F9FFFFE740F2E000C2F20040D4
:105020000168013101600068012810D1FFE7FFE746
:1050300044F2EC40C5F60200016841F48071016061
:10504000006800F4807009900998FFE7FFE7FFE728
:1050500044F2E040C5F60200016841F0020101603F
:10506000006800F0020008900898FFE74FF44050F5
:105070003A9002203B90002002903C903D90092005
:105080003E9040F20040C5F602003AA900F0F4F864
:10509000029A14200390072100F012FC039800F0FC
:1050A00003FC5DE03F9800684DF20041C4F200014E
:1050B000884254D1FFE700200D904FF400400C903F
:1050C0004FF0805027900CA800F01AFF18B1FFE7AE
:1050D000FBF79AFFFFE740F2E000C2F200400168F0
:1050E000013101600068012810D1FFE7FFE744F2B9
:1050F000EC40C5F60200016841F48071016000686F
:1051000000F4807007900798FFE7FFE7FFE744F29D
:10511000E040C5F60200016841F02001016000682E
:1051200000F0200006900698FFE7C0203A90022089
:105130003B90002100913C913D913E9041F2004016
:10514000C5F602003AA900F097F8009A9F20019056
:10515000082100F0B5FB019800F0A6FBFFE7FFE790
:10516000FFE740B080BD000081B0009001B0704703
:1051700080B582B0019000919DF80000C00720B179
:10518000FFE7019807F048FCFFE702B080BD000090
:1051900082B00190009102B0704700000000000052
:1051A00082B00090009890F89800012811D1FFE794
:1051B0000099022081F8980000980168886920F021
:1051C0000100886100990020C1F89C008DF807005B
:1051D0000AE00099D1F89C0040F00400C1F89C005E
:1051E00001208DF80700FFE79DF8070002B0704727
:1051F00082B00190009102B07047000000000000F2
:1052000082B00190009102B07047000000000000E1
:1052100083B002900191009203B07047000000003B
:1052200082B00190009102B07047000000000000C1
:1052300081B0009001B0704781B0009001B070471C
:1052400082B00190009102B07047000000000000A1
:1052500082B00190009102B0704700000000000091
:1052600082B00190009102B0704700000000000081
:1052700081B0009001B070478FB00E900D9100206A
:105280000C908020C5F600000990FFE70D9800689B
:105290000C99C840002800F0C181FFE70D98006814
:1052A0000C9A0121914008400B900B98002800F0C7
:1052B000B181FFE70D98406800F00300012807D096
:1052C000FFE70D98406800F0030002282FD1FFE7A8
:1052D0000E9880680A900C984100032000FA01F1B2
:1052E0000A9888430A900D98C0680C99490000FA02
:1052F00001F10A9808430A900A980E9988600E985E
:1053000040680A900C99012000FA01F10A9888433C
:105310000A900D984068C0F300100C9900FA01F152
:105320000A9808430A900A980E994860FFE70D987A
:10533000406800F00300032818D0FFE70E98C0680B
:105340000A900C984100032000FA01F10A98884362
:105350000A900D9880680C99490000FA01F10A98AA
:1053600008430A900A980E99C860FFE70D984068B4
:1053700000F00300022826D1FFE70E980C996FF089
:10538000030202EA51010844006A0A900C9800F0F6
:10539000070081000F2000FA01F10A9888430A9063
:1053A0000D9800690C9901F00701890000FA01F1DC
:1053B0000A9808430A900A980E990C9B02EA530235
:1053C00011440862FFE70E9800680A900C984100AB
:1053D000032000FA01F10A9888430A900D9840686A
:1053E00000F003000C99490000FA01F10A98084303
:1053F0000A900A980E9908600D9880798007002815
:1054000000F00781FFE7FFE744F2F440C5F6020031
:10541000016841F002010160006800F0020008909C
:105420000898FFE70C9820F0030040F20841C5F609
:10543000000140580A900C9800F0030081000F20F2
:1054400000FA01F10A9888430A900E980021C5F6E7
:105450000201884203D1FFE7002007906CE00E981C
:1054600040F20041C5F60201884203D1FFE7012066
:1054700006905EE00E9840F60001C5F602018842F3
:1054800003D1FFE70220059050E00E9840F600415E
:10549000C5F60201884203D1FFE70320049042E0F1
:1054A0000E9841F20001C5F60201884203D1FFE7E0
:1054B0000420039034E00E9841F20041C5F6020149
:1054C000884203D1FFE70520029026E00E9841F6BE
:1054D0000001C5F60201884203D1FFE706200190D2
:1054E00018E00E9841F60041C5F60201884203D14A
:1054F000FFE7072000900AE00E9942F20042C5F64D
:1055000002020A20914208BF09200090FFE700989C
:105510000190FFE701980290FFE702980390FFE7F0
:1055200003980490FFE704980590FFE7059806901C
:10553000FFE706980790FFE707980C9901F0030131
:10554000890000FA01F10A9808430A900A980C9918
:1055500021F0030140F20842C5F6000288504FF0E6
:10556000B04000680A900B990A9888430A900D98F9
:105570008079C006002805D5FFE70B990A980843F3
:105580000A90FFE70A984FF0B04108600420C5F682
:10559000000000680A900B990A9888430A900D98B9
:1055A00080798006002805D5FFE70B990A98084303
:1055B0000A90FFE70A980421C5F6000108600998DF
:1055C00040680A900B990A9888430A900D98807950
:1055D0008007002805D5FFE70B990A9808430A9031
:1055E000FFE70A9809994860099800680A900B99A2
:1055F0000A9888430A900D988079C00728B1FFE780
:105600000B990A9808430A90FFE70A9809990860DD
:10561000FFE7FFE70C9801300C9037E60FB07047BA
:1056200044F62400C2F20040006870470000000009
:1056300040F21000C2F20040027844F62401C2F2A7
:105640000041086810440860704700000000000036
:1056500080B582B0032000F04BF901F02DFF44F239
:105660001842C5F602021168C1F3032340F2F0119B
:10567000C0F60101CB5C03F01F03D84000900098F6
:10568000126802F00F02895C01F01F01C84040F26D
:105690000C01C2F200410860009840F20801C2F219
:1056A000004108600F2000F013F820B1FFE701204F
:1056B0008DF8070005E000F0DBF800208DF807000A
:1056C000FFE79DF8070002B080BD00000000000069
:1056D00080B590B00E900E980F2810D8FFE70E9965
:1056E0002C200190002200F0EBF8019800F0DCF88B
:1056F0000E9840F21401C2F20041086003E001205C
:105700008DF83F0044E0FFE744F2F040C5F60200A8
:10571000016841F002010160006800F0020002909F
:105720000298FFE706A803A901F02EFE01F0B0FEE3
:105730004000059005984DF68361C4F21B31A0FB33
:1057400001014FF0FF3000EB9140049040F2C05057
:10575000C2F2004040F20041C4F20101016040F297
:10576000E731C1600499416000210161816002F06C
:10577000FFFD48B9FFE740F2C050C2F2004002F01E
:1057800097FE8DF83F0003E001208DF83F00FFE712
:105790009DF83F0010B080BD10B581B0009000981A
:1057A00040784EF69851CEF2000108604EF6A051B6
:1057B000CEF20001086820F00100086000984068FF
:1057C0004EF69C52CEF200021060DDF800E09EF82A
:1057D0000C0000079EF80B2040EA02609EF80020B3
:1057E0009EF808309EF809C09EF80A4040EAC4407E
:1057F0009EF80D4040EA84409EF80E4040EA444046
:105800009EF80FE040EA0E4040EA0C2040EA4300D8
:105810001043086001B010BDBFF35F8F4EF62451F6
:10582000CEF20001086820F4803008604EF69451F2
:10583000CEF2000100200860704700000000000068
:1058400081B00090009840F001004EF69451CEF2E5
:10585000000108604EF62451CEF20001086840F4C1
:1058600080300860BFF34F8FBFF36F8F01B0704778
:1058700080B582B0FFE744F2F440C5F6020001684B
:1058800041F002010160006800F0020001900198FF
:10589000FFE76FF001000F21002200F011F802B0C5
:1058A00080BD00000000000080B582B0ADF80600A9
:1058B000BDF9060006F0C0FF02B080BD0000000088
:1058C00080B586B0ADF816000491039206F0CCFFC7
:1058D0000290BDF91600019002980499039A04F011
:1058E000A7F80146019806F0C7FF06B080BD00008A
:1058F00080B582B00190019807F006F802B080BD33
:1059000080B584B0029044F60C00C5F60200006831
:1059100000F004010020B0EB910F13D1FFE744F633
:105920000C00C5F60200006800F0070002998842EA
:1059300004D0FFE701208DF80F002EE000208DF845
:105940000F002AE044F60C01C5F60201086820F0B9
:105950000700029A10430860FFF762FE0190FFE71C
:1059600044F60400C5F60200006800F4005100206F
:10597000B0EB513F0DD1FFE7FFF752FE0199401AFE
:10598000B0F57A7F04D9FFE701208DF80F0004E01D
:10599000E6E700208DF80F00FFE79DF80F0004B048
:1059A00080BD00000000000080B501F031FD44F230
:1059B0002041C5F602010968C1F3021240F2F0115C
:1059C000C0F60101895C01F01F01C84080BD0000E4
:1059D00088B0079044F22840C5F60200016801F043
:1059E000030106910068C0F30530059044F22C4095
:1059F000C5F602000068C0F300100490049844F259
:105A00003C41C5F60201096889B2C908484300EE65
:105A1000100AB8EE400A8DED020A0598002800F041
:105A20001181FFE70698009048B1FFE70098012830
:105A300065D0FFE70098022800F08380A3E044F2DD
:105A40000040C5F60200006800F020010020B0EB25
:105A5000511F31D0FFE744F20040C5F60200006854
:105A6000C0F3C10149F20000C0F2D030C840039039
:105A70009DED030AB8EE400A9DED051AB8EE411AF5
:105A800080EE010A44F23840C5F6020000686FF368
:105A90005F2001EE100AB8EE411A9DED022A9FED3B
:105AA0006F3A02EE031AB7EE002A31EE021A20EE28
:105AB000010A8DED010A21E09DED050AB8EE401ABC
:105AC0009FED680A80EE010A44F23840C5F60200F4
:105AD00000686FF35F2001EE100AB8EE411A9DEDE9
:105AE000022A9FED5E3A02EE031AB7EE002A31EE6B
:105AF000021A20EE010A8DED010AFFE765E09DED37
:105B0000050AB8EE401A9FED560A80EE010A44F2EB
:105B10003840C5F6020000686FF35F2001EE100AFE
:105B2000B8EE411A9DED022A9FED4C3A02EE031A9F
:105B3000B7EE002A31EE021A20EE010A8DED010ABD
:105B400043E09DED050AB8EE401A9FED430A80EE52
:105B5000010A44F23840C5F6020000686FF35F2086
:105B600001EE100AB8EE411A9DED022A9FED3B3A74
:105B700002EE031AB7EE002A31EE021A20EE010AF5
:105B80008DED010A21E09DED050AB8EE401A9FED6A
:105B9000340A80EE010A44F23840C5F6020000687B
:105BA0006FF35F2001EE100AB8EE411A9DED022A54
:105BB0009FED2A3A02EE031AB7EE002A31EE021ADE
:105BC00020EE010A8DED010AFFE79DED010A44F286
:105BD0003840C5F60200016889B2490A01EE101A80
:105BE000B8EE411AB7EE002A31EE021A80EE010A31
:105BF0000799BCEEC00A81ED000A9DED010A01681B
:105C0000C1F3064101EE101AB8EE411A31EE021A44
:105C100080EE010A0799BCEEC00A81ED010A9DEDF4
:105C2000010A0068C0F3066001EE100AB8EE411ADE
:105C300031EE021A80EE010A0798BCEEC00A80ED30
:105C4000020A07E007990020086007994860079951
:105C50008860FFE708B0704720BCBE4B00000039E9
:105C60000024744A0024744C88B0079044F2284001
:105C7000C5F60200016801F0030106910068C0F357
:105C80000550059044F22C40C5F602000068C0F3B0
:105C900000200490049844F24441C5F602010968CA
:105CA00089B2C908484300EE100AB8EE400A8DEDEB
:105CB000020A0598002800F01181FFE7069800907D
:105CC00048B1FFE70098012865D0FFE70098022857
:105CD00000F08380A3E044F20040C5F602000068B3
:105CE00000F020010020B0EB511F31D0FFE744F25B
:105CF0000040C5F602000068C0F3C10149F200008F
:105D0000C0F2D030C84003909DED030AB8EE400ABF
:105D10009DED051AB8EE411A80EE010A44F24040AA
:105D2000C5F6020000686FF35F2001EE100AB8EEBE
:105D3000411A9DED022A9FED6F3A02EE031AB7EE6B
:105D4000002A31EE021A20EE010A8DED010A21E04F
:105D50009DED050AB8EE401A9FED680A80EE010A33
:105D600044F24040C5F6020000686FF35F2001EE88
:105D7000100AB8EE411A9DED022A9FED5E3A02EE3E
:105D8000031AB7EE002A31EE021A20EE010A8DED59
:105D9000010AFFE765E09DED050AB8EE401A9FEDA8
:105DA000560A80EE010A44F24040C5F6020000683F
:105DB0006FF35F2001EE100AB8EE411A9DED022A42
:105DC0009FED4C3A02EE031AB7EE002A31EE021AAA
:105DD00020EE010A8DED010A43E09DED050AB8EEC3
:105DE000401A9FED430A80EE010A44F24040C5F696
:105DF000020000686FF35F2001EE100AB8EE411A4E
:105E00009DED022A9FED3B3A02EE031AB7EE002AFF
:105E100031EE021A20EE010A8DED010A21E09DED1E
:105E2000050AB8EE401A9FED340A80EE010A44F2EA
:105E30004040C5F6020000686FF35F2001EE100AD3
:105E4000B8EE411A9DED022A9FED2A3A02EE031A9E
:105E5000B7EE002A31EE021A20EE010A8DED010A9A
:105E6000FFE79DED010A44F24040C5F602000168DB
:105E700089B2490A01EE101AB8EE411AB7EE002AAB
:105E800031EE021A80EE010A0799BCEEC00A81EDDC
:105E9000000A9DED010A0168C1F3064101EE101AE6
:105EA000B8EE411A31EE021A80EE010A0799BCEEF3
:105EB000C00A81ED010A9DED010A0068C0F3066089
:105EC00001EE100AB8EE411A31EE021A80EE010A14
:105ED0000798BCEEC00A80ED020A07E0079900208F
:105EE00008600799486007998860FFE708B0704725
:105EF00020BCBE4B000000390024744A0024744CBE
:105F000080B59AB0189000208DF857008DF8560093
:105F10001898C0780007002848D5FFE71898406E09
:105F2000149078B1FFE71498B0F5801F13D0FFE705
:105F30001498B0F5001F16D0FFE71498B0F5401F75
:105F400019D019E044F22C41C5F60201086840F46A
:105F50000030086014E018980830022103F0D4FDE6
:105F60008DF857000CE018982830022103F0B4FE99
:105F70008DF8570004E003E001208DF85700FFE79B
:105F80009DF8570060B9FFE744F25041C5F60201A1
:105F9000086820F44010189A526E1043086004E01C
:105FA0009DF857008DF85600FFE7FFE718984078F6
:105FB000C007002840D0FFE71898806D1390042890
:105FC00020D81399DFE801F0030C141C1D0044F2E3
:105FD0002C41C5F60201086840F40030086015E065
:105FE00018980830002103F08FFD8DF857000DE060
:105FF00018982830002103F06FFE8DF8570005E057
:1060000004E003E001208DF85700FFE79DF85700FA
:1060100060B9FFE744F25041C5F60201086820F07C
:106020000700189A926D1043086004E09DF857002D
:106030008DF85600FFE7FFE71898407840070028E2
:1060400056D5FFE71898D0F8A4001290C8B1FFE722
:106050001298B0F5001F1DD0FFE71298B0F5800F21
:1060600020D0FFE71298B0F5C00F23D0FFE71298B9
:10607000B0F5000F1FD0FFE71298B0F5200F1BD02E
:106080001BE044F22C41C5F60201086840F40030E0
:10609000086016E018980830002103F035FD8DF8EF
:1060A00057000EE018982830002103F015FE8DF8F7
:1060B000570006E005E004E003E001208DF85700FA
:1060C000FFE79DF8570068B9FFE744F25841C5F66D
:1060D0000201086820F46000189AD2F8A420104346
:1060E000086004E09DF857008DF85600FFE7FFE7D1
:1060F000189840780007002856D5FFE71898D0F880
:10610000A8001190C8B1FFE71198B0F1807F1DD0B1
:10611000FFE71198B0F1007F20D0FFE71198B0F1B0
:10612000407F23D0FFE71198B0F1806F1FD0FFE7C9
:106130001198B0F1A06F1BD01BE044F22C41C5F6C2
:106140000201086840F40030086016E01898083032
:10615000002103F0D9FC8DF857000EE01898283084
:10616000002103F0B9FD8DF8570006E005E004E0DA
:1061700003E001208DF85700FFE79DF8570068B94C
:10618000FFE744F25841C5F60201086820F0E060DC
:10619000189AD2F8A8201043086004E09DF8570030
:1061A0008DF85600FFE7FFE71898C07880070028B1
:1061B0003ED5FFE71898C06C1090F0B1FFE710983B
:1061C000102808D0FFE7109820280DD0FFE710987E
:1061D000302811D012E044F22C41C5F602010868C3
:1061E00040F4003008600DE018980830022103F0F8
:1061F0008BFC8DF8570005E004E003E001208DF8EA
:106200005700FFE79DF8570060B9FFE744F24C41A3
:10621000C5F60201086820F03000189AD26C1043CD
:10622000086004E09DF857008DF85600FFE7FFE78F
:1062300018984078C00600284ED5FFE71898C06D22
:106240000F90A0B1FFE70F98B0F5805F18D0FFE77F
:106250000F98B0F5005F1BD0FFE70F98B0F5405FD7
:106260001ED0FFE70F98B0F5804F1AD01AE044F225
:106270002C41C5F60201086840F40030086015E0C2
:1062800018980830002103F03FFC8DF857000DE00E
:1062900018982830002103F01FFD8DF8570005E005
:1062A00004E003E001208DF85700FFE79DF8570058
:1062B00060B9FFE744F25041C5F60201086820F4D6
:1062C000E040189AD26D1043086004E09DF8570032
:1062D0008DF85600FFE7FFE7189840788006002801
:1062E0004CD5FFE71898006E0E90C8B1FFE70E98E6
:1062F000B0F5803F15D0FFE70E98B0F5003F18D0FD
:10630000FFE70E98B0F5403F1BD0FFE70E98B0F5C1
:10631000802F17D0FFE70E98B0F5A02F13D013E011
:1063200016E018980830012103F0EEFB8DF85700B5
:106330000EE018982830012103F0CEFC8DF85700AC
:1063400006E005E004E003E001208DF85700FFE7D8
:106350009DF8570060B9FFE744F25041C5F60201CD
:10636000086820F4E020189A126E1043086004E0D8
:106370009DF857008DF85600FFE7FFE71898407822
:10638000400600284ED5FFE71898D0F8AC000D90D5
:10639000C8B1FFE70D98B0F1805F15D0FFE70D9809
:1063A000B0F1005F18D0FFE70D98B0F1405F1BD04F
:1063B000FFE70D98B0F1804F17D0FFE70D98B0F1CF
:1063C000A04F13D013E016E018980830012103F015
:1063D0009BFB8DF857000EE018982830012103F040
:1063E0007BFC8DF8570006E005E004E003E00120A7
:1063F0008DF85700FFE79DF8570068B9FFE744F2B2
:106400005841C5F60201086820F0E040189AD2F819
:10641000AC201043086004E09DF857008DF856004A
:10642000FFE7FFE718984078000600283BD5FFE714
:106430001898C06E0C90D8B1FFE70C98B0F1805F4F
:1064400005D0FFE70C98B0F1005F09D011E044F2ED
:106450002C41C5F60201086840F4003008600CE0E9
:1064600018980830012103F04FFB8DF8570004E025
:1064700003E001208DF85700FFE79DF8570060B951
:10648000FFE744F25041C5F60201086820F0405091
:10649000189AD26E1043086004E09DF857008DF8FA
:1064A0005600FFE7FFE71898C078C007002837D0EC
:1064B000FFE71898806C0B90032817D80B99DFE83A
:1064C00001F014020B1344F22C41C5F602010868D6
:1064D00040F4003008600DE018980830022103F005
:1064E00013FB8DF8570005E004E003E001208DF870
:1064F0005700FFE79DF8570060B9FFE744F24C41B1
:10650000C5F60201086820F00300189A926C104347
:10651000086004E09DF857008DF85600FFE7FFE79C
:10652000189880784006002840F1B480FFE744F6D0
:106530000001C5F60201086840F480700860FFF7AA
:106540006FF81690FFE744F60000C5F602000068F9
:10655000C00500280CD4FFE7FFF762F81699401A2F
:10656000652804D3FFE703208DF8570000E0EAE731
:106570009DF85700002840F08780FFE744F2704004
:10658000C5F60200006800F440701899D1F8B01008
:1065900001F44071884213D0FFE744F27041C5F620
:1065A0000201086820F440701790086840F48030B9
:1065B0000860086820F48030086017980860FFE7DA
:1065C0001898D0F8B000B0F5807F1FD1FFE7FFF733
:1065D00027F81690FFE744F27040C5F60200006805
:1065E00000F002010020B0EB510F0ED1FFE7FFF7E2
:1065F00017F81699401A41F28931884204D3FFE70F
:1066000003208DF8570000E0E5E7FFE79DF857000D
:10661000A0BBFFE7FFE71898D0F8B00000F4407087
:10662000B0F5407F13D1FFE744F21041C5F60201F7
:10663000086820F47C50189AD2F8B0204FF6F04346
:10664000C0F6FF731A4040EA1210086008E044F2F6
:106650001041C5F60201086820F47C500860FFE78D
:106660001898D0F8B0206FF31F3244F27041C5F68D
:106670000201086810430860FFE704E09DF8570036
:106680008DF85600FFE704E09DF857008DF856009E
:10669000FFE7FFE718980068C007002800F04C806B
:1066A000FFE71898806F0A9028282BD80A99DFE80E
:1066B00001F01529292929292929162929292929D2
:1066C00029291E2929292929292926292929292948
:1066D00029292729292929292929280016E0189854
:1066E0000830012103F010FA8DF857000EE01898D9
:1066F0002830012103F0F0FA8DF8570006E005E09C
:1067000004E003E001208DF85700FFE79DF85700F3
:1067100060B9FFE744F25441C5F60201086820F071
:106720003800189A926F1043086004E09DF85700F3
:106730008DF85600FFE7FFE71898007880070028DB
:1067400039D5FFE71898406F0990052819D809999D
:10675000DFE801F003040C14151616E01898083051
:10676000012103F0D1F98DF857000EE01898283078
:10677000012103F0B1FA8DF8570006E005E004E0CE
:1067800003E001208DF85700FFE79DF8570060B93E
:10679000FFE744F25441C5F60201086820F0070003
:1067A000189A526F1043086004E09DF857008DF866
:1067B0005600FFE7FFE718980078400700283BD510
:1067C000FFE71898D0F890000890052819D8089984
:1067D000DFE801F003040C14151616E018980830D1
:1067E000012103F091F98DF857000EE01898283038
:1067F000012103F071FA8DF8570006E005E004E08E
:1068000003E001208DF85700FFE79DF8570068B9B5
:10681000FFE744F25841C5F60201086820F007007E
:10682000189AD2F890201043086004E09DF85700B1
:106830008DF85600FFE7FFE71898007880060028DB
:106840004ED5FFE71898D0F88C000790C8B1FFE745
:106850000798B0F1805F15D0FFE70798B0F1005FAF
:1068600018D0FFE70798B0F1405F1BD0FFE707980B
:10687000B0F1804F17D0FFE70798B0F1A04F13D0C9
:1068800013E016E018980830002103F03DF98DF868
:1068900057000EE018982830022103F01DFA8DF8F9
:1068A000570006E005E004E003E001208DF8570002
:1068B000FFE79DF8570068B9FFE744F25441C5F679
:1068C0000201086820F0E040189AD2F88C201043AA
:1068D000086004E09DF857008DF85600FFE7FFE7D9
:1068E00018980078400600284ED5FFE71898D0F891
:1068F00098000690C8B1FFE70698B0F5806F15D0F4
:10690000FFE70698B0F5006F18D0FFE70698B0F5DE
:10691000406F1BD0FFE70698B0F5805F17D0FFE708
:106920000698B0F5A05F13D013E016E01898083071
:10693000002103F0E9F88DF857000EE01898283090
:10694000022103F0C9F98DF8570006E005E004E0E4
:1069500003E001208DF85700FFE79DF8570068B964
:10696000FFE744F25841C5F60201086820F4E05000
:10697000189AD2F898201043086004E09DF8570058
:106980008DF85600FFE7FFE718980078000600280A
:106990004ED5FFE71898D0F89C000590C8B1FFE7E6
:1069A0000598B0F5005F15D0FFE70598B0F5804F6A
:1069B00018D0FFE70598B0F5C04F1BD0FFE705984A
:1069C000B0F5004F17D0FFE70598B0F5204F13D072
:1069D00013E016E018980830002103F095F88DF8C0
:1069E00057000EE018982830022103F075F98DF851
:1069F000570006E005E004E003E001208DF85700B1
:106A0000FFE79DF8570068B9FFE744F25841C5F623
:106A10000201086820F46040189AD2F89C201043C4
:106A2000086004E09DF857008DF85600FFE7FFE787
:106A3000189800780007002820D5FFE71898D0F8AC
:106A40008000B0F5805F0CD1FFE718982830022154
:106A500003F042F920B1FFE701208DF85600FFE76F
:106A6000FFE744F25441C5F60201086820F44050A3
:106A7000189AD2F8802010430860FFE71898007831
:106A8000C006002820D5FFE71898D0F89400B0F58C
:106A9000807F0CD1FFE718982830022103F01CF901
:106AA00020B1FFE701208DF85600FFE7FFE744F231
:106AB0005841C5F60201086820F44070189AD2F8CF
:106AC000942010430860FFE718988078000700289A
:106AD0003CD5FFE71898D0F8A000049050B1FFE72C
:106AE0000498B0F5803F0DD0FFE70498B0F5003F63
:106AF00010D010E018980830002103F005F88DF848
:106B000057000CE018982830022103F0E5F88DF8C2
:106B1000570004E003E001208DF85700FFE79DF8DF
:106B2000570068B9FFE744F25841C5F6020108680A
:106B300020F44030189AD2F8A0201043086004E0F6
:106B40009DF857008DF85600FFE7FFE7189880780A
:106B5000400700283FD5FFE71898D0F8840003903D
:106B6000B0F5801F0AD0FFE70398B0F5001F0ED0E4
:106B7000FFE70398B0F5401F11D011E044F22C411B
:106B8000C5F60201086840F4003008600CE018986F
:106B90002830012103F0A0F88DF8570004E003E04D
:106BA00001208DF85700FFE79DF8570068B9FFE70F
:106BB00044F25441C5F60201086820F44010189AC6
:106BC000D2F884201043086004E09DF857008DF847
:106BD0005600FFE7FFE718988078C007A8B3FFE7E3
:106BE0001898006D029028B1FFE70298B0F5803F39
:106BF00009D010E044F22C41C5F60201086840F4C7
:106C0000003008600BE018980830022102F07CFF89
:106C10008DF8570003E001208DF85700FFE79DF83D
:106C2000570060B9FFE744F24C41C5F6020108681D
:106C300020F48030189A126D1043086004E09DF82B
:106C400057008DF85600FFE7FFE71898C0788006D8
:106C500000280CD5FFE718982830022103F03CF8F3
:106C600020B1FFE701208DF85600FFE7FFE71898F5
:106C70008078800700283AD5FFE71898C06F019008
:106C8000D0B1FFE70198B0F5807F0AD0FFE7019807
:106C9000B0F5007F0ED0FFE70198B0F5407F0AD035
:106CA0000BE044F22C41C5F60201086840F40030C4
:106CB000086006E005E004E003E001208DF85700DD
:106CC000FFE79DF8570060B9FFE744F25441C5F66D
:106CD0000201086820F44070189AD26F10430860CF
:106CE00004E09DF857008DF85600FFE7FFE718987D
:106CF0008078C00600280CD5FFE744F25041C5F665
:106D00000201086820F00040189A126F10430860D2
:106D1000FFE718988078800600280CD5FFE744F23A
:106D20005041C5F60201086820F08070189A926EF2
:106D300010430860FFE71898C0784006002811D576
:106D4000FFE7FFE744F21041C5F60201086820F4AE
:106D5000004008601898D0F8B42008681043086014
:106D6000FFE7FFE71898C078000600280CD5FFE77A
:106D700044F24C41C5F60201086820F04050189AD0
:106D8000526D10430860FFE71898807800060028CD
:106D90000DD5FFE744F25441C5F60201086820F41E
:106DA0004000189AD2F8882010430860FFE718982E
:106DB0000079C00790B1FFE718980830002102F071
:106DC000A3FE8DF857009DF8570008B9FFE704E0CF
:106DD0009DF857008DF85600FFE7FFE718980079F7
:106DE0008007002812D5FFE718980830012102F02B
:106DF0008BFE8DF857009DF8570008B9FFE704E0B7
:106E00009DF857008DF85600FFE7FFE718980079C6
:106E10004007002812D5FFE718980830022102F039
:106E200073FE8DF857009DF8570008B9FFE704E09E
:106E30009DF857008DF85600FFE7FFE71898007996
:106E40000007002812D5FFE718982830002102F02B
:106E500043FF8DF857009DF8570008B9FFE704E09D
:106E60009DF857008DF85600FFE7FFE71898007966
:106E7000C006002812D5FFE718982830012102F03B
:106E80002BFF8DF857009DF8570008B9FFE704E085
:106E90009DF857008DF85600FFE7FFE71898007936
:106EA0008006002812D5FFE718982830022102F04A
:106EB00013FF8DF857009DF8570008B9FFE704E06D
:106EC0009DF857008DF85600FFE7FFE79DF8560044
:106ED00020B9FFE700208DF8670003E001208DF85E
:106EE0006700FFE79DF867001AB080BD0000000052
:106EF00080B586B004900391049820B9FFE7012083
:106F00008DF817003CE2039842F20001C5F200211F
:106F1000096801F00F01884216D9FFE742F200002C
:106F2000C5F20020016821F00F01039A11430160AE
:106F3000006800F00F000399884204D0FFE70120A9
:106F40008DF817001CE2FFE704980078400700283E
:106F500019D5FFE70498006944F21841C5F602010B
:106F6000096801F0700188420CD9FFE744F218412A
:106F7000C5F60201086820F07000049A12691043F7
:106F80000860FFE7FFE7049800780007002819D59C
:106F9000FFE70498406944F21C41C5F60201096804
:106FA00001F0700188420CD9FFE744F21C41C5F69C
:106FB0000201086820F07000049A526910430860CA
:106FC000FFE7FFE704980078C006002819D5FFE71F
:106FD0000498806944F21C41C5F60201096801F475
:106FE000E06188420CD9FFE744F21C41C5F602017A
:106FF000086820F4E060049A926910430860FFE793
:10700000FFE7049800788006002819D5FFE7049868
:10701000C06944F22041C5F60201096801F070011F
:1070200088420CD9FFE744F22041C5F60201086806
:1070300020F07000049AD26910430860FFE7FFE770
:10704000049800788007002819D5FFE70498C068E5
:1070500044F21841C5F60201096801F00F018842A7
:107060000CD9FFE744F21841C5F60201086820F088
:107070000F00049AD26810430860FFE7FFE7049806
:107080000078C007002800F08C80FFE744F2184128
:10709000C5F60201086820F47060049A92681043F3
:1070A000086004984068022811D1FFE744F20040CC
:1070B000C5F60200006800F400310020B0EB514F2B
:1070C00004D1FFE701208DF8170059E13EE0049854
:1070D0004068032811D1FFE744F20040C5F60200E2
:1070E000006800F000710020B0EB516F04D1FFE7A1
:1070F00001208DF8170043E127E00498406801283B
:1071000011D1FFE744F20040C5F60200006800F428
:1071100080710020B0EB112F04D1FFE701208DF822
:1071200017002DE110E044F20040C5F602000068AF
:1071300000F004010020B0EB910F04D1FFE7012023
:107140008DF817001CE1FFE7FFE7FFE744F210416D
:10715000C5F60201086820F00700049A526810433F
:107160000860FEF75DFA0190FFE744F21040C5F6B3
:107170000200006800F0380004994968B0EBC10FC4
:107180000ED0FFE7FEF74CFA0199401A41F289311F
:10719000884204D3FFE703208DF81700F0E0E4E70E
:1071A000FFE7049800788007002819D5FFE70498C6
:1071B000C06844F21841C5F60201096801F00F01E8
:1071C00088420CD2FFE744F21841C5F60201086874
:1071D00020F00F00049AD26810430860FFE7FFE731
:1071E000039842F20001C5F20021096801F00F0185
:1071F000884216D2FFE742F20000C5F20020016883
:1072000021F00F01039A11430160006800F00F00A4
:107210000399884204D0FFE701208DF81700AFE002
:10722000FFE7049800784007002819D5FFE7049885
:10723000006944F21841C5F60201096801F07001C5
:1072400088420CD2FFE744F21841C5F602010868F3
:1072500020F07000049A126910430860FFE7FFE70E
:10726000049800780007002819D5FFE704984069C2
:1072700044F21C41C5F60201096801F07001884220
:107280000CD2FFE744F21C41C5F60201086820F069
:107290007000049A526910430860FFE7FFE7049802
:1072A0000078C006002819D5FFE70498806944F2E9
:1072B0001C41C5F60201096801F4E06188420CD264
:1072C000FFE744F21C41C5F60201086820F4E060C3
:1072D000049A926910430860FFE7FFE7049800787A
:1072E0008006002819D5FFE70498C06944F22041C0
:1072F000C5F60201096801F0700188420CD2FFE76F
:1073000044F22041C5F60201086820F07000049A9A
:10731000D26910430860FFE7FFE700F0CDF844F2C0
:107320001842C5F602021168C1F3032340F2F011BE
:10733000C0F60101CB5C03F01F03D8400090009819
:10734000126802F00F02895C01F01F01C84040F290
:107350000C01C2F200410860009840F20801C2F23C
:107360000041086040F21400C2F200400068FEF7DD
:10737000AFF98DF80B009DF80B008DF81700FFE7B3
:107380009DF8170006B080BD82B001900091019970
:107390003F20086044F21040C5F60200006800F08B
:1073A00007000199486044F21840C5F602000168E0
:1073B00001F47061019A9160016801F00F01019A76
:1073C000D160006800F070000199086144F21C402F
:1073D000C5F60200016801F07001019A5161006870
:1073E00000F4E0600199886144F22040C5F6020093
:1073F000006800F070000199C86142F20000C5F217
:107400000020006800F00F000099086002B070478B
:1074100080B582B000F050F844F21842C5F602027E
:107420001168C1F3032340F2F011C0F60101CB5CF7
:1074300003F01F03D84001900198126802F00F0278
:10744000895C01F01F0120FA01F140F20C00C2F248
:1074500000400160019940F20802C2F2004211604E
:10746000006802B080BD000080B5FFF7D1FF44F294
:107470001C41C5F602010968C1F3021240F2F01185
:10748000C0F60101895C01F01F01C84080BD000009
:1074900080B5FFF7BDFF44F21C41C5F60201096843
:1074A000C1F3022240F2F011C0F60101895C01F043
:1074B0001F01C84080BD00008AB044F21040C5F6EC
:1074C0000200006800F0380001460191182800F21F
:1074D0005F810199DFE811F019005C015C015C013A
:1074E0005C015C015C015C013A005C015C015C01D7
:1074F0005C015C015C015C0140005C015C015C01C1
:107500005C015C015C015C01460044F20040C5F690
:107510000200006800F020010020B0EB511F0ED0E7
:10752000FFE744F20040C5F602000068C0F3C10165
:1075300049F20000C0F2D030C840029005E049F2A4
:107540000000C0F2D0300290FFE727E140F60010C3
:10755000C0F23D00029021E147F64000C0F27D10EC
:1075600002901BE144F22840C5F60200016801F0D8
:10757000030108910068C0F30510079044F22C4005
:10758000C5F60200006800F001000690069844F27B
:107590003441C5F60201096889B2C908484300EEC2
:1075A000100AB8EE400A8DED040A0798002800F092
:1075B000EB80FFE70898009048B1FFE700980128AA
:1075C00065D0FFE70098022800F08380A3E044F232
:1075D0000040C5F60200006800F020010020B0EB7A
:1075E000511F31D0FFE744F20040C5F602000068A9
:1075F000C0F3C10149F20000C0F2D030C84005908C
:107600009DED050AB8EE400A9DED071AB8EE411A45
:1076100080EE010A44F23040C5F6020000686FF3C4
:107620005F2001EE100AB8EE411A9DED042A9FED8D
:107630005E3A02EE031AB7EE002A31EE021A20EE8D
:10764000010A8DED030A21E09DED070AB8EE401A0C
:107650009FED570A80EE010A44F23040C5F6020061
:1076600000686FF35F2001EE100AB8EE411A9DED3D
:10767000042A9FED4D3A02EE031AB7EE002A31EECE
:10768000021A20EE010A8DED030AFFE765E09DED89
:10769000070AB8EE401A9FED450A80EE010A44F24F
:1076A0003040C5F6020000686FF35F2001EE100A5B
:1076B000B8EE411A9DED042A9FED3B3A02EE031A03
:1076C000B7EE002A31EE021A20EE010A8DED030A10
:1076D00043E09DED070AB8EE401A9FED320A80EEB6
:1076E000010A44F23040C5F6020000686FF35F20E3
:1076F00001EE100AB8EE411A9DED042A9FED2A3AD8
:1077000002EE031AB7EE002A31EE021A20EE010A49
:107710008DED030A21E09DED070AB8EE401A9FEDBA
:10772000230A80EE010A44F23040C5F602000068E8
:107730006FF35F2001EE100AB8EE411A9DED042AA6
:107740009FED193A02EE031AB7EE002A31EE021A43
:1077500020EE010A8DED030AFFE744F23040C5F642
:107760000200006881B2012000EB512009909DEDDC
:10777000030A9DED091AB8EE411A80EE010ABCEE2B
:10778000C00A8DED020A02E000200290FFE705E04A
:1077900040F60010C0F23D000290FFE702980AB0E8
:1077A000704700BF20BCBE4B000000390024744A63
:1077B0000024744C0000000080B58CB00A900A9838
:1077C00028B9FFE701208DF82F0000F001BD0A98CD
:1077D0000078C007002800F0B980FFE744F21040AD
:1077E000C5F60200006800F03800069044F2284018
:1077F000C5F6020000680590069810280AD0FFE739
:10780000069818281CD1FFE7059800F0030002280D
:1078100016D1FFE744F20040C5F60200006800F40C
:1078200000310020B0EB514F09D0FFE70A984068C3
:1078300028B9FFE701208DF82F0000F0C9BC84E0D3
:10784000FFE70A984068B0F5803F09D1FFE744F2AE
:107850000041C5F60201086840F48030086032E05B
:107860000A98406868B9FFE744F20041C5F6020192
:10787000086820F480300860086820F480200860E0
:1078800020E00A984068B0F5A02F0DD1FFE744F240
:107890000041C5F60201086840F4802008600868CD
:1078A00040F4803008600CE044F20041C5F602016B
:1078B000086820F480300860086820F480200860A0
:1078C000FFE7FFE7FFE7FFE70A984068F0B1FFE74F
:1078D000FDF7A6FE0990FFE744F20040C5F602005E
:1078E000006800F400310020B0EB514F0DD1FFE7EC
:1078F000FDF796FE0999401A652805D3FFE7032096
:107900008DF82F0000F064BCE6E71DE0FDF788FE6F
:107910000990FFE744F20040C5F60200006800F459
:1079200000310020B0EB514F0DD0FFE7FDF778FE9E
:107930000999401A652805D3FFE703208DF82F0029
:1079400000F046BCE6E7FFE7FFE7FFE70A980078AC
:107950008007002840F1C580FFE744F21040C5F6DB
:107960000200006800F03800049044F22840C5F698
:10797000020000680390049850B1FFE704981828AB
:1079800050D1FFE79DF80C00800700284AD1FFE79F
:1079900044F20040C5F60200006800F00401002037
:1079A000B0EB910F09D0FFE70A98C06828B9FFE74C
:1079B00001208DF82F0000F00BBC44F20041C5F609
:1079C0000201086820F019000A9AD2681043086082
:1079D000FDF726FE0990FFE744F20040C5F60200DD
:1079E000006800F004010020B0EB910F0CD1FFE71C
:1079F000FDF716FE0999401A032804D3FFE7032078
:107A00008DF82F00E4E3E7E744F20441C5F60201F4
:107A1000086820F0FE400A9A126940EA0260086095
:107A2000FFE75DE00A98C068A0B3FFE744F20041B9
:107A3000C5F60201086820F019000A9AD2681043BE
:107A40000860FDF7EDFD0990FFE744F20040C5F640
:107A50000200006800F004010020B0EB910F0CD18F
:107A6000FFE7FDF7DDFD0999401A032804D3FFE77E
:107A700003208DF82F00ABE3E7E744F20441C5F69D
:107A80000201086820F0FE400A9A126940EA02608A
:107A9000086024E044F20041C5F60201086820F0C5
:107AA00001000860FDF7BCFD0990FFE744F20040CB
:107AB000C5F60200006800F004010020B0EB910F51
:107AC0000CD0FFE7FDF7ACFD0999401A032804D359
:107AD000FFE703208DF82F007AE3E7E7FFE7FFE7F2
:107AE000FFE70A980078C006002840F1A080FFE771
:107AF00044F21040C5F60200006800F03800029021
:107B000044F22840C5F60200006801900298082857
:107B10000AD0FFE7029818282BD1FFE7019800F060
:107B20000300012825D1FFE744F20040C5F602001A
:107B3000006800F480710020B0EB112F09D0FFE73E
:107B40000A98C069802804D0FFE701208DF82F0033
:107B50003EE3FFE744F20C41C5F60201086820F05D
:107B60007C500A9A126A40EA02600860FFE7FFE769
:107B70005CE00A98C06998B3FFE744F20041C5F69B
:107B80000201086840F080000860FDF749FD099097
:107B9000FFE744F20040C5F60200006800F480717F
:107BA0000020B0EB112F0CD1FFE7FDF739FD09994B
:107BB000401A032804D3FFE703208DF82F0007E3C2
:107BC000E7E7FFE744F20C41C5F60201086820F040
:107BD0007C500A9A126A40EA02600860FFE724E0DB
:107BE00044F20041C5F60201086820F080000860F8
:107BF000FDF716FD0990FFE744F20040C5F60200CC
:107C0000006800F480710020B0EB112F0CD0FFE76A
:107C1000FDF706FD0999401A032804D3FFE7032066
:107C20008DF82F00D4E2E7E7FFE7FFE7FFE70A98C8
:107C30000078000700284FD5FFE70A98406928B36D
:107C4000FFE744F27441C5F60201086840F0010004
:107C50000860FDF7E5FC0990FFE744F27440C5F6C3
:107C60000200006800F002010020B0EB510F0CD1BF
:107C7000FFE7FDF7D5FC0999401A032804D3FFE775
:107C800003208DF82F00A3E2E7E724E044F27441DB
:107C9000C5F60201086820F001000860FDF7C0FC8D
:107CA0000990FFE744F27440C5F60200006800F056
:107CB00002010020B0EB510F0CD0FFE7FDF7B0FC44
:107CC0000999401A032804D3FFE703208DF82F00F9
:107CD0007EE2E7E7FFE7FFE70A98007880060028E2
:107CE0004FD5FFE70A98806928B3FFE744F20041C7
:107CF000C5F60201086840F480500860FDF790FC6A
:107D00000990FFE744F20040C5F60200006800F465
:107D100000510020B0EB513F0CD1FFE7FDF780FC94
:107D20000999401A032804D3FFE703208DF82F0098
:107D30004EE2E7E724E044F20041C5F6020108689C
:107D400020F480500860FDF76BFC0990FFE744F2D7
:107D50000040C5F60200006800F400510020B0EBBE
:107D6000513F0CD0FFE7FDF75BFC0999401A03284F
:107D700004D3FFE703208DF82F0029E2E7E7FFE7B0
:107D8000FFE70A9800784007002840F1A780FFE746
:107D900044F60001C5F60201086840F480700860EE
:107DA000FDF73EFC0990FFE744F60000C5F602002F
:107DB0000068C00500280CD4FFE7FDF731FC0999E5
:107DC000401A652804D3FFE703208DF82F00FFE158
:107DD000EAE7FFE70A988068012809D1FFE744F243
:107DE0007041C5F60201086840F00100086031E00A
:107DF0000A98806868B9FFE744F27041C5F602014D
:107E0000086820F001000860086820F0040008609D
:107E10001FE00A98806805280DD1FFE744F2704101
:107E2000C5F60201086840F004000860086840F0E8
:107E3000010008600CE044F27041C5F602010868D8
:107E400020F001000860086820F004000860FFE7E7
:107E5000FFE7FFE7FFE70A988068F8B1FFE7FDF763
:107E6000DFFB0990FFE744F27040C5F602000068AE
:107E700000F002010020B0EB510F0ED1FFE7FDF73B
:107E8000CFFB0999401A41F28931884204D3FFE7B8
:107E900003208DF82F009BE1E5E71EE0FDF7C0FB16
:107EA0000990FFE744F27040C5F60200006800F058
:107EB00002010020B0EB510F0ED0FFE7FDF7B0FB41
:107EC0000999401A41F28931884204D3FFE703201F
:107ED0008DF82F007CE1E5E7FFE7FFE70A98406AAD
:107EE000002800F07181FFE744F21040C5F602005F
:107EF000006800F03800182800F0E080FFE70A98DA
:107F0000406A022840F0B480FFE744F20041C5F621
:107F10000201086820F080700860FDF781FB09907D
:107F2000FFE744F20040C5F60200006800F000716F
:107F30000020B0EB516F0CD0FFE7FDF771FB099902
:107F4000401A032804D3FFE703208DF82F003FE1F8
:107F5000E7E7FFE744F22841C5F60201086840F26E
:107F6000F33290430A9B9A6ADB6A42EA0312104397
:107F700008600A99086BD1F834C08B6BCA6B013862
:107F80006FF35F204FF60061CFF6FF7101EB4C21DC
:107F900089B208440021CFF6FF7101EB034101F4DF
:107FA000FE0108444FF07F4101EB026101F0FE4108
:107FB000084444F23041C5F602010860FFE744F28C
:107FC0002C41C5F602010091086820F0010008600C
:107FD00044F23442C5F6020210684FF6F873984333
:107FE0000A9B9B6C40EAC3001060086820F00C00FC
:107FF0000A9A126C10430860086820F002000A9A7E
:10800000526C10430860086840F4803008600868CB
:1080100040F400300860086840F480200860086878
:1080200040F00100086044F20041C5F60201086812
:1080300040F080700860FDF7F3FA0990FFE744F222
:108040000040C5F60200006800F000710020B0EBAF
:10805000516F0CD1FFE7FDF7E3FA0999401A0328A5
:1080600004D3FFE703208DF82F00B1E0E7E724E019
:1080700044F20041C5F60201086820F080700860F3
:10808000FDF7CEFA0990FFE744F20040C5F6020082
:10809000006800F000710020B0EB516F0CD0FFE7DA
:1080A000FDF7BEFA0999401A032804D3FFE703201D
:1080B0008DF82F008CE0E7E7FFE784E044F22840EA
:1080C000C5F602000068089044F23040C5F6020090
:1080D000006807900A98406A012837D0FFE708989F
:1080E00000F003000A99896A88422FD1FFE70898B7
:1080F00000F47C710A98C06AB0EB111F26D1FFE72B
:1081000007986FF35F200A99096B013988421DD1E6
:10811000FFE7BDF81C100A98406B0138B0EB512FF7
:1081200014D1FFE7079800F4FE010A98806B01382C
:10813000B0EB114F0AD1FFE7079800F0FE410A9813
:10814000C06B0138B0EB116F04D0FFE701208DF850
:108150002F003DE044F23440C5F60200006880B2D2
:10816000C00808900A98806C0899884229D0FFE7D7
:1081700044F22C41C5F60201086820F001000860B5
:10818000FDF74EFA0990FFE7FDF74AFA0999401A00
:1081900008B9FFE7F8E744F23441C5F60201086880
:1081A0004FF6F87290430A9A926C40EAC200086057
:1081B00044F22C41C5F60201086840F00100086055
:1081C000FFE7FFE7FFE7FFE700208DF82F00FFE75D
:1081D0009DF82F000CB080BD81B0009001B07047B9
:1081E00081B0009001B0704781B0009001B070473D
:1081F00085B003900291FFE7039890F83C000128B6
:1082000004D1FFE702208DF81300ABE003990120B1
:1082100081F83C00FFE7FFE70399022081F83D0069
:108220000398006840680190039800688068009097
:10823000039800680021C4F20101884209D0FFE7D9
:108240000398006840F20041C4F2010188420AD15B
:10825000FFE7019820F470000190029841680198AE
:1082600008430190FFE7019820F070000190029808
:1082700001680198084301900198039909684860D2
:10828000039800680021C4F2010188424ED0FFE744
:1082900003980068B0F1804F48D0FFE7039800686A
:1082A00040F20041C4F2000188423FD0FFE703984A
:1082B000006840F60001C4F20001884236D0FFE7B2
:1082C0000398006840F60041C4F2000188422DD0B6
:1082D000FFE70398006840F20041C4F201018842C0
:1082E00024D0FFE70398006841F60001C4F20001C2
:1082F00088421BD0FFE70398006844F20001C4F2F3
:108300000101884212D0FFE7039800684EF2000195
:10831000C4F20001884209D0FFE7039800684EF2DA
:108320000041C4F2000188420ED1FFE7009820F01E
:10833000800000900298816800980843009000989F
:10834000039909688860FFE70399012081F83D00DF
:10835000FFE70399002081F83C00FFE700208DF83B
:108360001300FFE79DF8130005B070470000000000
:1083700080B582B00090009820B9FFE701208DF809
:10838000070045E0009890F83D0040B9FFE70099EC
:10839000002081F83C00009800F03EF8FFE70099CB
:1083A000022081F83D00009951F8040B01F080FE95
:1083B0000099012081F84800FFE70099012081F829
:1083C0003E00009981F83F00009981F84000009933
:1083D00081F84100009981F84200009981F843003A
:1083E000FFE7FFE70099012081F84400009981F838
:1083F0004500009981F84600009981F84700FFE7A1
:108400000099012081F83D0000208DF80700FFE76A
:108410009DF8070002B080BD80B586B00590059834
:10842000006840F60001C4F20001884219D1FFE75C
:10843000FFE744F2E840C5F60200016841F004019C
:108440000160006800F0040004900498FFE71E201B
:10845000029005210022FDF733FA0298FDF724FA75
:1084600022E00598006841F20001C4F20001884250
:1084700019D1FFE7FFE744F2E840C5F602000168C2
:1084800041F010010160006800F0100003900398B3
:10849000FFE73620019006210022FDF711FA01982E
:1084A000FDF702FAFFE7FFE706B080BD000000001D
:1084B00083B00190019890F83D00012804D0FFE7B7
:1084C00001208DF80B0083E00199022081F83D0026
:1084D00001980168C86840F00100C8600198006810
:1084E0000021C4F2010188424ED0FFE701980068E4
:1084F000B0F1804F48D0FFE70198006840F200419A
:10850000C4F2000188423FD0FFE70198006840F6BE
:108510000001C4F20001884236D0FFE701980068EC
:1085200040F60041C4F2000188422DD0FFE70198D7
:10853000006840F20041C4F20101884224D0FFE704
:108540000198006841F60001C4F2000188421BD086
:10855000FFE70198006844F20001C4F2010188427B
:1085600012D0FFE7019800684EF20001C4F200014A
:10857000884209D0FFE7019800684EF20041C4F23A
:108580000001884219D1FFE701980068806807213F
:10859000C0F2010108400090009806280CD0FFE7C7
:1085A0000098B0F5803F07D0FFE7019801680868A0
:1085B00040F001000860FFE706E0019801680868E4
:1085C00040F001000860FFE700208DF80B00FFE796
:1085D0009DF80B0003B0704780B586B004900391FE
:1085E00000208DF80B00FFE7049890F83C0001286C
:1085F00004D1FFE702208DF81700D1E00499012093
:1086000081F83C00FFE7FFE70499022081F83D0074
:10861000049800688068019001984FF68871CFF641
:10862000CE7108400190019820F47F40019001989C
:10863000049909688860039800680090002800F099
:108640009580FFE70098102800F09080FFE70098E1
:10865000202800F08B80FFE70098302800F086800B
:10866000FFE70098402874D0FFE70098502856D0C4
:10867000FFE7009860285FD0FFE7009870282AD0B5
:10868000FFE70098B0F5805F24D0FFE70098B0F5D1
:10869000005F35D0FFE70098B0F5801F66D0FFE798
:1086A0000098B0F1101F61D0FFE700982021C0F2C0
:1086B000100188425AD0FFE700983021C0F2100123
:1086C000884253D0FFE700984021C0F21001884251
:1086D0004CD052E055E004980068039B5A689968B2
:1086E000DB6801F0C9FD049800688068019001987A
:1086F00040F077000190019804990968886040E093
:1087000004980068039B5A689968DB6801F0B4FD1F
:1087100004980168886840F48040886031E00498DB
:108720000068039A5168D26801F0DAFD0498006885
:10873000502101F0BDFD24E004980068039A5168BF
:10874000D26801F0F5FD04980068602101F0B0FDE9
:1087500017E004980068039A5168D26801F0C0FDE0
:1087600004980068402101F0A3FD0AE00498006825
:108770000399096801F09CFD03E001208DF80B00CE
:10878000FFE70499012081F83D00FFE704990020EC
:1087900081F83C00FFE79DF80B008DF81700FFE71C
:1087A0009DF8170006B080BD81B0009001B0704701
:1087B00080B584B0039003980068C0680290039865
:1087C0000068006901909DF804008007002824D506
:1087D000FFE79DF80800800700281DD5FFE70398F4
:1087E00001686FF00200086103990120087703987F
:1087F00000688069800720B1FFE70398FFF7D4FF86
:1088000006E0039800F0FCF8039800F0FDF8FFE79D
:10881000039900200877FFE7FFE79DF80400400771
:10882000002825D5FFE79DF80800400700281ED541
:10883000FFE7039801686FF00400086103990220C4
:10884000087703980068806910F4407F04D0FFE740
:108850000398FFF7A9FF06E0039800F0D1F803980A
:1088600000F0D2F8FFE7039900200877FFE7FFE761
:108870009DF804000007002824D5FFE79DF80800B4
:10888000000700281DD5FFE7039801686FF0080076
:10889000086103990420087703980068C06980077D
:1088A00020B1FFE70398FFF77FFF06E0039800F091
:1088B000A7F8039800F0A8F8FFE7039900200877CD
:1088C000FFE7FFE79DF80400C006002825D5FFE775
:1088D0009DF80800C00600281ED5FFE70398016830
:1088E0006FF010000861039908200877039800686A
:1088F000C06910F4407F04D0FFE70398FFF754FFEE
:1089000006E0039800F07CF8039800F07DF8FFE79C
:10891000039900200877FFE7FFE79DF80400C007F0
:1089200078B1FFE79DF80800C00748B1FFE703985A
:1089300001686FF001000861039800F069F8FFE733
:10894000FFE7019800F08000802806D0FFE79DF83F
:1089500005008006002810D5FFE79DF808000006F6
:10896000002809D5FFE7039801686FF402500861F9
:108970000398FFF735FCFFE7FFE79DF80500C00708
:1089800080B1FFE79DF808000006002809D5FFE741
:10899000039801686FF4807008610398FFF71CFC6E
:1089A000FFE7FFE79DF804004006002810D5FFE729
:1089B0009DF808004006002809D5FFE703980168E4
:1089C0006FF040000861039800F04EF8FFE7FFE702
:1089D0009DF804008006002810D5FFE79DF80800E8
:1089E0008006002809D5FFE7039801686FF0200092
:1089F00008610398FFF7F8FBFFE7FFE704B080BDCD
:108A000081B0009001B0704781B0009001B0704714
:108A100080B582B001900198006840F20041C4F234
:108A20000101884203D1FFE7FCF702FEFFE701984E
:108A3000006841F20001C4F20001884203D1FFE75F
:108A400004F052F8FFE70198006840F60001C4F214
:108A50000001884203D1FFE703F0DEFDFFE702B02B
:108A600080BD00000000000081B0009001B07047A0
:108A700083B00190FFE7019890F88400012804D1A9
:108A8000FFE702208DF80B002CE00199012081F80E
:108A90008400FFE7FFE701992420C1F888000198CE
:108AA00000680068009001980168086820F00100E3
:108AB0000860009820F0005000900199002048665E
:108AC000009801990968086001992020C1F8880080
:108AD000FFE70199002081F88400FFE700208DF86E
:108AE0000B00FFE79DF80B0003B07047000000008B
:108AF00082B00190ADF8021002B070470000000093
:108B000081B0009001B0704780B584B002900191AF
:108B1000FFE7029890F88400012804D1FFE70220C3
:108B20008DF80F0032E00299012081F88400FFE700
:108B3000FFE702992420C1F88800029800680068C5
:108B4000009002980168086820F00100086002980F
:108B50000068806820F06060019908430299096804
:108B60008860029801F010FC00980299096808607A
:108B700002992020C1F88800FFE70299002081F8BF
:108B80008400FFE700208DF80F00FFE79DF80F003D
:108B900004B080BD0000000080B584B00290019157
:108BA000FFE7029890F88400012804D1FFE7022033
:108BB0008DF80F0032E00299012081F88400FFE770
:108BC000FFE702992420C1F8880002980068006835
:108BD000009002980168086820F00100086002987F
:108BE0000068806820F06040019908430299096894
:108BF0008860029801F0C8FB009802990968086033
:108C000002992020C1F88800FFE70299002081F82E
:108C10008400FFE700208DF80F00FFE79DF80F00AC
:108C200004B080BD0000000081B0009001B070472A
:108C300081B0009001B0704781B0009001B07047E2
:108C400080B592B0119011980068C0691090119889
:108C5000006800680F901198006880680E90109866
:108C600040F60F0108400D900D98E0B9FFE79DF820
:108C700040008006002815D5FFE79DF83C008006DF
:108C8000002806D4FFE79DF83B00C006002809D560
:108C9000FFE71198406F20B1FFE71198416F8847B7
:108CA000FFE74AE3FFE70D98002800F00C81FFE79B
:108CB0000E980121C1F20001084209D1FFE70F9887
:108CC00040F22011C0F20041084200F0FC80FFE7B2
:108CD0009DF84000C00788B1FFE79DF83D00C00740
:108CE00060B1FFE711980168012008621199D1F87D
:108CF000900040F00100C1F89000FFE79DF84000AF
:108D00008007002811D5FFE79DF83800C00760B143
:108D1000FFE711980168022008621199D1F89000CC
:108D200040F00400C1F89000FFE79DF840004007C4
:108D3000002811D5FFE79DF83800C00760B1FFE7B4
:108D400011980168042008621199D1F8900040F050
:108D50000200C1F89000FFE79DF8400000070028DE
:108D600019D5FFE79DF83C008006002807D4FFE7EF
:108D70000E980121C1F2000108420CD0FFE71198C2
:108D80000168082008621199D1F8900040F00800AD
:108D9000C1F89000FFE79DF841000007002813D5B7
:108DA000FFE79DF83F00400700280DD5FFE7119829
:108DB00001684FF4006008621199D1F8900040F00A
:108DC0002000C1F89000FFE71198D0F8900000282B
:108DD00078D0FFE79DF840008006002815D5FFE712
:108DE0009DF83C008006002806D4FFE79DF83B0074
:108DF000C006002809D5FFE71198406F20B1FFE7B2
:108E00001198416F8847FFE7FFE71198D0F890006D
:108E10000C9011980068806800F04000402806D04F
:108E2000FFE79DF8300010F0280F42D0FFE71198BF
:108E300001F046FC1198006880684006002833D590
:108E4000FFE7FFE7FFE71198006850E8020F20F006
:108E500040000B90FFE70B991198026842E802105E
:108E60000028F0D1FFE7FFE71198D0F88000B0B1FB
:108E7000FFE71198D0F880104AF2A160C0F6000018
:108E800008651198D0F88000F8F76EFF30B1FFE761
:108E90001198D0F88000016D8847FFE703E0119832
:108EA000FFF7CAFEFFE703E01198FFF7C5FEFFE7F3
:108EB00007E01198FFF7C0FE11990020C1F890005B
:108EC000FFE7FFE739E21198C06E012840F0D68134
:108ED000FFE79DF84000C006002840F1CF81FFE782
:108EE0009DF83C00C006002840F1C881FFE71198BA
:108EF0000168102008621198006880684006002808
:108F000040F15A81FFE71198D0F8800000681021E5
:108F1000C4F20201884200F0A280FFE71198D0F865
:108F2000800000682821C4F20201884200F0978086
:108F3000FFE71198D0F8800000684021C4F20201D8
:108F4000884200F08C80FFE71198D0F8800000681C
:108F50005821C4F20201884200F08180FFE7119895
:108F6000D0F8800000687021C4F20201884276D0F7
:108F7000FFE71198D0F8800000688821C4F2020150
:108F800088426CD0FFE71198D0F880000068A021DB
:108F9000C4F20201884262D0FFE71198D0F8800045
:108FA0000068B821C4F20201884258D0FFE7119846
:108FB000D0F88000006840F21041C4F202018842FB
:108FC0004DD0FFE71198D0F88000006840F22841AA
:108FD000C4F20201884242D0FFE71198D0F8800025
:108FE000006840F24041C4F20201884237D0FFE7F6
:108FF0001198D0F88000006840F25841C4F2020194
:1090000088422CD0FFE71198D0F88000006840F229
:109010007041C4F20201884221D0FFE71198D0F8D4
:109020008000006840F28841C4F20201884216D0F4
:10903000FFE71198D0F88000006840F2A041C4F228
:10904000020188420BD0FFE71198D0F88000006839
:1090500040F2B841C4F20201884207D1FFE71198FB
:10906000D0F8800000684068019006E01198D0F8C0
:109070008000006840680190FFE70198ADF82A0081
:10908000BDF82A0000287BD0FFE7BDF82A0011991F
:10909000B1F85C10884273DAFFE7BDF82A00119935
:1090A000A1F85E001198D0F88000C069B0F5807F0B
:1090B00059D0FFE7FFE7FFE71198006850E8000F7D
:1090C00020F480700990FFE709991198026842E83E
:1090D00000100028F0D1FFE7FFE7FFE7FFE7119856
:1090E000006850E8020F20F001000890FFE708999F
:1090F0001198026842E802100028F0D1FFE7FFE76C
:10910000FFE7FFE71198006850E8020F20F04000E9
:109110000790FFE707991198026842E802100028BB
:10912000F0D1FFE7FFE711992020C1F88C001199D9
:109130000020C866FFE7FFE71198006850E8000FBD
:1091400020F010000690FFE706991198026842E8A7
:1091500000100028F0D1FFE7FFE71198D0F8800059
:10916000F8F746F9FFE71199022008671198B0F85F
:109170005C10B0F85E20891A89B2FFF7B9FC1AE0DA
:10918000BDF82A001199B1F85C10884212D1FFE7AE
:109190001198D0F88000C069B0F5807F09D1FFE751
:1091A0001199022008671198B0F85C10FFF7A0FC35
:1091B000FFE7FFE7FFE7C0E01199B1F85C00B1F805
:1091C0005E10401AADF816001198B0F85E00002845
:1091D00053D0FFE7BDF8160000284ED0FFE7FFE7A9
:1091E000FFE71198006850E8000F20F49070049099
:1091F000FFE704991198026842E800100028F0D1B6
:10920000FFE7FFE7FFE7FFE71198006850E8020F6C
:109210004FF6FE71CEF6FF7108400390FFE7039909
:109220001198026842E802100028EDD1FFE7FFE73D
:1092300011992020C1F88C0011990020C86611995D
:109240004867FFE7FFE71198006850E8000F20F03B
:1092500010000290FFE702991198026842E800109E
:109260000028F0D1FFE7FFE7119902200867119865
:10927000BDF81610FFF73CFCFFE75EE09DF84200EA
:10928000C00600280FD5FFE79DF83A0040060028E9
:1092900009D5FFE7119801684FF480100862119812
:1092A000FFF7C6FC49E09DF840000006002815D5F0
:1092B000FFE79DF83C000006002806D4FFE79DF874
:1092C0003A000006002809D5FFE71198806F20B109
:1092D000FFE71198816F8847FFE72EE09DF8400077
:1092E000400600280AD5FFE79DF83C00400600280C
:1092F00004D5FFE7119801F033FA1EE09DF8420013
:10930000000600280AD5FFE79DF83F004006002828
:1093100004D5FFE71198FFF787FC0EE09DF84300A6
:10932000C00750B1FFE79DF83F000006002804D5B4
:10933000FFE71198FFF7E4FBFFE712B080BD0000E4
:1093400080B582B00090009820B9FFE701208DF829
:10935000070046E00098806908B1FFE700E0FFE7FA
:109360000098D0F8880040B9FFE70099002081F804
:109370008400009800F03CF8FFE700992420C1F831
:10938000880000980168086820F0010008600098D3
:10939000806A20B1FFE7009801F03AF8FFE70098F3
:1093A00001F002FA012804D1FFE701208DF807003F
:1093B00017E000980168486820F4904048600098E1
:1093C0000168886820F02A008860009801680868B1
:1093D00040F001000860009801F0BEF88DF8070029
:1093E000FFE79DF8070002B080BD0000000000000C
:1093F00080B5BAB0399000203890379036903590CB
:10940000349006A8B821F7F710F93998006841F2AE
:109410000001C4F20101884270D1FFE700200790EB
:1094200001210691249006A8FCF76AFD18B1FFE718
:10943000F7F7EAFDFFE7FFE744F2F040C5F6020068
:10944000016841F010010160006800F01000059013
:109450000598FFE7FFE744F2E040C5F60200016827
:1094600041F002010160006800F0020004900498DD
:10947000FFE7C02034900220359000200290369003
:1094800037900720389040F20040C5F6020034A91A
:10949000FBF7F2FE029940F2D020C2F200400390A6
:1094A0001022C4F2020202602A224260402282603C
:1094B000C1604FF48062026141618161C1614FF41A
:1094C000803202624162FAF787F818B1FFE7F7F7D6
:1094D0009BFDFFE7FFE7399840F2D021C2F200413F
:1094E000C16739988863FFE7252001900521002294
:1094F000FCF7E6F90198FCF7D7F9FFE73AB080BD31
:1095000080B58AB008900791ADF81A2005930898A5
:10951000D0F88800202840F08780FFE7079820B126
:10952000FFE7BDF81A0020B9FFE701208DF82700FA
:109530007EE008990020C1F8900008992120C1F828
:109540008800FCF76DF80290BDF81A000899A1F8A0
:109550005400BDF81A000899A1F8560008988068D0
:10956000B0F5805F09D1FFE70898006928B9FFE7E7
:10957000002004900798039004E0079804900020CE
:109580000390FFE7FFE70898B0F8560088B3FFE7BD
:109590000898029B05996A4611608021002201F01B
:1095A0002BFE40B1FFE708992020C1F88800032076
:1095B0008DF827003CE0049858B9FFE7039800882D
:1095C0006FF35F200899096888620398023003905E
:1095D00008E00498007808990968886204980130C6
:1095E0000490FFE70899B1F856000138A1F8560039
:1095F000C9E70898029B05996A461160402100223C
:1096000001F0FAFD40B1FFE708992020C1F8880079
:1096100003208DF827000BE008992020C1F888006E
:1096200000208DF8270003E002208DF82700FFE7D7
:109630009DF827000AB080BD81B0009001B070474E
:10964000FFE7FEE70000000080B582B0FFE744F2CC
:10965000D840C5F60200016841F0010101600068D0
:1096600000F0010001900198FFE70B200090052118
:109670000022FCF725F90098FCF716F902B080BD2E
:1096800080B582B040F24830C2F2004000904AF209
:109690000001C4F200010160002201928260C260F8
:1096A0000274427401218174032343614FF00A0C58
:1096B000C0F818C04FF01D0EC0F81CE0C0F820C064
:1096C0004362C0F828C0C0F82CE0C0F830C0426344
:1096D0008163C2630364042141648264C1640265DE
:1096E00041658265C265036642668166FBF720FAC2
:1096F00018B1FFE7F7F788FCFFE702B080BD000074
:1097000080B582B040F2E830C2F2004000904AF2E8
:109710000041C4F200010160002201928260C26037
:109720000274427401218174032343614FF00A0CD7
:10973000C0F818C04FF01D0EC0F81CE0C0F820C0E3
:109740004362C0F828C0C0F82CE0C0F830C04263C3
:109750008163C2630364042141648264C16402655D
:1097600041658265C265036642668166FBF7E0F982
:1097700018B1FFE7F7F748FCFFE702B080BD000033
:1097800080B582B040F28840C2F2004000904DF2B5
:109790000041C4F200010160002201928260C260B7
:1097A0000274427401218174032343614FF00A0C57
:1097B000C0F818C04FF01D0EC0F81CE0C0F820C063
:1097C0004362C0F828C0C0F82CE0C0F830C0426343
:1097D0008163C2630364042141648264C1640265DD
:1097E00041658265C265036642668166FBF7A0F942
:1097F00018B1FFE7F7F708FCFFE702B080BD0000F3
:1098000080B549F6E960C0F6000040F22832C0F6A3
:109810000102002103F038FA40F20811C2F20041BF
:10982000086080BD0000000084B0FFE744F2E04023
:10983000C5F60200016841F020010160006800F0F7
:10984000200003900398FFE7FFE744F2E040C5F6ED
:109850000200016841F080010160006800F08000B2
:1098600002900298FFE7FFE744F2E040C5F60200ED
:10987000016841F002010160006800F002000190FF
:109880000198FFE7FFE744F2E040C5F602000168F7
:1098900041F008010160006800F0080000900098A5
:1098A000FFE704B07047000080B588B00021009148
:1098B000079106910591049103910291019140F263
:1098C0002850C2F2004040F60002C4F200020260DA
:1098D000EF22426081604FF6FF72C26001618161D8
:1098E000FEF746FD18B1FFE7F7F78EFBFFE74FF4F1
:1098F0008050049040F22850C2F2004004A9FEF7C4
:109900006BFE18B1FFE7F7F77FFBFFE70020019040
:10991000039040F22850C2F2004001A9FEF768FC13
:1099200018B1FFE7F7F770FBFFE708B080BD000054
:1099300080B584B0002103910291019140F27450EE
:10994000C2F2004041F20002C4F20002026040F69E
:109950005F12426081606322C2608161FEF708FD90
:1099600018B1FFE7F7F750FBFFE7002001900390E5
:1099700040F27450C2F2004001A9FEF739FC18B160
:10998000FFE7F7F741FBFFE704B080BD00000000F0
:1099900080B582B040F20C60C2F20040009041F20B
:1099A0000001C4F2010101604FF4E1314160002186
:1099B00001918160C16001610C2242618161C161DC
:1099C000016241628162FFF7BBFC18B1FFE7F7F764
:1099D0001BFBFFE740F20C60C2F200400021FFF7E2
:1099E000DBF818B1FFE7F7F70FFBFFE740F20C6079
:1099F000C2F200400021FFF787F818B1FFE7F7F740
:109A000003FBFFE740F20C60C2F20040FFF730F8C2
:109A100018B1FFE7F7F7F8FAFFE702B080BD0000E2
:109A2000FFE7FEE700000000FFE7FEE700000000A0
:109A300088B0079006910592079800F007000490FF
:109A40000498C0F10700052803D3FFE70420019024
:109A500004E00498C0F107000190FFE7019803902B
:109A600004980430062803D8FFE70020009003E0A4
:109A7000049803380090FFE7009802900698039935
:109A8000012202FA01F101390840029B9840059930
:109A90009A40013A1140084308B0704700000000A6
:109AA000EFF30980BFF36F8F154B1A681EF0100F8C
:109AB00008BF20ED108A20E9F04F10602DE9090061
:109AC0004FF0500080F31188BFF34F8FBFF36F8FBB
:109AD00004F06AFF4FF0000080F31188BDE8090030
:109AE00019680868B0E8F04F1EF0100F08BFB0EC1E
:109AF000108A80F30988BFF36F8F704700BF00BFE3
:109B00009C0700240000000080B586B004900391FB
:109B100000208DF8070044F22840C5F602000068D6
:109B200000F00300032804D1FFE701208DF817009F
:109B3000CBE044F20041C5F60201086820F08060E5
:109B40000860FBF76DFD0290FFE744F20040C5F6A8
:109B50000200006800F000610020B0EBD16F0CD073
:109B6000FFE7FBF75DFD0299401A032804D3FFE7E6
:109B700003208DF81700A8E0E7E7FFE744F228414B
:109B8000C5F60201086820F47C30049A126840EAA5
:109B90000230086004994868D1F808C0CB680A69A7
:109BA00001386FF35F204FF60061CFF6FF7101EBD4
:109BB0004C2189B208440021CFF6FF7101EB03412B
:109BC00001F4FE0108444FF07F4101EB026101F016
:109BD000FE41084444F23841C5F602010860FFE73F
:109BE00044F22C41C5F602010091086820F0C00043
:109BF000049A526910430860086820F02000049A13
:109C0000926910430860086820F01000086044F270
:109C10003C42C5F6020210684FF6F8739843049B65
:109C2000DB6940EAC3001060086840F0100008607B
:109C3000039848B9FFE744F22C41C5F602010868D1
:109C400040F40020086016E00398012809D1FFE7DE
:109C500044F22C41C5F60201086840F48010086007
:109C600008E044F22C41C5F60201086840F40010F7
:109C70000860FFE7FFE744F20041C5F6020108680B
:109C800040F080600860FBF7CBFC0290FFE744F2F5
:109C90000040C5F60200006800F000610020B0EB53
:109CA000D16F0CD1FFE7FBF7BBFC0299401A0328E8
:109CB00004D3FFE703208DF8170006E0E7E7FFE78E
:109CC0009DF807008DF81700FFE79DF8170006B014
:109CD00080BD00000000000080B586B004900391B4
:109CE00000208DF8070044F22840C5F60200006805
:109CF00000F00300032804D1FFE701208DF81700CE
:109D0000CBE044F20041C5F60201086820F0805023
:109D10000860FBF785FC0290FFE744F20040C5F6BF
:109D20000200006800F000510020B0EB517F0CD021
:109D3000FFE7FBF775FC0299401A032804D3FFE7FD
:109D400003208DF81700A8E0E7E7FFE744F2284179
:109D5000C5F60201086820F07C70049A126840EA97
:109D60000250086004994868D1F808C0CB680A69B5
:109D700001386FF35F204FF60061CFF6FF7101EB02
:109D80004C2189B208440021CFF6FF7101EB034159
:109D900001F4FE0108444FF07F4101EB026101F044
:109DA000FE41084444F24041C5F602010860FFE765
:109DB00044F22C41C5F602010091086820F440608D
:109DC000049A526910430860086820F40070049AED
:109DD000926910430860086820F48070086044F2BB
:109DE0004442C5F6020210684FF6F8739843049B8C
:109DF000DB6940EAC3001060086840F480700860C6
:109E0000039848B9FFE744F22C41C5F602010868FF
:109E100040F48000086016E00398012809D1FFE7AC
:109E200044F22C41C5F60201086840F400000860C5
:109E300008E044F22C41C5F60201086840F0807049
:109E40000860FFE7FFE744F20041C5F60201086839
:109E500040F080500860FBF7E3FB0290FFE744F21C
:109E60000040C5F60200006800F000510020B0EB91
:109E7000517F0CD1FFE7FBF7D3FB0299401A03286F
:109E800004D3FFE703208DF8170006E0E7E7FFE7BC
:109E90009DF807008DF81700FFE79DF8170006B042
:109EA00080BD000000000000000000000000000075
:109EB000074B19680868B0E8F04F80F30988BFF3D2
:109EC0006F8F4FF0000080F31188704700BF00BF14
:109ED0009C0700240000000080B56FF00400002102
:109EE00002F0EEFC80BD000080B582B00190FFE77B
:109EF000012002F05DFEFBE780B54EF21000CEF2CD
:109F00000000006805F034FD012803D0FFE704F0ED
:109F10005BFEFFE780BD00004EF68851CEF20001E7
:109F2000086840F47000086042F20000C5F20020AA
:109F3000006800F00F0006280AD8FFE742F200018F
:109F4000C5F200210868072262F303000860FFE7FA
:109F500044F20041C5F60201086840F001000860C3
:109F600044F21042C5F602020020106008684EF666
:109F70007F52CEF6F6221040086042F20000C5F291
:109F80000020006800F00F0008280AD3FFE742F223
:109F90000001C5F200210868072262F3030008608F
:109FA000FFE744F21841C5F602010020086044F2C0
:109FB0001C41C5F60201086044F22041C5F60201C9
:109FC000086044F22842C5F6020240F20021C0F2C5
:109FD0000221116044F22C42C5F602020021C0F2B7
:109FE000FF11116044F23042C5F6020240F28021B6
:109FF000C0F20111116044F23442C5F60202106051
:10A0000044F23842C5F60202116044F23C42C5F601
:10A010000202106044F24042C5F60202116044F2AE
:10A020004441C5F60201086044F20042C5F602024E
:10A03000116821F48021116044F26041C5F60201EB
:10A04000086044F2D440C5F602000068C00400284D
:10A0500014D4FFE744F2D441C5F60201086840F485
:10A060008050086044F20002C5F2002243F2D200A0
:10A070001060086820F480500860FFE77047000017
:10A0800080B540F22850C2F20040FEF791FB80BD3F
:10A0900080B540F27450C2F20040FEF789FB80BDEB
:10A0A00080B540F2C050C2F20040FEF781FB80BD97
:10A0B00083B00290019102980068009002980021FC
:10A0C000C4F20101884225D0FFE70298B0F1804F29
:10A0D00020D0FFE7029840F20041C4F2000188421C
:10A0E00018D0FFE7029840F60001C4F20001884250
:10A0F00010D0FFE7029840F60041C4F20001884208
:10A1000008D0FFE7029840F20041C4F20101884202
:10A110000AD1FFE7009820F0700000900198416894
:10A12000009808430090FFE702980021C4F2010163
:10A1300088424DD0FFE70298B0F1804F48D0FFE74A
:10A14000029840F20041C4F20001884240D0FFE78B
:10A15000029840F60001C4F20001884238D0FFE7BF
:10A16000029840F60041C4F20001884230D0FFE777
:10A17000029840F20041C4F20101884228D0FFE772
:10A18000029844F20001C4F20101884220D0FFE7A6
:10A19000029844F20041C4F20101884218D0FFE75E
:10A1A000029844F60001C4F20101884210D0FFE792
:10A1B00002984EF20001C4F20001884208D0FFE785
:10A1C00002984EF20041C4F2000188420AD1FFE732
:10A1D000009820F4407000900198C16800980843EE
:10A1E0000090FFE7009820F080000199496908433A
:10A1F0000090019880680299C862019800680299ED
:10A20000886202980021C4F20101884220D0FFE751
:10A21000029840F20041C4F20101884218D0FFE7E1
:10A22000029844F20001C4F20101884210D0FFE715
:10A23000029844F20041C4F20101884208D0FFE7CD
:10A24000029844F60001C4F20101884205D1FFE7FB
:10A250000198006902990863FFE70299086840F0D5
:10A260000400086002990120486100980299086082
:10A2700003B070470000000085B004900391029283
:10A280000193049880680090009820F47F4000902B
:10A2900003980299019A41EA022101430098084378
:10A2A000009000980499886005B070470000000095
:10A2B00083B00290019102988068009000984FF658
:10A2C0008F71CFF6CF710840009001980099084334
:10A2D00040F00700009000980299886003B0704732
:10A2E00085B00490039102920498006A009004994A
:10A2F000086A20F0010008620498806901900198C2
:10A3000020F0F00001900299019840EA01100190BC
:10A31000009820F00A0000900399009808430090EC
:10A3200001980499886100980499086205B0704703
:10A3300085B00490039102920498006A00900499F9
:10A34000086A20F010000862049880690190019862
:10A3500020F4704001900299019840EA0130019088
:10A36000009820F0A00000900399009840EA0110A6
:10A37000009001980499886100980499086205B0DA
:10A38000704700000000000082B001900198406E0C
:10A3900040B9FFE701990120A1F86A000199A1F8ED
:10A3A000680032E010208DF803008DF8020001985B
:10A3B00000688068C0F342608DF801000198006871
:10A3C0008068400F8DF800009DF802009DF8002085
:10A3D00040F22023C0F60103995C484340F2182163
:10A3E000C0F601018A5CB0FBF2F0019AA2F86A00A3
:10A3F0009DF803009DF801209B5C5843895CB0FBED
:10A40000F1F00199A1F86800FFE702B07047000081
:10A4100081B00090009890F82800000700280BD524
:10A42000FFE700980068406820F40040009A116837
:10A43000926B10434860FFE7009890F82800C0072F
:10A4400058B1FFE700980068406820F40030009A97
:10A450001168D26A10434860FFE7009890F828001E
:10A46000800700280BD5FFE700980068406820F4BB
:10A470008030009A1168126B10434860FFE7009823
:10A4800090F82800400700280BD5FFE700980068E7
:10A49000406820F48020009A1168526B1043486095
:10A4A000FFE7009890F82800C00600280BD5FFE7CA
:10A4B00000980068806820F48050009A1168D26B80
:10A4C00010438860FFE7009890F828008006002875
:10A4D0000BD5FFE700980068806820F40050009AD0
:10A4E0001168126C10438860FFE7009890F828000C
:10A4F000400600281CD5FFE700980068406820F45B
:10A500008010009A1168526C104348600098406CAB
:10A51000B0F5801F0BD1FFE700980068406820F479
:10A52000C000009A1168926C10434860FFE7FFE793
:10A53000009890F82800000600280BD5FFE7009847
:10A540000068406820F40020009A1168D26C104323
:10A550004860FFE701B0704780B588B00690069963
:10A560000020C1F89000FBF75BF8059006980068A2
:10A570000068000700282FD5FFE70698059B6A466C
:10A580006FF07E4111604FF40011002200F034FEA4
:10A5900008B3FFE7FFE7FFE70698006850E8000F01
:10A5A00020F080000490FFE704990698026842E8D2
:10A5B00000100028F0D1FFE7FFE706992020C1F83E
:10A5C0008800FFE70699002081F88400FFE7032058
:10A5D0008DF81F005FE0FFE70698006800684007FD
:10A5E000002842D5FFE70698059B6A466FF07E413A
:10A5F00011604FF48001002200F0FEFDA0B3FFE7E0
:10A60000FFE7FFE70698006850E8000F20F490701D
:10A610000390FFE703990698026842E800100028BB
:10A62000F0D1FFE7FFE7FFE7FFE70698006850E893
:10A63000020F20F001000290FFE7029906980268DD
:10A6400042E802100028F0D1FFE7FFE7069920203A
:10A65000C1F88C00FFE70699002081F88400FFE72D
:10A6600003208DF81F0016E0FFE706992020C1F8AF
:10A6700088000699C1F88C0006990020C8660699E2
:10A680000867FFE70699002081F88400FFE70020B3
:10A690008DF81F00FFE79DF81F0008B080BD000087
:10A6A00080B582B001900198806B009000990020E5
:10A6B000A1F85E000098FEF7BFFA02B080BD00006E
:10A6C00084B00390FFE7FFE70398006850E8000FAD
:10A6D00020F490700290FFE702990398026842E824
:10A6E00000100028F0D1FFE7FFE7FFE7FFE703983E
:10A6F000006850E8020F4FF6FE71CEF6FF71084079
:10A700000190FFE701990398026842E802100028CF
:10A71000EDD1FFE7FFE70398C06E012814D1FFE7F2
:10A72000FFE7FFE70398006850E8000F20F01000F3
:10A730000090FFE700990398026842E800100028A3
:10A74000F0D1FFE7FFE7FFE703992020C1F88C0075
:10A7500003990020C8660399486704B07047000059
:10A7600080B582B00190FFE7FFE70198006850E8EC
:10A77000000F20F040000090FFE700990198026868
:10A7800042E800100028F0D1FFE7FFE70199202000
:10A79000C1F888000199002088670198FEF74CFFF6
:10A7A00002B080BD0000000080B59EB01D9000206A
:10A7B0008DF867001D98006840F60041C5F600015D
:10A7C000884201D1FFE700E0FFE71D9988680B6927
:10A7D0004A69C9691843104308431C901D980068D2
:10A7E000006846F6F311CCF6FF7108401C99084347
:10A7F0001D99096808601D980068406820F4405061
:10A800001D9A1168D268104348601D9880691C9099
:10A810001D98006840F60041C5F60001884206D048
:10A82000FFE71D98016A1C9808431C90FFE71D98DC
:10A83000006880684FF2FF41C1F2FF1108401C9987
:10A8400008431D99096888601D980068C06A20F057
:10A850000F001D9A1168526A1043C862FFE71D98E5
:10A86000006841F20001C4F20101884240F04180D9
:10A87000FFE744F25440C5F60200006800F03800DB
:10A880000146109128282FD81099DFE801F0152DE6
:10A890002D2D2D2D2D2D192D2D2D2D2D2D2D1D2D0C
:10A8A0002D2D2D2D2D2D212D2D2D2D2D2D2D252DEC
:10A8B0002D2D2D2D2D2D290001208DF86D0017E057
:10A8C00004208DF86D0013E008208DF86D000FE076
:10A8D00010208DF86D000BE020208DF86D0007E052
:10A8E00040208DF86D0003E080208DF86D00FFE7BB
:10A8F0006CE21D98006844F20041C4F200018842F5
:10A900002ED1FFE744F25440C5F60200006800F083
:10A91000070001460F9105281DD80F99DFE801F0C7
:10A9200003070B0F131700208DF86D0017E00420AC
:10A930008DF86D0013E008208DF86D000FE01020F9
:10A940008DF86D000BE020208DF86D0007E04020B1
:10A950008DF86D0003E080208DF86D00FFE734E294
:10A960001D98006844F60001C4F2000188422ED10F
:10A97000FFE744F25440C5F60200006800F007000B
:10A9800001460E9105281DD80E99DFE801F0030756
:10A990000B0F131700208DF86D0017E004208DF8C1
:10A9A0006D0013E008208DF86D000FE010208DF889
:10A9B0006D000BE020208DF86D0007E040208DF841
:10A9C0006D0003E080208DF86D00FFE7FCE11D982D
:10A9D000006844F60041C4F2000188422ED1FFE72E
:10A9E00044F25440C5F60200006800F0070001463A
:10A9F0000D9105281DD80D99DFE801F003070B0F15
:10AA0000131700208DF86D0017E004208DF86D00FD
:10AA100013E008208DF86D000FE010208DF86D0018
:10AA20000BE020208DF86D0007E040208DF86D00D0
:10AA300003E080208DF86D00FFE7C4E11D980068F9
:10AA400045F20001C4F2000188422ED1FFE744F232
:10AA50005440C5F60200006800F0070001460C9162
:10AA600005281DD80C99DFE801F003070B0F131719
:10AA700000208DF86D0017E004208DF86D0013E0C4
:10AA800008208DF86D000FE010208DF86D000BE0B0
:10AA900020208DF86D0007E040208DF86D0003E068
:10AAA00080208DF86D00FFE78CE11D98006841F271
:10AAB0000041C4F20101884240F04180FFE744F2C6
:10AAC0005440C5F60200006800F0380001460B91C2
:10AAD00028282FD80B99DFE801F0152D2D2D2D2DCD
:10AAE0002D2D192D2D2D2D2D2D2D1D2D2D2D2D2DBA
:10AAF0002D2D212D2D2D2D2D2D2D252D2D2D2D2D9A
:10AB00002D2D290001208DF86D0017E004208DF80F
:10AB10006D0013E008208DF86D000FE010208DF817
:10AB20006D000BE020208DF86D0007E040208DF8CF
:10AB30006D0003E080208DF86D00FFE741E11D9876
:10AB4000006847F60001C4F2000188422ED1FFE7F9
:10AB500044F25440C5F60200006800F007000146C8
:10AB60000A9105281DD80A99DFE801F003070B0FA9
:10AB7000131700208DF86D0017E004208DF86D008C
:10AB800013E008208DF86D000FE010208DF86D00A7
:10AB90000BE020208DF86D0007E040208DF86D005F
:10ABA00003E080208DF86D00FFE709E11D98006843
:10ABB00047F60041C4F2000188422ED1FFE744F27B
:10ABC0005440C5F60200006800F0070001460991F4
:10ABD00005281DD80999DFE801F003070B0F1317AB
:10ABE00000208DF86D0017E004208DF86D0013E053
:10ABF00008208DF86D000FE010208DF86D000BE03F
:10AC000020208DF86D0007E040208DF86D0003E0F6
:10AC100080208DF86D00FFE7D1E01D98006841F6B7
:10AC20000001C4F20101884240F04180FFE744F294
:10AC30005440C5F60200006800F038000146089153
:10AC400028282FD80899DFE801F0152D2D2D2D2D5E
:10AC50002D2D192D2D2D2D2D2D2D1D2D2D2D2D2D48
:10AC60002D2D212D2D2D2D2D2D2D252D2D2D2D2D28
:10AC70002D2D290001208DF86D0017E004208DF89E
:10AC80006D0013E008208DF86D000FE010208DF8A6
:10AC90006D000BE020208DF86D0007E040208DF85E
:10ACA0006D0003E080208DF86D00FFE786E01D98C1
:10ACB000006841F60041C4F20101884240F0418041
:10ACC000FFE744F25440C5F60200006800F0380087
:10ACD0000146079128282FD80799DFE801F0152DA4
:10ACE0002D2D2D2D2D2D192D2D2D2D2D2D2D1D2DB8
:10ACF0002D2D2D2D2D2D212D2D2D2D2D2D2D252D98
:10AD00002D2D2D2D2D2D290001208DF86D0017E002
:10AD100004208DF86D0013E008208DF86D000FE021
:10AD200010208DF86D000BE020208DF86D0007E0FD
:10AD300040208DF86D0003E080208DF86D00FFE766
:10AD40003BE01D98006840F60041C5F600018842CE
:10AD50002ED1FFE744F25840C5F60200006800F02B
:10AD600007000146069105281DD80699DFE801F085
:10AD700003070B0F131702208DF86D0017E0042056
:10AD80008DF86D0013E008208DF86D000FE01020A5
:10AD90008DF86D000BE020208DF86D0007E040205D
:10ADA0008DF86D0003E080208DF86D00FFE703E073
:10ADB00080208DF86D00FFE7FFE7FFE7FFE7FFE783
:10ADC000FFE7FFE7FFE7FFE7FFE7FFE7FFE71D9884
:10ADD000006840F60041C5F60001884240F0B480AA
:10ADE000FFE79DF86D0001460591022814D0FFE7AA
:10ADF0000598042814D0FFE70598082816D0FFE727
:10AE00000598102818D0FFE70598202835D0FFE7CF
:10AE10000598402837D03AE0FAF7C6FD11903CE09B
:10AE200015A8FAF7D5FD1698119036E012A8FAF792
:10AE30001BFF1398119030E044F20040C5F6020069
:10AE4000006800F020010020B0EB511F0ED0FFE79A
:10AE500044F20040C5F602000068C0F3C10149F2A7
:10AE60000000C0F2D030C840119005E049F2000067
:10AE7000C0F2D0301190FFE70FE040F60010C0F2B2
:10AE80003D00119009E04FF40040119005E00020D2
:10AE9000119001208DF86700FFE71198002852D02B
:10AEA000FFE711981D994A6A40F22821C0F6010176
:10AEB00031F81210B0FBF1F0189018981D994968FC
:10AEC00001EB4101884207D3FFE718981D994968B3
:10AED000B0EB013F04D9FFE701208DF8670031E0B6
:10AEE00011981D994A6803924A6A40F22821C0F6D7
:10AEF000010131F81220002304931946F5F77AFA7C
:10AF0000039A049B090241EA1061000210EB52000F
:10AF100041F10001F5F76EFA1A901A98B0F5407FEA
:10AF20000BD3FFE71A990020B0EB115F05D1FFE7C3
:10AF30001A981D990968C86003E001208DF8670020
:10AF4000FFE7FFE7FFE746E11D98C069B0F5004F56
:10AF500040F0A880FFE79DF86D000146029140286F
:10AF600000F263800299DFE801F02125606029602A
:10AF700060602F606060606060603560606060602D
:10AF800060606060606060606060566060606060CB
:10AF900060606060606060606060606060606060B1
:10AFA000606060606060606060605C00FCF75CFA3C
:10AFB000119040E0FCF76CFA11903CE015A8FAF70C
:10AFC00007FD1698119036E012A8FAF74DFE139877
:10AFD000119030E044F20040C5F60200006800F035
:10AFE00020010020B0EB511F0ED0FFE744F20040DB
:10AFF000C5F602000068C0F3C10149F20000C0F2CA
:10B00000D030C840119005E049F20000C0F2D030C5
:10B010001190FFE70FE040F60010C0F23D001190E4
:10B0200009E04FF40040119005E00020119001204C
:10B030008DF86700FFE7119898B3FFE711981D9A04
:10B040005168536A40F22822C0F6010232F81320F8
:10B05000B0FBF2F0400000EB5100B0FBF1F01A90B1
:10B060001A98102818D3FFE7BDF86A00A0B9FFE7C7
:10B070001A9820F00F00ADF86E001A9800F00E013B
:10B08000BDF86E0040EA5100ADF86E00BDF86E00EC
:10B090001D990968C86003E001208DF86700FFE78B
:10B0A000FFE797E09DF86D0001460191402800F20E
:10B0B00063800199DFE801F021256060296060600C
:10B0C0002F606060606060603560606060606060DC
:10B0D000606060606060606056606060606060607A
:10B0E0006060606060606060606060606060606060
:10B0F00060606060606060605C00FCF7B5F91190B2
:10B1000040E0FCF7C5F911903CE015A8FAF760FCA7
:10B110001698119036E012A8FAF7A6FD1398119030
:10B1200030E044F20040C5F60200006800F0200163
:10B130000020B0EB511F0ED0FFE744F20040C5F6EF
:10B1400002000068C0F3C10149F20000C0F2D03033
:10B15000C840119005E049F20000C0F2D0301190D3
:10B16000FFE70FE040F60010C0F23D00119009E04B
:10B170004FF40040119005E00020119001208DF85F
:10B180006700FFE7119820B3FFE711981D9A5168F7
:10B19000536A40F22822C0F6010232F81320B0FBB5
:10B1A000F2F000EB5100B0FBF1F01A901A98102861
:10B1B0000AD3FFE7BDF86A0030B9FFE7BDF86800C1
:10B1C0001D990968C86003E001208DF86700FFE75A
:10B1D000FFE7FFE7FFE71D990120A1F86A001D992D
:10B1E000A1F868001D99002048671D9988679DF89F
:10B1F00067001EB080BD000080B586B0DDF820C0BD
:10B20000049003918DF80B200193FFE704980068E8
:10B21000C06903990840401AB0FA80F040099DF8CF
:10B220000B10884266D1FFE708980130002860D0F3
:10B23000FFE7FAF7F5F90199401A0899884203D80F
:10B24000FFE7089820B9FFE703208DF8170055E0C5
:10B250000498006800684007002849D5FFE7039874
:10B26000802845D0FFE70398402841D0FFE70498A5
:10B270000068C06900F008010120B0EBD10F16D1C1
:10B28000FFE7049801680820009008620498FFF71F
:10B2900017FA00980499C1F89000FFE7049900207C
:10B2A00081F88400FFE701208DF8170026E004985C
:10B2B0000068C06900F400610120B0EBD12F16D105
:10B2C000FFE7049801684FF4006008620498FFF7F4
:10B2D000F7F904992020C1F89000FFE704990020B5
:10B2E00081F88400FFE703208DF8170006E0FFE7F0
:10B2F000FFE78BE700208DF81700FFE79DF81700A8
:10B3000006B080BD0000000080B540F20C60C2F2C3
:10B310000040FDF795FC80BDFFE7FEE70000000060
:10B3200080B501F041FB80BD80B501F021FB01F04B
:10B3300053FB80BD0000000080B59EB00BA84C21DF
:10B34000F5F773F9002001900A9009900890079092
:10B3500006900590049003900220FAF7D1FAFFE7D7
:10B360000020029044F61800C5F60200016821F49E
:10B3700040410160006800F4404002900298FFE7FD
:10B38000FFE744F61800C5F60200006800F400501C
:10B39000B0F5005F01D0FFE7F3E701210B914FF417
:10B3A00080300C9002201490159005221692602295
:10B3B00017921891042119911A9008201B900020CF
:10B3C0001C901D900BA8FCF7F7F918B1FFE7F5F7F3
:10B3D0001BFEFFE73F20039003210491002005900E
:10B3E000082006904020079008904FF48062099250
:10B3F0000A9003A8FBF77CFD18B1FFE7F5F704FE00
:10B40000FFE71EB080BD000080B582B001900198BA
:10B41000D8B1FFE7019801F0A3F9012815DBFFE798
:10B42000019801F09DF903280FDCFFE701980090D7
:10B4300001F096F90246009840F2EC01C2F2004198
:10B4400001EB820141F8040CFFE702B080BD00006F
:10B4500080B586B000200190059004900390029082
:10B46000FAF7DAF9019801218DF808108DF8090032
:10B4700003901F228DF8102087228DF811208DF85F
:10B4800012008DF813008DF814108DF815108DF83A
:10B4900016008DF8170002A8FAF77EF90420FAF7D3
:10B4A000CFF906B080BD000082B001908DED000A9A
:10B4B00002B070470000000082B001908DED000ADC
:10B4C00002B070470000000082B001908DED000ACC
:10B4D00002B070470000000082B001908DED000ABC
:10B4E00002B070470000000081B0009001B07047CA
:10B4F00084B0039002918DF807200093039840F2E6
:10B500004021C0F601010831016000210161416163
:10B510008161C1614FF07E52026241628162C1620B
:10B5200001634163029941609DF8071001F0010138
:10B5300001720099C16004B0704700000000000073
:10B5400081B00090FEDE000081B00090009801B054
:10B55000704700000000000080B586B00590059897
:10B56000029040F28000C2F20040019040F21011BF
:10B57000C2F2004100F0A0FD019800F031FE0298F7
:10B5800018214FF48072002300F0E6FC40F27B307B
:10B59000C0F60100049004980390F4F7A8FF039903
:10B5A00082B240F20C60C2F200404FF0FF33FDF770
:10B5B000A7FF06B080BD000080B584B0039001F005
:10B5C00003F801F0D5F80191009040F2A060C2F2BA
:10B5D0000040D0E90001084390B1FFE700980199CD
:10B5E00040F2A062C2F20042D2E90032C01A914198
:10B5F00004F09AFD40F20C11C2F200410860FFE72E
:10B600000098019940F2A062C2F20042C2E9000132
:10B6100040F61440C2F20040007801280DD1FFE747
:10B6200040F61840C2F2004090ED000A40F21010BF
:10B63000C2F2004000F0E8FA67E040F61440C2F2BF
:10B640000040007868B9FFE740F21010C2F20040F5
:10B6500000F05AF940F61441C2F20041012008708E
:10B6600052E040F61440C2F200400078022807D1B0
:10B67000FFE740F21010C2F2004000F0B5FA42E0DD
:10B6800040F61440C2F200400078032807D1FFE7DB
:10B6900040F21010C2F2004000F0AEFA32E040F684
:10B6A0001440C2F200400078042801D1FFE728E0EE
:10B6B00040F61440C2F200400078052801D1FFE7AF
:10B6C0001EE040F61440C2F200400078062801D186
:10B6D000FFE714E040F61440C2F20040007807286B
:10B6E00001D1FFE70AE040F61440C2F200400078C2
:10B6F000082801D1FFE700E0FFE7FFE7FFE7FFE7EA
:10B70000FFE7FFE7FFE7FFE7FFE704B080BD0000CA
:10B7100080B582B001900198009040F29431C0F65B
:10B720000101012200F058FC009840F28421C0F68B
:10B730000101083140F8101B40F20C61C2F20041D7
:10B7400000F026F8009802B080BD00000000000064
:10B7500080B582B001900198009000F009F800983F
:10B760007C2101F064F802B080BD00000000000000
:10B7700080B582B0019001980090103000F014F86C
:10B78000009800F04DFC009802B080BD0000000061
:10B7900082B001900091019864210160009941609C
:10B7A00002B070470000000081B00090009801B026
:10B7B000704700000000000081B000900099002058
:10B7C00048608860C86008618863C863012081F8A8
:10B7D000480001B07047000070B58AB0119D109C00
:10B7E000DDF83CE0DDF838C009950894CDF81CE0A0
:10B7F000CDF818C005930492039102908DED010AD3
:10B80000029800900021017041608160C160016177
:10B81000039A049BDDF814C0DDF818E0079C089D2E
:10B8200085624462C0F820E0C0F81CC083614261B8
:10B83000099AC262019A026341638163C16341F262
:10B840006F22C3F6832202644164012280F84820FB
:10B8500080F84910FFF7B0FF00980AB070BD0000F3
:10B8600081B000900099002048608860C86008613D
:10B870004861486488640120087001B07047000086
:10B8800070B58AB0119D109CDDF83CE0DDF838C041
:10B8900009950894CDF81CE0CDF818C005930492E2
:10B8A000039102908DED010A029800900121017030
:10B8B000002141608160C16001614161039A049B84
:10B8C000DDF814C0DDF818E0079C089DC5628462AD
:10B8D000C0F824E0C0F820C0C3618261099A026305
:10B8E00041638163C163019A02644164816441F2EE
:10B8F0006F22C3F68322C2640165FFF7B1FF00988F
:10B900000AB070BD0000000081B0009000990420D2
:10B9100081F8840001B0704780B596B014901391FF
:10B92000129214980390129818B9FFE7002015900E
:10B9300055E1039813991191119A08215171119AA7
:10B9400000211171119AC2F80A10C2F8061090F87D
:10B95000840001460291062800F23D810299DFE849
:10B9600011F007008400B800F100D7000B01250199
:10B9700003980021ADF84210ADF84010ADF83E102C
:10B98000ADF83C10ADF83A10D0ED150A90ED161A4E
:10B9900090ED220A102100F04FF901460398ADF80E
:10B9A0004210D0ED170A90ED181A90ED230A0C21E1
:10B9B000019100F041F9019902460398ADF8402049
:10B9C00090ED1B1AD0ED1C0A90ED240A00F034F91A
:10B9D000019902460398ADF83E2090ED1D1AD0ED76
:10B9E0001E0A90ED250A00F027F9019902460398F6
:10B9F000ADF83C2090ED1F1AD0ED200A90ED260AFC
:10BA000000F01AF901460398ADF83A1090F83900A1
:10BA1000119908609DF8430011998871BDF84200A2
:10BA20001199C871BDF84000000911990872BDF85C
:10BA300040109DF83F0040EA011011994872BDF88E
:10BA40003E0011998872BDF83C0000091199C87236
:10BA5000BDF83C109DF83B0040EA011011990873B5
:10BA60009DF83A0011994873B6E0039800F18C01F3
:10BA70000D9100F188010C9190F8390000F580706B
:10BA80001199086000200B90FFE70B9803280BDC4E
:10BA9000FFE70C980B9A805C119911448871FFE7BD
:10BAA0000B9801300B90F0E704200A90FFE70A980A
:10BAB00007280DDCFFE70D980A9A104410F8040CD3
:10BAC000119911448871FFE70A9801300A90EEE756
:10BAD00082E0039890F8391001F50071119A116015
:10BAE000119A082151718C30099000200890FFE7CD
:10BAF000089803280BDCFFE70998089A805C1199E5
:10BB000011448871FFE7089801300890F0E763E07E
:10BB1000039890F839001199086000200790FFE71A
:10BB2000079806280ADCFFE7119807990144FF20CF
:10BB30008871FFE7079801300790F1E71199FC2021
:10BB4000487349E0039890F8390011990860002083
:10BB50000690FFE7069806280ADCFFE71198069989
:10BB60000144FF208871FFE7069801300690F1E755
:10BB70001199FD2048732FE0039890F8390011992E
:10BB8000086000200590FFE7059806280ADCFFE71B
:10BB9000119805990144FF208871FFE7059801304D
:10BBA0000590F1E71199FE20487315E000200490FC
:10BBB000FFE7049806280ADCFFE71198049901447E
:10BBC000FF208871FFE7049801300490F1E7119994
:10BBD000FB20487300E0FFE701201590FFE7159870
:10BBE00016B080BD0000000081B0009000990320D5
:10BBF00081F8840001B0704781B000900099052061
:10BC000081F8840001B0704782B001908DED000A88
:10BC100001999DED000A91ED271A20EE010A9FED92
:10BC2000051A80EE010A81ED230A022081F88400C2
:10BC300002B070470000344387B006908DED050ACE
:10BC4000CDED040A8DED031A02919DED030A9DEDE1
:10BC5000041A30EE410A8DED010A049800909DED22
:10BC6000050A9DED001A30EE410A02990120884034
:10BC7000013801EE100AB8EEC11A20EE010A9DED5E
:10BC8000011A80EE010ABDEEC00A10EE100A07B0DC
:10BC9000704700000000000087B0069005918DED10
:10BCA000040ACDED030A02929DED030A9DED041AEC
:10BCB00030EE410A8DED010A049800909DED050AD1
:10BCC000B8EEC00A9DED011A20EE010A029901208A
:10BCD0008840013801EE100AB8EEC11A80EE010A60
:10BCE0009DED001A30EE010A07B070470000000019
:10BCF00080B586B0059004910598029004990631AC
:10BD000003910399097801F00F0180F83910039924
:10BD10000978090980F83A100399B1F8011049BA75
:10BD2000C163039AD1781279090141EA12110164C1
:10BD300003990A79497902F00F0241EA022141642C
:10BD4000C16B90ED150AD0ED160A1022FFF7A4FF83
:10BD5000029880ED120A016C90ED170AD0ED180AD6
:10BD60000C220192FFF798FF019A029880ED130AC6
:10BD7000416CD0ED190A90ED1A0AFFF78DFF029879
:10BD800080ED140A06B080BD82B00190019890F851
:10BD900084000146009140B1FFE70098012805D0DA
:10BDA000FFE70098022802D002E001E000E0FFE790
:10BDB00002B070470000000070B59AB0DDF878C09E
:10BDC00019908DF863101792169319980790169989
:10BDD0001E9B00220592FFF78BFB0798059940F206
:10BDE0009C22C0F60102083202600022CCF2481206
:10BDF00042650022C4F2481282650022CCF2F012A1
:10BE0000C2650022C4F2F01202660022C4F290124F
:10BE100042660022CCF2901282660022C4F2FA320C
:10BE2000C26601670022C4F2A00242678167002255
:10BE3000C4F22012C2670022CCF22012C0F8802087
:10BE4000C0F88810C0F88C10C0F89010C0F894109A
:10BE5000C0F8981040F6DA72C4F24902C0F89C208B
:10BE6000A0300F911091119112918DF84C101491F6
:10BE700015910F99109A119BDDF848C0139C149DE1
:10BE8000159EEE46CEF80C60CEF80850CEF8044071
:10BE9000CEF800C09FED190A8DED060AFFF7F0FC01
:10BEA000079805999DED060AF430089109910A91C9
:10BEB0000B918DF830100D910E910899099A0A9BFB
:10BEC000DDF82CC00C9C0D9D0E9EEE46CEF80C604D
:10BED000CEF80850CEF80440CEF800C0FFF77CFC46
:10BEE00007989DF8631080F84011169980F8391072
:10BEF000179980F838101AB070BD00BF000000001C
:10BF000080B582B001900198009000F009F8009887
:10BF10004FF4A27100F08BFC02B080BD0000000065
:10BF200080B582B0019001980090FFF70DFB00985A
:10BF300002B080BD0000000080B582B00190FFE734
:10BF40004FF47A7000F034FEFAE7000000000000C1
:10BF500081B0009001B0704780B588B0079006911D
:10BF600005920493079B5968BDF81420069803F1C5
:10BF7000080EEC46CCF804E0CCF800004BF69970C3
:10BF8000C0F6000003F03CFC039003980138B0FABF
:10BF900080F0400908B080BD80B582B00190019862
:10BFA00000900098C06850B1FFE7FFE70098016873
:10BFB000C96888470098C06800F0FAFDF6E7009865
:10BFC000016889688847002002F0E6FAFFE702B0BE
:10BFD00080BD00000000000083B00290019100923B
:10BFE000029840F2E021C0F6010108310160019998
:10BFF0004160002181600099C16003B0704700007A
:10C0000080B582B001900198009000F009F8009886
:10C01000102100F00CFC02B080BD00000000000008
:10C0200081B00090009801B070470000000000004F
:10C0300080B588B0079007980090FFE700983030EF
:10C0400003A94FF0FF3200F07BFA18B3FFE700209E
:10C050000290FFE7029807281BD8FFE70098029993
:10C0600000EB810000690190019868B1FFE7019839
:10C0700001684A6B03A9904730B1FFE70198016856
:10C080000A6B03A99047FFE7FFE70298013002908F
:10C09000E0E7FFE7D2E7000080B584B003900291AB
:10C0A0000192039830300299019A00F029FA04B005
:10C0B00080BD00000000000085B00390029103984D
:10C0C000009000200190FFE70198072816D8FFE7AD
:10C0D0000098019900EB8100006950B9FFE70099D1
:10C0E0000298019A01EB8201086101208DF813008A
:10C0F00008E0FFE7019801300190E5E700208DF8A6
:10C100001300FFE79DF8130005B070470000000022
:10C1100080B5C8B0479047980090FFE70098406806
:10C120004FF0FF3103F0ECF900200690FFE706988E
:10C13000072813D8FFE70098069900EB81000069F3
:10C140000590059828B1FFE7059801688969884737
:10C15000FFE7FFE7069801300690E8E7002004902B
:10C160000390FFE70398072822D8FFE70098039978
:10C1700000EB810000690290029808B9FFE713E024
:10C180000298049A07A901EB0211C2F11002036898
:10C19000DB6A9847014604980844049004981028E4
:10C1A00001D3FFE704E0FFE7039801300390D9E7EC
:10C1B00000200190FFE70198049988420CD2FFE724
:10C1C0000098019A07A901EB021100F0E5F8FFE7DA
:10C1D000019801300190EEE7A0E7000000000000A8
:10C1E00080B590B00F900F980690002104910E91A9
:10C1F0000D910C910B910A910991089107910222DE
:10C200000992012203920A92079108910B910C91D5
:10C21000806807A90591F7F77FFF039B049A0599AA
:10C2200006984FF0804CCDF81CC008930B920C92EE
:10C230008068F7F771FF06988068F8F7B1FF28B1BA
:10C24000FFE70699012081F85C00FFE70698806807
:10C2500001210022F7F770FE28B1FFE706990120BF
:10C2600081F85D00FFE70698FFF7CEF806983430B6
:10C2700003214FF48072019200230293FFF76CFEBA
:10C28000019A029B069848300421FFF765FE10B022
:10C2900080BD00000000000080B582B001900198D0
:10C2A0000069FFF7C5FE02B080BD0000000000007D
:10C2B00080B584B0039002910398019040F27431EC
:10C2C000C0F601010022FFF787FE019840F2F82135
:10C2D000C0F60101083101600299016104B080BD1E
:10C2E00080B582B001900198009000F009F80098A4
:10C2F000142100F09CFA02B080BD00000000000094
:10C3000080B582B0019001980090FFF789FE0098F7
:10C3100002B080BD0000000080B582B0019001989D
:10C320000069FFF7F5FE02B080BD000000000000CC
:10C3300080B584B0039002910398019040F26A3175
:10C34000C0F601010022FFF747FE019840F21031CC
:10C35000C0F60101083101600299016104B080BD9D
:10C3600080B582B001900198009000F009F8009823
:10C37000142100F05CFA02B080BD00000000000053
:10C3800080B582B0019001980090FFF749FE0098B7
:10C3900002B080BD0000000080B592B010900F91F7
:10C3A000109804900068012103F0AAF8012804D035
:10C3B000FFE700208DF8470043E00498806860B9EB
:10C3C000FFE7049800680023039319461A4602F019
:10C3D00053FD03988DF8470033E006A8019024210F
:10C3E000F4F723F9019904980F9A126806920F9AAC
:10C3F000127902F00102002A18BF4FF08042079222
:10C40000002202920892082309930A920B920C923E
:10C410000D920E9280680F9A0632F7F70DFE029B7E
:10C42000014604988DF81710006819461A4602F064
:10C4300023FD9DF81700B0FA80F040098DF8470001
:10C44000FFE79DF8470012B080BD0000000000002B
:10C4500080B588B0069005910492069802900790E6
:10C46000059981600499C1603030402100F088F85E
:10C47000029901F13400FFF71BFF029901F1480016
:10C48000FFF756FF0299002081F85C0081F85D00FB
:10C490000390FFE7039807280BD8FFE7029803995A
:10C4A00000EB810100200861FFE703980130039051
:10C4B000F0E70120019002F0A7FB029A01460198E3
:10C4C00011600021032202F0B3FB02994860079833
:10C4D00008B080BD0000000080B582B001900198D6
:10C4E00000904830FFF74CFF00983430FFF708FF0A
:10C4F0000098303000F054F8009802B080BD000081
:10C5000080B586B00490039102920498019000686F
:10C5100020B9FFE700208DF817000DE001980068B2
:10C520000399029A002302F0BFFD0138B0FA80F0AF
:10C5300040098DF81700FFE79DF8170006B080BD91
:10C5400080B586B00490039102920498019000682F
:10C5500020B9FFE700208DF817000CE00198006873
:10C560000399029A02F0DCFE0138B0FA80F040092B
:10C570008DF81700FFE79DF8170006B080BD00009A
:10C5800080B584B003900291039801900298102125
:10C59000002202F04DFB01460198016004B080BD0D
:10C5A00080B584B00290029801900390006828B191
:10C5B000FFE70198006801F033FFFFE7039804B03C
:10C5C00080BD00000000000080B540F2E800C2F22B
:10C5D00000400078BFF35F8FC007A8B9FFE740F2C3
:10C5E000E800C2F2004001F0D6FC68B1FFE740F27B
:10C5F0000410C2F2004000F05FF840F2E800C2F21E
:10C60000004001F0DEFCFFE740F20410C2F20040FF
:10C6100080BD00000000000040F20010C2F20040A7
:10C62000006850B3FFE740F20010C2F2004000681B
:10C6300000680069C00700B3FFE740F20010C2F2D3
:10C64000004000680068C068C007A8B1FFE740F27A
:10C650000010C2F20040006801686FF0010008613C
:10C6600040F2F802C2F20042D2E90001013041F189
:10C670000001C2E90001FFE7FFE77047000000008A
:10C6800080B582B00190009140F20010C2F20040EB
:10C69000006868B9FFE7009850B1FFE7009940F2E1
:10C6A0000010C2F2004001600068FBF701FFFFE7E5
:10C6B00002B080BD0000000081B00090009801B081
:10C6C000704700000000000081B00090FEDE000016
:10C6D00082B001900091FEDE81B00090FEDE00008D
:10C6E00081B00090009890ED080A01B070470000FA
:10C6F00081B00090FEDE000081B00090FEDE000000
:10C7000084B002900191029900910198006891F81B
:10C710003810884205D1FFE701980079C00720B1A1
:10C72000FFE700208DF80F000BE0009901980068EA
:10C7300091F83810401AB0FA80F040098DF80F00D7
:10C74000FFE79DF80F0004B07047000000000000F4
:10C7500081B000900098806801B070470000000030
:10C7600081B000900098007B01B07047000000008D
:10C7700080B58CB0079040F20010C2F20040006813
:10C7800020B9FFE70020099008904AE0EFF31080FD
:10C790000A900A980290EFF3108072B60B9040F264
:10C7A000F800C2F20040D0E900010591049040F287
:10C7B0000010C2F2004001680968496A03910068EC
:10C7C00000680069C00760B1FFE740F2F800C2F2FC
:10C7D0000040D0E90010013140F1000004910590C3
:10C7E000FFE7029810B9FFE762B6FFE740F20010DA
:10C7F000C2F2004000680068C06A01300021019167
:10C8000000900498059A009BDDF804C0A0FB031E6D
:10C8100000FB0CE05A43039BC91850410891099052
:10C82000FFE7089809990CB080BDF3F76EBFFFF7DA
:10C83000FCBF00000000000081B0ADF80200BDF9AF
:10C84000020000280ED4FFE7BDF9021001F01F021C
:10C85000012090404A094EF20011CEF2000141F849
:10C860002200FFE701B070474EF60C50CEF20000F8
:10C870000068C0F30220704782B0ADF80600009156
:10C88000BDF9060000280AD4FFE700980001BDF9B1
:10C8900006104EF20042CEF2000288540BE00098DF
:10C8A0000001BDF8061001F00F014EF61452CEF251
:10C8B00000028854FFE702B070470000000000004B
:10C8C00082B0ADF806000091BDF9060000280AD438
:10C8D000FFE700980001BDF906104EF20042CEF2CB
:10C8E000000288540BE000980001BDF8061001F02A
:10C8F0000F014EF61452CEF200028854FFE702B048
:10C90000704700000000000083B00290029800F021
:10C91000070000904EF60C51CEF20001086801901D
:10C9200001984FF6FF02104001900198009A40EAEA
:10C9300002200022C0F2FA521043019001980860D0
:10C9400003B0704701A001F040FB00BF5075726555
:10C95000207669727475616C2066756E6374696F98
:10C960006E2063616C6C65642100000000000000B3
:10C9700080B582B040F28000C2F20040019040F2E7
:10C98000E831C2F200410122FFF762FD01994CF249
:10C99000D940C0F6000040F20002C0F60002F3F7F2
:10C9A000A1FD02B080BD000080B582B040F25420ED
:10C9B000C2F200400190FEF7ABFE01994BF271709C
:10C9C000C0F6000040F20002C0F60002F3F78AFD54
:10C9D00002B080BD0000000080B582B040F280004F
:10C9E000C2F200406946086040F21010C2F20040F6
:10C9F0000190002105231A46FFF7DEF901994BF655
:10CA00002170C0F6000040F20002C0F60002F3F709
:10CA100069FD02B080BD000080B592B01190002089
:10CA200010900F90FFE70F98022824DCFFE70F9982
:10CA300040F2EC00C2F2004050F82100B0B1FFE734
:10CA40000F9940F2EC00C2F2004050F82100FFF7CD
:10CA50007FFE1199884209D1FFE70F9940F2EC005F
:10CA6000C2F2004050F82100109004E0FFE70F9858
:10CA700001300F90D7E7109808B9FFE72FE0119821
:10CA80000BA98B1D402101AAF7F7DEFB38BBFFE79E
:10CA900001980B90029800F14040B0FA80F04009F4
:10CAA0008DF83000BDF8120000F00F008DF8310055
:10CAB0000020009010980BA96A46FFF7EDFA009845
:10CAC00060B1FFE74EF60451CEF200014FF0805006
:10CAD0000860BFF34F8FBFF36F8FFFE7FFE712B020
:10CAE00080BD00000000000080B582B000200190F1
:10CAF0000090FFE7009802281ADCFFE7009940F257
:10CB0000EC00C2F2004050F8210060B1FFE700994C
:10CB100040F2EC00C2F2004050F82100406801A948
:10CB200002F06AFBFFE7FFE7009801300090E1E7C1
:10CB3000019860B1FFE74EF60451CEF200014FF0CC
:10CB400080500860BFF34F8FBFF36F8FFFE702B0D5
:10CB500080BD00000000000080B582B00020019080
:10CB6000FEF776FCF8F774FDFCF76EFDFEF7E4FBCC
:10CB7000FCF75AFEFCF784FDFCF7C2FDFCF700FE53
:10CB8000FCF706FFFCF7D4FEFCF78EFE40F2745073
:10CB9000C2F20040FBF78CFCF3F762FF00F024F8D0
:10CBA000FCF72EFE00F044F8FFE7FEE7000000006F
:10CBB00080B584B00290EFF305800390039820B114
:10CBC000FFE76FF00500019009E000200190029856
:10CBD00020B1FFE7029801F0A7FCFFE7FFE701980B
:10CBE00004B080BD0000000082B0EFF3058001902A
:10CBF000019820B1FFE76FF00500009014E040F2CB
:10CC0000E400C2F20040006848B9FFE740F2E401E6
:10CC1000C2F20041012008600020009003E04FF0C4
:10CC2000FF300090FFE7FFE7009802B07047000078
:10CC300080B582B0EFF305800190019820B1FFE745
:10CC40006FF00500009019E040F2E400C2F20040ED
:10CC5000006801280DD1FFE7FDF73EF940F2E4013D
:10CC6000C2F200410220086001F026FE0020009080
:10CC700003E04FF0FF300090FFE7FFE7009802B0BD
:10CC800080BD000000000000B0B58EB00B900A918E
:10CC9000099200200690EFF305800D900D98002872
:10CCA00040F09980FFE70B98002800F09480FFE7A0
:10CCB0008020079018200590002008904FF0FF304A
:10CCC0000490099800284DD0FFE70998006820B12A
:10CCD000FFE7099800680890FFE70998806920B18C
:10CCE000FFE7099880690590FFE7059848B1FFE7DD
:10CCF0000598382805D8FFE709980079C00718B1CA
:10CD0000FFE700200C9069E00998406928B1FFE72F
:10CD10000998406980080790FFE70998806880B10A
:10CD2000FFE70998C0685C280BD3FFE70998006902
:10CD300038B1FFE70998406918B1FFE70120049076
:10CD40000FE00998806858B9FFE70998C06838B9BA
:10CD5000FFE70998006918B9FFE700200490FFE792
:10CD6000FFE702E000200490FFE70498012817D1B4
:10CD7000FFE70B980899079A0A9BDDF814C0DDF8C5
:10CD800024E0DEF80850DEF81040EE46CEF80850F9
:10CD9000CEF80440CEF800C002F082FD069019E003
:10CDA0000498B0B9FFE70B980899BDF81C200A9BBE
:10CDB000DDF814C0EE4606ACCEF80440CEF800C054
:10CDC00002F01EFD012803D0FFE700200690FFE7D8
:10CDD000FFE7FFE7FFE706980C90FFE70C980EB01F
:10CDE000B0BD00000000000080B584B00390029147
:10CDF00044F6F070C2F200400068009040F29C706F
:10CE0000C2F200400068043001F0E2F808B9FFE720
:10CE100000E0FFE70398013080B9FFE7029868B1AE
:10CE2000FFE740F29C70C2F200400068011D44F62A
:10CE3000C870C2F2004001F077F93DE00098039914
:10CE400008440190019840F29C71C2F200410968C7
:10CE500048600198009988420ED2FFE740F2AC701A
:10CE6000C2F20040006840F29C71C2F200410968C1
:10CE7000043101F021F91EE040F2A470C2F200403A
:10CE8000006840F29C71C2F200410968043101F06F
:10CE900013F9019844F65471C2F2004109688842BE
:10CEA00007D2FFE7019844F65471C2F200410860CE
:10CEB00000E0FFE7FFE7FFE704B080BD00000000EF
:10CEC00080B582B0019001F05BF944F62801C2F20E
:10CED000004108680130086040F29C70C2F20040D6
:10CEE000006898B9FFE7019840F29C71C2F20041D6
:10CEF000086044F62800C2F200400068012803D10F
:10CF0000FFE700F031FB00E0FFE71CE044F6BC70F7
:10CF1000C2F200400068A0B9FFE740F29C70C2F284
:10CF200000400068C06A0199C96A884207D8FFE7D3
:10CF3000019840F29C71C2F20041086000E0FFE7F6
:10CF400000E0FFE7FFE744F63400C2F2004001686A
:10CF5000013101600068019948640198C06A44F693
:10CF60003801C2F200410968884208D9FFE70198F8
:10CF7000C06A44F63801C2F200410860FFE7019937
:10CF8000C86A00EB800240F2B470C2F2004000EBCD
:10CF90008200043101F0C8F801F01EF944F6BC70BB
:10CFA000C2F200400068C8B1FFE740F29C70C2F2D4
:10CFB00000400068C06A0199C96A88420CD2FFE744
:10CFC0004EF60451CEF200014FF080500860BFF3DE
:10CFD0004F8FBFF36F8F00E0FFE700E0FFE702B085
:10CFE00080BD00000000000080B584B001F0C8F8EA
:10CFF00044F6F470C2F200400068002840D1FFE718
:10D0000044F6F460C2F20040029001F035F844F6B4
:10D010000870C2F20040039001F02EF802990398C4
:10D0200040F2A072C2F20042116040F2B071C2F24E
:10D030000041086069460020086040F2A862C2F220
:10D04000004240F24873C2F200430A20102101F06E
:10D050002BFE014644F6F470C2F200400160006805
:10D0600060B1FFE744F6F470C2F20040006840F29D
:10D070005D31C0F6010101F0A7F900E0FFE700E033
:10D08000FFE701F0A9F804B080BD00000000000037
:10D0900080B582B0FFE744F62C00C2F20040006881
:10D0A00008B3FFE701F06CF844F6DC70C2F2004010
:10D0B000C068C06801900198043000F089FF44F610
:10D0C0002801C2F2004108680138086044F62C01CA
:10D0D000C2F2004108680138086001F07DF801984B
:10D0E00000F092F8D7E702B080BD00000000000019
:10D0F00080B582B0019000910198006CB8B1FFE753
:10D100000199C8680A6C1044C86001988168C068B9
:10D11000884204D3FFE701990868C86000E0FFE790
:10D120000098019AD168126CF3F700FAFFE702B099
:10D1300080BD00000000000080B586B0059004911D
:10D140000392002002900598806B01900598006C76
:10D1500078B9FFE70598006848B9FFE70598806847
:10D1600002F012FD029005990020886000E0FFE7C0
:10D1700041E00398B8B9FFE7059A04995068126C2A
:10D18000F3F7D4F9059948680A6C1044486005998A
:10D1900048688968884204D3FFE7059908684860B1
:10D1A00000E0FFE726E0059A0499D068126CF3F7D7
:10D1B000BDF90599C8680A6C801AC86005980168AD
:10D1C000C068884206D2FFE7059988680A6C801A11
:10D1D000C86000E0FFE70398022809D1FFE7019843
:10D1E00020B1FFE701980138019000E0FFE700E07F
:10D1F000FFE7FFE7FFE70198013005998863029890
:10D2000006B080BD0000000080B582B0009000989C
:10D2100090F8590040B9FFE70098006B01F004F85E
:10D22000009801F001F81CE0009890F859000128DE
:10D2300004D1FFE7009800F0F7FF11E0009890F8A4
:10D24000590002280BD0FFE74FF0500080F31188FF
:10D25000BFF36F8FBFF34F8F0190FFE7FEE7FFE74C
:10D26000FFE702B080BD000082B001900198406AE3
:10D2700038B1FFE70198006B0068C0F138000090FA
:10D2800002E000200090FFE7009802B07047000025
:10D2900082B0019040F2A070C2F2004000680068C5
:10D2A000B0FA80F04009019908600198006848B917
:10D2B000FFE740F2A070C2F200400068C06800685A
:10D2C000009002E000200090FFE7009802B0704755
:10D2D00084B04FF47050009040F61C40C2F2004001
:10D2E00001909DF80400400788B1FFE701980730DE
:10D2F0000190019820F007000190019A40F61C412E
:10D30000C2F200410098891A08440090FFE7019892
:10D310000290029944F6C070C2F200400160002100
:10D3200041600298009A10440190019808380190D9
:10D33000019820F007000190019A40F2A870C2F213
:10D340000040026002685160026811600299039116
:10D350000199039A891A516000680399086003983B
:10D36000406844F65071C2F200410860039840687A
:10D3700044F64871C2F20041086044F61C71C2F2E2
:10D3800000414FF00040086004B07047000000000A
:10D3900080B582B00190FFE7FFF77AFE40F2B470EB
:10D3A000C2F20040006802280CD3FFE74EF6045199
:10D3B000CEF200014FF080500860BFF34F8FBFF3F3
:10D3C0006F8F00E0FFE7E7E780B582B0019001983A
:10D3D00068B1FFE70198002383600198036001981A
:10D3E000C360019819461A4601F046FD00E0FFE7C8
:10D3F00002B080BD0000000080B584B0DDF818C028
:10D400000390029101928DF80330029818B9FFE75A
:10D410000698006003E0019806990860FFE703980A
:10D420000699C8630298069908640698012101F0DC
:10D43000C3FC9DF80300069981F84C0004B080BD40
:10D4400080B588B0DDF834C0DDF830C0DDF82CC020
:10D45000DDF828C006900591049203930C98006BA8
:10D4600004998900A522F3F7D8F80C98006B049969
:10D4700000EB810004380290029820F0070002902F
:10D480009DF80800400758B1FFE74FF0500080F3C7
:10D490001188BFF36F8FBFF34F8F0790FFE7FEE751
:10D4A0000598F8B1FFE700200190FFE701980F28E9
:10D4B00013D8FFE70598019A805C0C99114481F814
:10D4C000340005980199405C08B9FFE705E0FFE7E3
:10D4D000FFE7019801300190E8E70C99002081F8FE
:10D4E000430004E00C99002081F83400FFE70A981B
:10D4F000382803D3FFE737200A9000E0FFE70A98B7
:10D500000C99C8620A980C99C8640C990020009084
:10D5100008650C98043000F0C7FD0C98183000F036
:10D52000C3FD00980C9909610A99C1F138010C9A60
:10D5300091610C9949620C9948650C9981F85800E1
:10D5400002980699039A00F0F7FC0C9908600B9872
:10D5500020B1FFE70C980B99086000E0FFE708B0E6
:10D5600080BD00000000000080B584B00020039062
:10D57000FFE70398372810D8FFE7039800EB8001F6
:10D5800040F2B470C2F2004000EB810000F074FD84
:10D59000FFE7039801300390EBE744F62070C2F2F6
:10D5A0000040019000F068FD44F63470C2F2004083
:10D5B000029000F061FD44F66870C2F2004000F095
:10D5C0005BFD44F6DC70C2F2004000F055FD44F60D
:10D5D000C870C2F2004000F04FFD0199029840F27D
:10D5E000A472C2F20042116040F2AC71C2F200417A
:10D5F000086004B080BD000083B0029044F6C070A3
:10D60000C2F200400190FFE7019800680299884249
:10D6100005D2FFE7FFE7019800680190F4E7019861
:10D62000009000980199496808440299884209D1FC
:10D63000FFE70298426801994868104448600198E1
:10D64000029000E0FFE70298009000980299496874
:10D65000084401990968884220D1FFE701980068D1
:10D6600040F2A871C2F20041096888420DD0FFE77C
:10D67000019800684268029948681044486001981F
:10D68000006800680299086007E040F2A870C2F2E2
:10D690000040006802990860FFE704E00198006814
:10D6A00002990860FFE701980299884204D0FFE7D9
:10D6B00002980199086000E0FFE703B0704700009E
:10D6C00080B586B0059004910392029300200190EA
:10D6D0000498059948600598006104980399884268
:10D6E00016D8FFE703980299401A0599896988427C
:10D6F00003D3FFE70120019009E040F2B070C2F2CD
:10D70000004000680599043100F0D6FCFFE717E0FF
:10D7100003980299884208D2FFE704980299884248
:10D7200003D3FFE70120019009E040F2A070C2F2AC
:10D73000004000680599043100F0BEFCFFE7FFE7F8
:10D74000019806B080BD000080B582B0019000F065
:10D7500017FD0198806B18B9FFE70120009002E0E7
:10D7600000200090FFE700F037FD009802B080BD78
:10D7700080B582B0019000F003FD0198806B0199A3
:10D78000C96B884203D1FFE70120009002E000202E
:10D790000090FFE700F020FD009802B080BD00007F
:10D7A00008480068006880F308884FF0000080F3A4
:10D7B000148862B661B6BFF34F8FBFF36F8F00DF7F
:10D7C00000BF000008ED00E080B586B00490039132
:10D7D00040F2A070C2F200400068C068C0680190CA
:10D7E0000198043000F0F4FB019890F828004007FD
:10D7F000002823D5FFE70198049B81691944039A07
:10D80000FFF75EFFC0B1FFE70198049A6946002365
:10D810000B60194602F030FC0290029858B9FFE7FD
:10D820004FF0500080F31188BFF36F8FBFF34F8F1D
:10D830000590FFE7FEE700E0FFE707E0019991F8B8
:10D84000280000F0FE0081F82800FFE70198016A37
:10D85000884706B080BD000080B58EB0FFE744F673
:10D86000F470C2F20040006807A9002201F058FDE0
:10D87000002800F0B880FFE70798B0F1FF3F17DC01
:10D88000FFE707A804300290029858B9FFE74FF06D
:10D89000500080F31188BFF36F8FBFF34F8F0D904F
:10D8A000FFE7FEE702990A6848688968904700E048
:10D8B000FFE70798002800F19580FFE70998069098
:10D8C0000698406928B1FFE70698043000F080FB15
:10D8D00000E0FFE705A800F0FFF80390079801902B
:10D8E000092800F27D800199DFE801F00505053D7A
:10D8F000456605053D45069991F8280040F0010070
:10D9000081F828000698089B81691944039AFFF75B
:10D91000D7FE30B3FFE70698016A8847069890F86B
:10D920002800400700281AD5FFE706980899826961
:10D930000A44694600230B60194602F09DFB0490DF
:10D94000049858B9FFE74FF0500080F31188BFF3F7
:10D950006F8FBFF34F8F0C90FFE7FEE700E0FFE70C
:10D9600000E0FFE73DE0069991F8280000F0FE0096
:10D9700081F8280035E0069991F8280040F0010070
:10D9800081F828000898069988610698806958B936
:10D99000FFE74FF0500080F31188BFF36F8FBFF3A4
:10D9A0004F8F0B90FFE7FEE70698039B81691944B0
:10D9B0001A46FFF785FE14E0069890F828008007C5
:10D9C000002804D4FFE7069800F02EFC07E0069933
:10D9D00091F8280000F0FE0081F82800FFE700E041
:10D9E000FFE7FFE73BE70EB080BD0000000000004E
:10D9F00080B584B00390029100F0CEFF684600F03D
:10DA00006BF801900098D8BBFFE7029860B9FFE778
:10DA100003980199884207D8FFE702F01DFA03989E
:10DA20000199FFF7D1FE2AE0029858B1FFE740F2D2
:10DA3000B070C2F2004000680068B0FA80F040099F
:10DA40000290FFE744F6F470C2F2004000680399C8
:10DA5000019A891A029A00F033FD02F0FDF960B9CB
:10DA6000FFE74EF60451CEF200014FF080500860FF
:10DA7000BFF34F8FBFF36F8F00E0FFE7FFE702E0D8
:10DA800002F0EAF9FFE704B080BD000000000000EA
:10DA900081B040F2A470C2F200400068006840B952
:10DAA000FFE744F65471C2F200414FF0FF300860C6
:10DAB0000FE040F2A470C2F200400068C068C06885
:10DAC00000900098406844F65471C2F2004108602A
:10DAD000FFE701B07047000080B582B0019001F00F
:10DAE00063FF0090009840F29871C2F2004109680B
:10DAF000884206D2FFE700F013F801990120086080
:10DB000003E0019900200860FFE7009840F2987157
:10DB1000C2F200410860009802B080BD0000000021
:10DB200080B588B0FFE740F2A070C2F20040006804
:10DB3000006800284ED0FFE740F2A070C2F200401B
:10DB40000168C968096806910068C068C0680390E8
:10DB50000398043000F03CFA0398016A8847039860
:10DB600090F828004007002832D5FFE7069803996F
:10DB70008969084405900598069988420FD9FFE7FE
:10DB80000598039948600398006140F2A070C2F2C2
:10DB9000004000680399043100F08EFA17E0039802
:10DBA000069A694600230B60194602F065FA029056
:10DBB000029858B9FFE74FF0500080F31188BFF387
:10DBC0006F8FBFF34F8F0790FFE7FEE7FFE700E09F
:10DBD000FFE7A8E740F2A072C2F20042106804908A
:10DBE00040F2B071C2F20041086810600498086009
:10DBF00008B080BD0000000083B00020009040F21B
:10DC00001800C2F200400068013058B1FFE74FF041
:10DC1000500080F31188BFF36F8FBFF34F8F0290D6
:10DC2000FFE7FEE74FF0500080F31188BFF36F8FDE
:10DC3000BFF34F8F0190FFE7009808B9FFE7FBE7BC
:10DC400003B070470000000080B584B00390FFE788
:10DC500001A8FFF71DFB029002980199FFF7C8FE8B
:10DC6000FFF7FAFDF4E7000080B582B0019000F004
:10DC700087FA019890F845008DF80300FFE79DF9B9
:10DC80000300012816DBFFE70198406A58B1FFE75F
:10DC90000198243002F078F818B1FFE700F018FD81
:10DCA00000E0FFE700E005E09DF8030001388DF893
:10DCB0000300E4E70199FF2081F8450000F08CFAA9
:10DCC00000F05EFA019890F844008DF80200FFE73A
:10DCD0009DF90200012816DBFFE70198006980B179
:10DCE000FFE70198103002F04FF818B1FFE700F09D
:10DCF000EFFC00E0FFE79DF8020001388DF802001C
:10DD000000E000E0E4E70199FF2081F8440000F022
:10DD100063FA02B080BD000080B58AB00690002092
:10DD2000029000F039FE40F2A870C2F20040006894
:10DD300018B9FFE7FFF7CCFA00E0FFE7069844F6D2
:10DD40001C71C2F200410968084240F0C580FFE73B
:10DD5000069800B3FFE70698083006909DF8180073
:10DD60004007B0B1FFE7069820F0070008300690A2
:10DD70009DF81800400758B1FFE74FF0500080F3BE
:10DD80001188BFF36F8FBFF34F8F0990FFE7FEE756
:10DD900000E0FFE700E0FFE70698002800F09A8027
:10DDA000FFE7069844F64871C2F2004109688842CC
:10DDB00000F29080FFE744F6C070C2F20040049089
:10DDC00000680590FFE705984168069A0020914297
:10DDD000019007D2FFE705980068002818BF0120CE
:10DDE0000190FFE70198C00730B1FFE70598049064
:10DDF000059800680590E6E7059840F2A871C2F220
:10DE000000410968884263D0FFE704980068083041
:10DE10000290059800680499086005984068069982
:10DE2000401A112821D3FFE705980699084403906A
:10DE30009DF80C00400758B1FFE74FF0500080F309
:10DE40001188BFF36F8FBFF34F8F0890FFE7FEE796
:10DE5000059840680699401A039948600698059904
:10DE600048600398FFF7C8FB00E0FFE705984268A9
:10DE700044F64870C2F200400168891A01600068E7
:10DE800044F65071C2F20041096888420BD2FFE7A4
:10DE900044F64870C2F20040006844F65071C2F285
:10DEA0000041086000E0FFE744F61C70C2F2004049
:10DEB0000268059948681043486005990020086089
:10DEC00044F65C71C2F2004108680130086000E06D
:10DED000FFE700E0FFE700E0FFE701F0BDFF9DF88E
:10DEE0000800400758B1FFE74FF0500080F3118859
:10DEF000BFF36F8FBFF34F8F0790FFE7FEE70298E6
:10DF00000AB080BD0000000040F29C70C2F20040E8
:10DF1000006848B1FFE740F29C70C2F2004001681F
:10DF2000086D01300865FFE740F29C70C2F20040C6
:10DF3000006870470000000083B0029001910092D9
:10DF400002980438029002994FF08070086002989D
:10DF500004380290019820F00100029908600298AC
:10DF60000438029002994DF6F930C0F600000860BE
:10DF700002981438029000980299086002980438B8
:10DF8000029002996FF00200086002982038029017
:10DF9000029803B07047017809B1002070474178BA
:10DFA000012903D08A0705D402224270481E18BFF7
:10DFB0000120704780B540F2A130C0F6010000F0AA
:10DFC00004F80121017041707047F2F740FC000035
:10DFD00082B00190019800690090019841688068C2
:10DFE000886001994868896848600098406801998C
:10DFF000884205D1FFE7019880680099486000E0F9
:10E00000FFE701990020086100990868013808605D
:10E010000098006802B0704783B0029001910092AE
:10E02000029944F63C20C2F200400860019944F68F
:10E030003C00C2F20040086000998020086003B0F4
:10E04000704700000000000083B002900191009230
:10E05000029944F69860C2F200400860019944F6C3
:10E060009820C2F20040086000994FF48070086068
:10E0700003B070470000000081B00090009901F1EA
:10E080000800486000994FF0FF308860009901F166
:10E090000800C860009901F108000861009900209B
:10E0A000086001B07047000081B000900099002026
:10E0B000086101B07047000084B00390029102989B
:10E0C000006800900098013020B9FFE703980069CC
:10E0D000019010E0039808300190FFE70198406834
:10E0E00000680099884205D8FFE7FFE7019840687B
:10E0F0000190F3E7FFE701984068029948600298B1
:10E100004168886001980299886002980199486086
:10E11000039802990861039908680130086004B007
:10E12000704700000000000083B002900191029847
:10E1300040680090009801994860009880680199B3
:10E140008860019800998968486001980099886002
:10E15000029801990861029908680130086003B0CB
:10E160007047000000000000DFF80C00016841F477
:10E17000700101607047000088ED00E000000000C1
:10E1800082B04FF0500080F31188BFF36F8FBFF360
:10E190004F8F019040F21800C2F200400168013137
:10E1A00001600068012814D1FFE74EF60450CEF25A
:10E1B00000000068000658B1FFE74FF0500080F300
:10E1C0001188BFF36F8FBFF34F8F0090FFE7FEE71B
:10E1D000FFE702B07047000082B040F21800C2F2C0
:10E1E0000040006858B9FFE74FF0500080F31188F5
:10E1F000BFF36F8FBFF34F8F0090FFE7FEE740F252
:10E200001800C2F20040016801390160006830B9AD
:10E21000FFE700200190019880F31188FFE702B02A
:10E22000704700000000000080B586B0039003989E
:10E230000290039800285CD0FFE70298083802900B
:10E24000029801900198406844F61C71C2F20041A6
:10E25000096808420BD1FFE74FF0500080F31188A6
:10E26000BFF36F8FBFF34F8F0590FFE7FEE7019875
:10E27000006858B1FFE74FF0500080F31188BFF3FA
:10E280006F8FBFF34F8F0490FFE7FEE70198406860
:10E2900044F61C71C2F200410968084227D0FFE72A
:10E2A0000198006808BBFFE744F61C70C2F200400A
:10E2B0000268019948689043486000F06DFB01983E
:10E2C000426844F64871C2F2004108681044086090
:10E2D0000198FFF791F944F66071C2F200410868B5
:10E2E0000130086001F0B8FD00E0FFE700E0FFE763
:10E2F000FFE706B080BD00004EF21001CEF2000133
:10E30000002008604EF21802CEF20002106040F2C7
:10E310000800C2F20040006844F6D352C1F2620223
:10E32000A0FB02024FF0FF3000EB92104EF21402FD
:10E33000CEF2000210600720086070470000000065
:10E3400084B0EFF305800190019810281ED3FFE7F9
:10E3500001984EF2F031CEF20001405C8DF80300DE
:10E360009DF8030044F61C01C2F20041097888427E
:10E370000BDAFFE74FF0500080F31188BFF36F8F87
:10E38000BFF34F8F0390FFE7FEE7FFE74EF60C5019
:10E39000CEF20000006800F4E06044F62001C2F212
:10E3A0000041096888420BD9FFE74FF0500080F325
:10E3B0001188BFF36F8FBFF34F8F0290FFE7FEE727
:10E3C00004B070470000000083B00290019100206B
:10E3D0000090FFE7009807281DD8FFE7009944F652
:10E3E0007C70C2F2004050F8310070B9FFE701982C
:10E3F000009A44F67C71C2F2004141F83200029862
:10E40000009A01EBC201486005E0FFE7FFE70098D2
:10E4100001300090DEE703B070470000000000000C
:10E4200080B584B0029002980190019858B9FFE736
:10E430004FF0500080F31188BFF36F8FBFF34F8F01
:10E440000390FFE7FEE7019800F00EF8019890F8BE
:10E45000460020B9FFE70198FFF7E6FE00E0FFE77E
:10E4600004B080BD0000000082B001900020009048
:10E47000FFE7009807281FD8FFE7009944F67C7053
:10E48000C2F2004000EBC1004068019988420DD102
:10E49000FFE7009A44F67C71C2F20041002041F887
:10E4A0003200009A01EBC201486005E0FFE7FFE798
:10E4B000009801300090DCE702B0704700000000D7
:10E4C00080B584B003900291019203980090FFF709
:10E4D00057FE009890F94400013028B9FFE70099F1
:10E4E000002081F84400FFE7009890F945000130D2
:10E4F00028B9FFE70099002081F84500FFE7FFF702
:10E500006BFE0098806B38B9FFE7009824300299C1
:10E51000019A00F009F900E0FFE70098FFF7A4FB7B
:10E5200004B080BD0000000080B584B002900020DF
:10E5300001900298E0B1FFE744F63000C2F20040DB
:10E54000006858B1FFE74FF0500080F31188BFF327
:10E550006F8FBFF34F8F0390FFE7FEE700F01CFAC9
:10E5600002980021FEF740FC01F076FC019000E0EB
:10E57000FFE7019860B9FFE74EF60451CEF20001C3
:10E580004FF080500860BFF34F8FBFF36F8F00E0F4
:10E59000FFE704B080BD000080B584B00290FFF7B3
:10E5A000EFFD029838B9FFE740F29C70C2F20040DC
:10E5B0000068009002E002980090FFE70098019048
:10E5C00001980430FFF704FD08B9FFE700E0FFE71A
:10E5D0000198806A28B1FFE701981830FFF7F8FC2E
:10E5E00000E0FFE744F63401C2F200410868013060
:10E5F0000860019840F29C71C2F2004109688842AB
:10E6000010D1FFE70198011D44F6DC70C2F2004012
:10E61000FFF78AFD44F62C01C2F200410868013080
:10E6200008600CE044F62801C2F200410868013895
:10E6300008600198FEF7E8FDFFF72AFAFFE7FFF709
:10E64000CBFD44F6BC70C2F20040006848B3FFE75F
:10E65000019840F29C71C2F20041096888421ED1C3
:10E66000FFE744F63000C2F20040006858B1FFE70F
:10E670004FF0500080F31188BFF36F8FBFF34F8FBF
:10E680000390FFE7FEE74EF60451CEF200014FF093
:10E6900080500860BFF34F8FBFF36F8F00E0FFE73C
:10E6A000FFE704B080BD000081B0009044F65870D0
:10E6B000C2F2004000680099086044F6F070C2F2AF
:10E6C000004000680099486001B0704700000000F9
:10E6D00044F6FC71C2F2004101200860704700005E
:10E6E00080B584B002900191029858B9FFE74FF0CD
:10E6F000500080F31188BFF36F8FBFF34F8F0390EB
:10E70000FFE7FEE7029840F29C71C2F200410968FF
:10E710001831FFF7D1FC01980121FEF765FB04B029
:10E7200080BD00000000000080B584B0029001911F
:10E730000092029858B9FFE74FF0500080F311881B
:10E74000BFF36F8FBFF34F8F0390FFE7FEE7029891
:10E7500040F29C71C2F2004109681831FFF7E4FCF5
:10E76000009820B1FFE74FF0FF300190FFE70198DC
:10E770000099FEF739FB04B080BD000000000000E6
:10E7800080B588B005900491059803900120009011
:10E790000598002800F08B80FFE70398006D58B9BA
:10E7A000FFE74FF0500080F31188BFF36F8FBFF386
:10E7B0004F8F0790FFE7FEE70398C06C04998842EB
:10E7C00003D2FFE70498019003E00398C06C019026
:10E7D000FFE70398C06A0199884266D0FFE7039873
:10E7E000006D01285FD1FFE7039840F29C71C2F2EF
:10E7F0000041096888420BD1FFE74FF0500080F3D9
:10E800001188BFF36F8FBFF34F8F0690FFE7FEE7CE
:10E810000398C06A029001980399C8620398C07E69
:10E820000006002806D4FFE70198C0F138000399DC
:10E83000886100E0FFE703984069029901EB8102DB
:10E8400040F2B471C2F2004101EB8201884228D14A
:10E85000FFE703980430FFF7BBFB08B9FFE700E0D0
:10E86000FFE70398C06A44F63801C2F20041096824
:10E87000884208D9FFE70398C06A44F63801C2F21B
:10E8800000410860FFE70399C86A00EB800240F28C
:10E89000B470C2F2004000EB82000431FFF744FC88
:10E8A00000E0FFE700E0FFE700E0FFE700E0FFE750
:10E8B00008B080BD0000000080B58AB00020039041
:10E8C0000690059006A805A904AAFFF7A5FB039BDF
:10E8D000049A0599DDF818C06846C0F808C0416080
:10E8E00003604DF29130C0F6000040F25831C0F69E
:10E8F000010100F0D5FF014644F64C70C2F2004021
:10E900000160006818B1FFE70120079002E00020D5
:10E910000790FFE70798012804D1FFE701F060FBAB
:10E92000079000E0FFE70798012823D1FFE74FF0A9
:10E93000500080F31188BFF36F8FBFF34F8F0990A2
:10E9400044F65471C2F200414FF0FF30086044F6C3
:10E95000BC71C2F200410120086044F6F071C2F2BD
:10E9600000410020086000F083F808B1FFE700E0F4
:10E97000FFE70FE00798013058B9FFE74FF050006C
:10E9800080F31188BFF36F8FBFF34F8F0890FFE7BD
:10E99000FEE7FFE70AB080BD44F63001C2F2004155
:10E9A000086801300860704783B044F63000C2F256
:10E9B0000040006838B1FFE744F6FC71C2F2004144
:10E9C0000120086051E044F6FC71C2F200410020D1
:10E9D000086044F63800C2F2004000680190FFE78A
:10E9E000019800EB800140F2B470C2F2004050F890
:10E9F000210090B9FFE7019858B9FFE74FF05000A8
:10EA000080F31188BFF36F8FBFF34F8F0290FFE742
:10EA1000FEE7019801380190E2E7019800EB8001E0
:10EA200040F2B470C2F2004000EB81000090009907
:10EA3000486840684860009948680831884205D1B4
:10EA4000FFE70099486840684860FFE70098406821
:10EA5000C06840F29C71C2F200410860019844F61F
:10EA60003801C2F200410860FFE703B070470000C0
:10EA700080B588B04EF60050CEF2000000684CF22F
:10EA80007121C4F20F1188420BD1FFE74FF0500003
:10EA900080F31188BFF36F8FBFF34F8F0790FFE7AD
:10EAA000FEE74EF60050CEF2000000684CF27021F6
:10EAB000C4F20F1188420BD1FFE74FF0500080F3F2
:10EAC0001188BFF36F8FBFF34F8F0690FFE7FEE70C
:10EAD0004EF20040CEF20000039001780491FF2135
:10EAE000017000788DF80B009DF80B0000F05000CD
:10EAF00044F61C01C2F20041087044F62001C2F243
:10EB0000004107200860FFE79DF80B000006002881
:10EB10000DD5FFE744F62001C2F200410868013834
:10EB200008609DF80B0040008DF80B00ECE744F600
:10EB30002000C2F20040006803280BD0FFE74FF02E
:10EB4000500080F31188BFF36F8FBFF34F8F059094
:10EB5000FFE7FEE744F62001C2F200410868000228
:10EB60000860086800F4E060086004984EF2004114
:10EB7000CEF2000108704EF62051CEF20001086876
:10EB800040F470000860086840F070400860FFF7CB
:10EB9000B3FB40F21801C2F200410020019008606E
:10EBA000FFF7E2FA4EF63471CEF20001086840F049
:10EBB00040400860FEF7F4FDFFF7F6FEFFF71CF893
:10EBC000019808B080BD000080B582B04FF05000C1
:10EBD00080F31188BFF36F8FBFF34F8F009000F069
:10EBE000EFFE40B1FFE74EF60451CEF200014FF0C8
:10EBF00080500860FFE700200190019880F31188A1
:10EC000002B080BD0000000080B584B08DF80F0018
:10EC100001200190002100919DF80F2000F008F8DC
:10EC200002900298FEF7D0FB029804B080BD00006D
:10EC300080B588B0069005918DF81320069858B9D4
:10EC4000FFE74FF0500080F31188BFF36F8FBFF3E1
:10EC50004F8F0790FFE7FEE706980599484302901B
:10EC600002985030FFF758F803900398B0B1FFE7CF
:10EC7000039801900198503001900399002081F889
:10EC8000460006980599019A9DF81330DDF80CC0EE
:10EC9000EE46CEF800C0FEF7AFFB00E0FFE70398BA
:10ECA00008B080BD0000000080B590B08446129886
:10ECB000CDF828C00991089207938DF81B000A9897
:10ECC00058B9FFE74FF0500080F31188BFF36F8F02
:10ECD000BFF34F8F0F90FFE7FEE7079858B9FFE7A4
:10ECE0004FF0500080F31188BFF36F8FBFF34F8F49
:10ECF0000E90FFE7FEE708990020039031B1FFE78F
:10ED00000998B0FA80F040090390FFE70398C00724
:10ED100058B1FFE74FF0500080F31188BFF36F8FB9
:10ED2000BFF34F8F0D90FFE7FEE708990020029098
:10ED300031B9FFE70998002818BF01200290FFE7CA
:10ED40000298C00758B1FFE74FF0500080F31188D8
:10ED5000BFF36F8FBFF34F8F0C90FFE7FEE750209C
:10ED60000490049850280BD0FFE74FF0500080F338
:10ED70001188BFF36F8FBFF34F8F0B90FFE7FEE754
:10ED8000049807980590059888B1FFE70599012038
:10ED900081F846000A980999089A9DF81B30DDF819
:10EDA00014C0EE46CEF800C0FEF726FB00E0FFE7F9
:10EDB000059810B080BD000080B584B0029001912C
:10EDC00002980090009858B9FFE74FF0500080F388
:10EDD0001188BFF36F8FBFF34F8F0390FFE7FEE7FC
:10EDE000FFF7CEF900990B68C86B0A6C00FB023084
:10EDF000886000990020886300990868486000993D
:10EE00000B68C86B0A6C013800FB0230C8600099BF
:10EE1000FF2081F84400009981F845000198D0B99D
:10EE2000FFE700980069A0B1FFE70098103000F0FC
:10EE3000ABFF60B1FFE74EF60451CEF200014FF098
:10EE400080500860BFF34F8FBFF36F8F00E0FFE784
:10EE500000E0FFE708E000981030FFF70DF9009898
:10EE60002430FFF709F9FFE7FFF7B6F9012004B0F6
:10EE700080BD00000000000080B592B00C900B91A6
:10EE80000A920993002008900C980490049858B9AD
:10EE9000FFE74FF0500080F31188BFF36F8FBFF38F
:10EEA0004F8F1190FFE7FEE70B990020039039B9CF
:10EEB000FFE70498006C002818BF01200390FFE7CB
:10EEC0000398C00758B1FFE74FF0500080F3118856
:10EED000BFF36F8FBFF34F8F1090FFE7FEE70999E5
:10EEE00000200229029007D1FFE70498C06B013887
:10EEF00018BF01200290FFE70298C00758B1FFE752
:10EF00004FF0500080F31188BFF36F8FBFF34F8F26
:10EF10000F90FFE7FEE700F02BFD01460020019077
:10EF200031B9FFE70A98002818BF01200190FFE7D8
:10EF30000198C00758B1FFE74FF0500080F31188E7
:10EF4000BFF36F8FBFF34F8F0E90FFE7FEE7FFE732
:10EF5000FFF716F90498806B0499C96B884204D3B3
:10EF6000FFE70998022834D1FFE704980B99099A22
:10EF7000FEF7E2F807900498406AA0B1FFE7049812
:10EF8000243000F001FF60B1FFE74EF60451CEF2ED
:10EF900000014FF080500860BFF34F8FBFF36F8FB9
:10EFA00000E0FFE710E0079860B1FFE74EF604517C
:10EFB000CEF200014FF080500860BFF34F8FBFF3D7
:10EFC0006F8F00E0FFE7FFE7FFF706F901200D90E4
:10EFD00065E00A9828B9FFE7FFF7FEF800200D90DA
:10EFE0005DE0089830B9FFE705A8FFF75DFB012059
:10EFF000089000E0FFE7FFE7FFE7FFF7EDF8FFF716
:10F00000CBFCFFF7BDF8049890F94400013028B913
:10F01000FFE70499002081F84400FFE7049890F985
:10F020004500013028B9FFE70499002081F8450028
:10F03000FFE7FFF7D1F805A80AA900F079FB28BB84
:10F04000FFE70498FEF794FBC8B1FFE7049810307F
:10F050000A99FFF745FB0498FEF706FE00F0FCFE58
:10F0600060B9FFE74EF60451CEF200014FF0805038
:10F070000860BFF34F8FBFF36F8FFFE705E0049881
:10F08000FEF7F2FD00F0E8FEFFE707E00498FEF768
:10F09000EBFD00F0E1FE00200D9000E058E70D9838
:10F0A00012B080BD0000000080B592B00B900A91B4
:10F0B000099208930B980590059858B9FFE74FF00F
:10F0C000500080F31188BFF36F8FBFF34F8F0E9006
:10F0D000FFE7FEE70A990020029039B9FFE705989B
:10F0E000006C002818BF01200290FFE70298C007BB
:10F0F00058B1FFE74FF0500080F31188BFF36F8FD6
:10F10000BFF34F8F0D90FFE7FEE70899002002291B
:10F11000019007D1FFE70598C06B013818BF0120A7
:10F120000190FFE70198C00758B1FFE74FF050008A
:10F1300080F31188BFF36F8FBFF34F8F0C90FFE701
:10F14000FEE7FFF7FDF8EFF311814FF0500080F379
:10F150001188BFF36F8FBFF34F8F10910F901098EE
:10F1600006900598806B0599C96B884204D3FFE728
:10F170000898022833D1FFE7059890F845008DF8EC
:10F1800013000598806B039005980A99089AFDF77B
:10F19000D3FF9DF913000130B8B9FFE70598406A25
:10F1A00088B1FFE70598243000F0EEFD48B1FFE795
:10F1B000099820B1FFE709990120086000E0FFE706
:10F1C00000E0FFE700E0FFE706E09DF813000130F4
:10F1D000059981F84500FFE70120079002E0002033
:10F1E0000790FFE706981190119880F3118807980F
:10F1F00012B080BD0000000080B58EB0079006916F
:10F2000007980390039858B9FFE74FF0500080F338
:10F210001188BFF36F8FBFF34F8F0A90FFE7FEE7B0
:10F220000398006C58B1FFE74FF0500080F311884D
:10F23000BFF36F8FBFF34F8F0990FFE7FEE703988F
:10F2400001680020009039B9FFE703988068002822
:10F2500018BF01200090FFE70098C00758B1FFE7F2
:10F260004FF0500080F31188BFF36F8FBFF34F8FC3
:10F270000890FFE7FEE7FFF763F8EFF311814FF027
:10F28000500080F31188BFF36F8FBFF34F8F0C9145
:10F290000B900C9804900398806B0290029803994D
:10F2A000C96B88422FD2FFE7039890F845008DF88C
:10F2B000070002980130039988639DF90700013027
:10F2C000B8B9FFE70398406A88B1FFE70398243094
:10F2D00000F05AFD48B1FFE7069820B1FFE7069914
:10F2E0000120086000E0FFE700E0FFE700E0FFE743
:10F2F00006E09DF807000130039981F84500FFE71B
:10F300000120059002E000200590FFE704980D9091
:10F310000D9880F3118805980EB080BD00000000A4
:10F3200080B58EB009900891079200200690099848
:10F330000390039858B9FFE74FF0500080F311880D
:10F34000BFF36F8FBFF34F8F0D90FFE7FEE7089974
:10F350000020019039B9FFE70398006C002818BF1E
:10F3600001200190FFE70198C00758B1FFE74FF077
:10F37000500080F31188BFF36F8FBFF34F8F0C9055
:10F38000FFE7FEE700F0F4FA01460020009031B9F3
:10F39000FFE70798002818BF01200090FFE70098BA
:10F3A000C00758B1FFE74FF0500080F31188BFF35A
:10F3B0006F8FBFF34F8F0B90FFE7FEE7FFE7FEF77E
:10F3C000DFFE0398806B0290029830B3FFE703984A
:10F3D0000899FDF78DFE0298013803998863039818
:10F3E0000069A0B1FFE70398103000F0CDFC60B1D8
:10F3F000FFE74EF60451CEF200014FF08050086056
:10F40000BFF34F8FBFF36F8F00E0FFE700E0FFE730
:10F41000FEF7E2FE01200A906DE0079828B9FFE7A9
:10F42000FEF7DAFE00200A9065E0069830B9FFE7A3
:10F4300004A8FFF739F90120069000E0FFE7FFE795
:10F44000FFE7FEF7C9FEFFF7A7FAFEF799FE03985C
:10F4500090F94400013028B9FFE70399002081F8B2
:10F460004400FFE7039890F94500013028B9FFE711
:10F470000399002081F84500FFE7FEF7ADFE04A8E0
:10F4800007A900F055F930BBFFE70398FEF75CF9D8
:10F49000D0B1FFE7039824300799FFF721F90398CB
:10F4A000FEF7E2FB00F0D8FC60B9FFE74EF604512E
:10F4B000CEF200014FF080500860BFF34F8FBFF3D2
:10F4C0006F8F00E0FFE705E00398FEF7CDFB00F04B
:10F4D000C3FCFFE70EE00398FEF7C6FB00F0BCFCA0
:10F4E0000398FEF731F918B1FFE700200A9002E017
:10F4F000FFE7FFE763E70A980EB080BD0000000059
:10F5000080B590B00A900991002008900A99059161
:10F510000490059858B9FFE74FF0500080F3118828
:10F52000BFF36F8FBFF34F8F0F90FFE7FEE7059894
:10F53000006C58B1FFE74FF0500080F31188BFF323
:10F540006F8FBFF34F8F0E90FFE7FEE700F010FACA
:10F5500001460020019031B9FFE70998002818BF43
:10F5600001200190FFE70198C00758B1FFE74FF075
:10F57000500080F31188BFF36F8FBFF34F8F0D9052
:10F58000FFE7FEE7FFE7FEF7FBFD0598806B0390C2
:10F59000039860B3FFE703980138059988630598DD
:10F5A000006828B9FFE7FEF7AFFC0599886000E026
:10F5B000FFE705980069A0B1FFE70598103000F05B
:10F5C000E3FB60B1FFE74EF60451CEF200014FF0CD
:10F5D00080500860BFF34F8FBFF36F8F00E0FFE7ED
:10F5E00000E0FFE7FEF7F8FD01200B909BE0099893
:10F5F00098B9FFE7049858B1FFE74FF0500080F347
:10F600001188BFF36F8FBFF34F8F0C90FFE7FEE7BA
:10F61000FEF7E2FD00200B9085E0089830B9FFE787
:10F6200006A8FFF741F80120089000E0FFE7FFE798
:10F63000FFE7FEF7D1FDFFF7AFF9FEF7A1FD059853
:10F6400090F94400013028B9FFE70599002081F8BE
:10F650004400FFE7059890F94500013028B9FFE71D
:10F660000599002081F84500FFE7FEF7B5FD06A8E3
:10F6700009A900F05DF8A8BBFFE70598FEF764F85C
:10F6800048B3FFE70598006850B9FFE7FEF778FD3B
:10F690000598806800F0F0FA0490FEF79DFD00E008
:10F6A000FFE7059824300999FFF71AF80598FEF747
:10F6B000DBFA00F0D1FB60B9FFE74EF60451CEF261
:10F6C00000014FF080500860BFF34F8FBFF36F8F82
:10F6D00000E0FFE705E00598FEF7C6FA00F0BCFB86
:10F6E000FFE71FE00598FEF7BFFA00F0B5FB0598AD
:10F6F000FEF72AF8A0B1FFE7049870B1FFE7FEF724
:10F700003FFD0598FDF7B0FD0290059880680299CD
:10F71000FFF736F8FEF760FDFFE700200B9002E0F0
:10F72000FFE7FFE72FE70B9810B080BD0000000057
:10F7300080B588B005900491059858B9FFE74FF05F
:10F74000500080F31188BFF36F8FBFF34F8F079086
:10F75000FFE7FEE7049858B9FFE74FF0500080F349
:10F760001188BFF36F8FBFF34F8F0690FFE7FEE75F
:10F77000FEF706FD44F6F070C2F200400068029009
:10F78000029805994968401A019004980068013070
:10F7900018B9FFE7002003902BE044F65870C2F23E
:10F7A0000040006805990968884209D0FFE702987F
:10F7B00005994968884203D3FFE70120039017E0C9
:10F7C00001980499096888420BD2FFE7019A0499CD
:10F7D0000868801A08600598FEF766FF002003900D
:10F7E00005E004990020086001200390FFE7FFE78F
:10F7F000FFE7FEF7F1FC039808B080BD00000000B1
:10F8000070B58CB0DDF844C0DDF840C00B900A91B3
:10F81000ADF826200893BDF826008000FEF77CFA9C
:10F820000590059880B1FFE75C20FEF775FA079018
:10F83000079820B1FFE705980799086303E005984A
:10F84000FEF7F2FCFFE702E000200790FFE70798D1
:10F85000F0B1FFE70798002680F859600B980A99E5
:10F86000BDF82620089BDDF840C0119C079DEE46A0
:10F87000CEF80C60CEF80850CEF80440CEF800C0A8
:10F88000FDF7DEFD0798FDF71BFB0120069003E066
:10F890004FF0FF300690FFE706980CB070BD0000F7
:10F8A000B0B58EB0DDF850C0DDF84CC0DDF848C012
:10F8B0000A90099108920793139858B9FFE74FF0FF
:10F8C000500080F31188BFF36F8FBFF34F8F0D90FF
:10F8D000FFE7FEE7149858B9FFE74FF0500080F3B8
:10F8E0001188BFF36F8FBFF34F8F0C90FFE7FEE7D8
:10F8F0005C20049004985C280BD0FFE74FF0500088
:10F9000080F31188BFF36F8FBFF34F8F0B90FFE72A
:10F91000FEE70498149820B3FFE7139808B3FFE7B5
:10F92000149806901398069908630699022081F8A6
:10F9300059000A980999089A079BDDF848C0069C67
:10F94000EE460025CEF80C50CEF8084005ACCEF8B7
:10F950000440CEF800C0FDF773FD0698FDF7B0FA3D
:10F9600002E000200590FFE705980EB0B0BD000052
:10F9700081B044F6BC70C2F20040006818B9FFE7DD
:10F98000012000900DE044F63000C2F20040006813
:10F9900018B9FFE70220009002E000200090FFE786
:10F9A000FFE7009801B0704781B044F6F070C2F2F2
:10F9B000004000680090009801B07047000000000F
:10F9C00080B586B00020029044F63000C2F20040BC
:10F9D0000068002840F0CB80FFE744F6F071C2F2E7
:10F9E000004108680130019001980860019858BBF7
:10F9F000FFE740F2A470C2F200400068006858B10E
:10FA0000FFE74FF0500080F31188BFF36F8FBFF313
:10FA10004F8F0590FFE7FEE740F2A472C2F200426A
:10FA20001068009040F2AC71C2F2004108681060AA
:10FA30000098086044F65871C2F20041086801302D
:10FA40000860FEF725F800E0FFE7019844F65471DE
:10FA5000C2F200410968884268D3FFE7FFE740F23D
:10FA6000A470C2F200400068006840B9FFE744F6A5
:10FA70005471C2F200414FF0FF30086055E040F28F
:10FA8000A470C2F200400068C068C0680490049886
:10FA90004068039001980399884207D2FFE70398D2
:10FAA00044F65471C2F2004108603EE0FFE704985A
:10FAB0000430FEF78DFA0498806A28B1FFE70498B5
:10FAC0001830FEF785FA00E0FFE70498C06A44F6B4
:10FAD0003801C2F200410968884208D9FFE704985A
:10FAE000C06A44F63801C2F200410860FFE7049999
:10FAF000C86A00EB800240F2B470C2F2004000EB32
:10FB000082000431FEF710FB0498C06A40F29C7139
:10FB1000C2F200410968C96A884203D3FFE70120A5
:10FB2000029000E0FFE7FFE799E7FFE740F29C70F3
:10FB3000C2F200400068C06A00EB800140F2B4707D
:10FB4000C2F2004050F82100022803D3FFE7012051
:10FB5000029000E0FFE744F6FC70C2F2004000684B
:10FB600018B1FFE70120029000E0FFE707E044F64C
:10FB70006471C2F20041086801300860FFE7029832
:10FB800006B080BD0000000080B586B003900398E9
:10FB90000290002001900398002867D0FFE70298A8
:10FBA00040F29C71C2F20041096888420BD0FFE725
:10FBB0004FF0500080F31188BFF36F8FBFF34F8F6A
:10FBC0000590FFE7FEE70298006D58B9FFE74FF098
:10FBD000500080F31188BFF36F8FBFF34F8F0490F5
:10FBE000FFE7FEE70299086D013808650299C86AC7
:10FBF000C96C884238D0FFE70298006D90BBFFE7E0
:10FC000002980430FEF7E4F908B9FFE700E0FFE7E7
:10FC10000299C86CC8620299C86AC0F1380088614C
:10FC20000298C06A44F63801C2F20041096888426D
:10FC300008D9FFE70298C06A44F63801C2F20041D1
:10FC40000860FFE70299C86A00EB800240F2B470D6
:10FC5000C2F2004000EB82000431FEF765FA012099
:10FC6000019000E0FFE700E0FFE700E0FFE7019818
:10FC700006B080BD0000000080B584B003900398FA
:10FC80000290002001900398002878D0FFE70298A6
:10FC9000C06A40F29C71C2F200410968C96A884298
:10FCA0005CD2FFE70298C07E000600280BD4FFE775
:10FCB00040F29C70C2F200400068C06AC0F1380097
:10FCC0000299886100E0FFE702994869C96A01EB7F
:10FCD000810240F2B471C2F2004101EB820188421C
:10FCE00030D1FFE702980430FEF772F908B9FFE758
:10FCF00000E0FFE740F29C70C2F200400068C06A7A
:10FD00000299C8620298C06A44F63801C2F2004102
:10FD10000968884208D9FFE70298C06A44F63801AA
:10FD2000C2F200410860FFE70299C86A00EB800256
:10FD300040F2B470C2F2004000EB82000431FEF7E2
:10FD4000F3F908E040F29C70C2F200400068C06A1B
:10FD50000299C862FFE7012001900FE00298C06C91
:10FD600040F29C71C2F200410968C96A884203D21C
:10FD7000FFE70120019000E0FFE7FFE700E0FFE779
:10FD8000019804B080BD000080B584B00290029854
:10FD9000C068C0680190019858B9FFE74FF0500063
:10FDA00080F31188BFF36F8FBFF34F8F0390FFE78E
:10FDB000FEE701981830FEF70BF944F63000C2F266
:10FDC0000040006820BBFFE701980430FEF700F90F
:10FDD0000198C06A44F63801C2F2004109688842BD
:10FDE00008D9FFE70198C06A44F63801C2F2004121
:10FDF0000860FFE70199C86A00EB800240F2B47026
:10FE0000C2F2004000EB82000431FEF78DF909E0F8
:10FE1000019800F1180144F66870C2F20040FEF744
:10FE200083F9FFE70198C06A40F29C71C2F2004179
:10FE30000968C96A884208D9FFE70120009044F6A2
:10FE4000FC71C2F20041086002E000200090FFE770
:10FE5000009804B080BD000080B584B000200290FE
:10FE6000019044F63000C2F20040006858B9FFE744
:10FE70004FF0500080F31188BFF36F8FBFF34F8FA7
:10FE80000390FFE7FEE7FEF77BF944F63000C2F28D
:10FE900000400168013901600068002840F0998045
:10FEA000FFE744F62800C2F200400068002800F096
:10FEB0008F80FFE7FFE744F66870C2F200400068F9
:10FEC000002842D0FFE744F66870C2F20040C068E4
:10FED000C068029002981830FEF77AF80298043051
:10FEE000FEF776F80298C06A44F63801C2F2004183
:10FEF0000968884208D9FFE70298C06A44F63801C9
:10FF0000C2F200410860FFE70299C86A00EB800274
:10FF100040F2B470C2F2004000EB82000431FEF700
:10FF200003F90298C06A40F29C71C2F2004109686C
:10FF3000C96A884207D3FFE744F6FC71C2F2004168
:10FF40000120086000E0FFE7B5E7029818B1FFE77D
:10FF5000FDF79EFDFFE744F66470C2F200400068C2
:10FF600000900098E0B1FFE7FFE7FFF729FD38B107
:10FF7000FFE744F6FC71C2F200410120086000E096
:10FF8000FFE7009801380090FFE700980028ECD1C7
:10FF9000FFE744F66471C2F200410020086000E00F
:10FFA000FFE744F6FC70C2F20040006870B1FFE762
:10FFB000012001904EF60451CEF200014FF0805026
:10FFC0000860BFF34F8FBFF36F8F00E0FFE7FFE7DD
:10FFD00000E0FFE7FEF700F9019804B080BD0000E3
:10FFE00080B58AB000200890FCF7FEFF44F6F4705C
:10FFF000C2F20040006858B3FFE700200490079069
:020000040801F1
:10000000069007A806A905AAFEF71EF8049B059A04
:100010000698DDF81CC06946C1F808C04860022097
:1000200008604DF64940C0F6000040F26231C0F66B
:100030000101FFF735FC014644F6F870C2F20040BA
:100040000160006818B1FFE701200890FFE700E0B9
:10005000FFE7089858B9FFE74FF0500080F3118888
:10006000BFF36F8FBFF34F8F0990FFE7FEE708984C
:100070000AB080BD0000000080B58AB0DDF830C055
:10008000089007910692059300200490089858B9AB
:10009000FFE74FF0500080F31188BFF36F8FBFF37D
:1000A0004F8F0990FFE7FEE744F6F470C2F200407C
:1000B0000068A8B3FFE70798009006980190089899
:1000C0000290079805281EDCFFE7FFF751FC022885
:1000D0000CD1FFE744F6F470C2F2004000680C9ABD
:1000E00069460023FEF7C8FE04900BE044F6F47066
:1000F000C2F200400068694600231A46FEF7BCFEC3
:100100000490FFE70BE044F6F470C2F20040006890
:10011000059A69460023FEF7C7FF0490FFE700E059
:10012000FFE704980AB080BD4FF07E5209E011F05D
:10013000004204D54042C1F1000138BF491E42F0DF
:100140007E5202F170620B0012BF20235FEA0001B1
:100150007047B1FA81FC01FA0CF1A3EB0C0320FA11
:1001600003FC41EA0C0102EBC352C3F1200310FA75
:1001700003FC5CEA416C42EB112018BF5FF0806C1D
:1001800028BF20F001007047F1EE100A4FF6FF7112
:10019000C0F2C03120EA010040F04070E1EE100AE8
:1001A0007047000000000000000000000000000098
:1001B000000000000000000001000000020000003C
:1001C0000300000004000000000000000500000023
:1001D0000000000000000000000000000600000019
:1001E0000000000000000000000000000700000008
:1001F00000000000010203040102030406070809CD
:100200000001020304050607080C101418203040F2
:100210000006101600061016080402040801010169
:1002200001010103070100000100020004000600B3
:1002300008000A000C0010002000400080000001AF
:10024000000000000000000049B5000841B50008AA
:10025000A9B40008C9B40008B9B40008D9B40008AA
:10026000E9B40008F1C60008C9C60008F9C60008CC
:10027000D9C6000845C9000845C90008D1C600080C
:10028000E1C60008000000000000000071B700088F
:1002900051B7000839BF0008B9B5000800000000D8
:1002A0000000000021BF000801BF000809BC0008D1
:1002B000C9B40008B9B40008D9B4000889BD000861
:1002C000F1C60008C9C60008F9C60008D9C600086A
:1002D00019B90008F1BC000801C70008E1C6000810
:1002E000000000000000000021C0000801C000085C
:1002F00039BF000851BF00080000000000000000E6
:1003000001C30008E1C2000899C2000851BF0008FB
:10031000000000000000000081C3000861C3000865
:1003200019C3000851BF00084C0301080000000079
:1003300000000000000000000000000000020000BB
:100340001800000000000000000000006465666105
:10035000756C745461736B0049444C4500546D7264
:100360005100546D72205376630043414E5F5363D6
:100370006865640043414E5F52780048656C6C6F5D
:10038000205541525431206F6E205042362F50423A
:10039000370D0A00444D5F4D6F746F7244656D6F89
:1003A000005F5F6378615F67756172645F6163714D
:1003B000756972652064657465637465642072652F
:1003C0006375727369766520696E697469616C69B9
:1003D0007A6174696F6E3A20646F20796F75206856
:1003E00061766520612066756E6374696F6E2D6C31
:1003F0006F63616C207374617469632076617269E4
:1004000061626C652077686F736520696E697469D5
:10041000616C697A6174696F6E20646570656E6481
:1004200073206F6E20746861742066756E637469E2
:100430006F6E3F00600401080000002420000000EF
:10044000300300088004010820000024E05500006B
:1004500050030008D5AEFFFFC9AEFFFF000000004B
:1004600000000000000000000090D0030090D003C6
:100470000100000010000000AAAAAAAA00000000C3
:04000005080002CD20
:00000001FF
